2025-07-17 19:28:29,291 [Worker-5: Loading available Gradle versions] INFO  o.e.b.c.i.u.g.PublishedGradleVersions - Gradle version information cache is out-of-date. Trying to update.
2025-07-17 19:40:37,923 [Worker-6: Loading available Gradle versions] INFO  o.e.b.c.i.u.g.PublishedGradleVersions - Gradle version information cache is up-to-date. Trying to read.
2025-07-17 19:52:47,683 [Worker-39: Updating Maven Dependencies] INFO  o.e.m.c.i.e.AbstractTransferListenerAdapter - Downloading https://repo.maven.apache.org/maven2/org/glassfish/jersey/jersey-bom/4.0.0-M2/jersey-bom-4.0.0-M2.pom
2025-07-17 19:52:47,768 [Worker-39: Updating Maven Dependencies] INFO  o.e.m.c.i.e.AbstractTransferListenerAdapter - Downloaded https://repo.maven.apache.org/maven2/org/glassfish/jersey/jersey-bom/4.0.0-M2/jersey-bom-4.0.0-M2.pom
2025-07-17 19:52:47,851 [Worker-39: Updating Maven Dependencies] INFO  o.e.m.c.i.e.AbstractTransferListenerAdapter - Downloading https://repo.maven.apache.org/maven2/org/eclipse/ee4j/project/1.0.9/project-1.0.9.pom
2025-07-17 19:52:47,926 [Worker-39: Updating Maven Dependencies] INFO  o.e.m.c.i.e.AbstractTransferListenerAdapter - Downloaded https://repo.maven.apache.org/maven2/org/eclipse/ee4j/project/1.0.9/project-1.0.9.pom
2025-07-17 19:52:53,124 [Worker-39: Updating Maven Dependencies] INFO  o.e.m.c.i.e.AbstractTransferListenerAdapter - Downloading https://repo.maven.apache.org/maven2/org/apache/maven/plugins/maven-clean-plugin/3.2.0/maven-clean-plugin-3.2.0.jar
2025-07-17 19:52:53,672 [Worker-39: Updating Maven Dependencies] INFO  o.e.m.c.i.e.AbstractTransferListenerAdapter - Downloaded https://repo.maven.apache.org/maven2/org/apache/maven/plugins/maven-clean-plugin/3.2.0/maven-clean-plugin-3.2.0.jar
2025-07-17 19:52:54,074 [Worker-36: Building] INFO  o.e.m.c.i.e.AbstractTransferListenerAdapter - Downloading https://repo.maven.apache.org/maven2/org/apache/maven/plugins/maven-resources-plugin/3.3.1/maven-resources-plugin-3.3.1.jar
2025-07-17 19:52:54,475 [Worker-36: Building] INFO  o.e.m.c.i.e.AbstractTransferListenerAdapter - Downloaded https://repo.maven.apache.org/maven2/org/apache/maven/plugins/maven-resources-plugin/3.3.1/maven-resources-plugin-3.3.1.jar
2025-07-17 19:52:54,673 [Worker-36: Building] INFO  o.e.m.c.i.e.AbstractTransferListenerAdapter - Downloading https://repo.maven.apache.org/maven2/org/apache/maven/plugins/maven-compiler-plugin/3.13.0/maven-compiler-plugin-3.13.0.jar
2025-07-17 19:52:54,809 [Worker-36: Building] INFO  o.e.m.c.i.e.AbstractTransferListenerAdapter - Downloaded https://repo.maven.apache.org/maven2/org/apache/maven/plugins/maven-compiler-plugin/3.13.0/maven-compiler-plugin-3.13.0.jar
2025-07-17 19:52:54,872 [Worker-39: Updating Maven Dependencies] INFO  o.e.m.c.i.e.AbstractTransferListenerAdapter - Downloading https://repo.maven.apache.org/maven2/org/apache/maven/plugins/maven-surefire-plugin/3.2.5/maven-surefire-plugin-3.2.5.jar
2025-07-17 19:52:55,125 [Worker-39: Updating Maven Dependencies] INFO  o.e.m.c.i.e.AbstractTransferListenerAdapter - Downloaded https://repo.maven.apache.org/maven2/org/apache/maven/plugins/maven-surefire-plugin/3.2.5/maven-surefire-plugin-3.2.5.jar
2025-07-17 19:52:55,305 [Worker-39: Updating Maven Dependencies] INFO  o.e.m.c.i.e.AbstractTransferListenerAdapter - Downloading https://repo.maven.apache.org/maven2/org/apache/maven/plugins/maven-war-plugin/3.4.0/maven-war-plugin-3.4.0.jar
2025-07-17 19:52:55,477 [Worker-39: Updating Maven Dependencies] INFO  o.e.m.c.i.e.AbstractTransferListenerAdapter - Downloaded https://repo.maven.apache.org/maven2/org/apache/maven/plugins/maven-war-plugin/3.4.0/maven-war-plugin-3.4.0.jar
2025-07-17 19:52:55,546 [Worker-39: Updating Maven Dependencies] INFO  o.e.m.c.i.e.AbstractTransferListenerAdapter - Downloading https://repo.maven.apache.org/maven2/org/apache/maven/plugins/maven-install-plugin/3.1.2/maven-install-plugin-3.1.2.jar
2025-07-17 19:52:55,901 [Worker-39: Updating Maven Dependencies] INFO  o.e.m.c.i.e.AbstractTransferListenerAdapter - Downloaded https://repo.maven.apache.org/maven2/org/apache/maven/plugins/maven-install-plugin/3.1.2/maven-install-plugin-3.1.2.jar
2025-07-17 19:52:56,103 [Worker-36: Building] INFO  o.e.m.c.i.e.AbstractTransferListenerAdapter - Downloading https://repo.maven.apache.org/maven2/org/apache/maven/plugins/maven-deploy-plugin/3.1.2/maven-deploy-plugin-3.1.2.jar
2025-07-17 19:52:56,434 [Worker-36: Building] INFO  o.e.m.c.i.e.AbstractTransferListenerAdapter - Downloaded https://repo.maven.apache.org/maven2/org/apache/maven/plugins/maven-deploy-plugin/3.1.2/maven-deploy-plugin-3.1.2.jar
2025-07-17 19:52:56,663 [Worker-39: Updating Maven Dependencies] INFO  o.e.m.c.i.e.AbstractTransferListenerAdapter - Downloading https://repo.maven.apache.org/maven2/org/apache/maven/plugins/maven-site-plugin/3.12.1/maven-site-plugin-3.12.1.jar
2025-07-17 19:52:56,724 [Worker-39: Updating Maven Dependencies] INFO  o.e.m.c.i.e.AbstractTransferListenerAdapter - Downloaded https://repo.maven.apache.org/maven2/org/apache/maven/plugins/maven-site-plugin/3.12.1/maven-site-plugin-3.12.1.jar
2025-07-17 19:52:56,848 [Worker-39: Updating Maven Dependencies] INFO  o.e.m.c.i.e.AbstractTransferListenerAdapter - Downloading https://repo.maven.apache.org/maven2/org/apache/maven/plugins/maven-compiler-plugin/3.13.0/maven-compiler-plugin-3.13.0.pom
2025-07-17 19:52:56,877 [Worker-39: Updating Maven Dependencies] INFO  o.e.m.c.i.e.AbstractTransferListenerAdapter - Downloaded https://repo.maven.apache.org/maven2/org/apache/maven/plugins/maven-compiler-plugin/3.13.0/maven-compiler-plugin-3.13.0.pom
2025-07-17 19:52:56,977 [Worker-39: Updating Maven Dependencies] INFO  o.e.m.c.i.e.AbstractTransferListenerAdapter - Downloading https://repo.maven.apache.org/maven2/org/apache/maven/plugins/maven-plugins/41/maven-plugins-41.pom
2025-07-17 19:52:57,009 [Worker-39: Updating Maven Dependencies] INFO  o.e.m.c.i.e.AbstractTransferListenerAdapter - Downloaded https://repo.maven.apache.org/maven2/org/apache/maven/plugins/maven-plugins/41/maven-plugins-41.pom
2025-07-17 19:52:57,096 [Worker-39: Updating Maven Dependencies] INFO  o.e.m.c.i.e.AbstractTransferListenerAdapter - Downloading https://repo.maven.apache.org/maven2/org/apache/maven/maven-parent/41/maven-parent-41.pom
2025-07-17 19:52:57,145 [Worker-39: Updating Maven Dependencies] INFO  o.e.m.c.i.e.AbstractTransferListenerAdapter - Downloaded https://repo.maven.apache.org/maven2/org/apache/maven/maven-parent/41/maven-parent-41.pom
2025-07-17 19:52:57,271 [Worker-39: Updating Maven Dependencies] INFO  o.e.m.c.i.e.AbstractTransferListenerAdapter - Downloading https://repo.maven.apache.org/maven2/org/apache/apache/31/apache-31.pom
2025-07-17 19:52:57,328 [Worker-39: Updating Maven Dependencies] INFO  o.e.m.c.i.e.AbstractTransferListenerAdapter - Downloaded https://repo.maven.apache.org/maven2/org/apache/apache/31/apache-31.pom
2025-07-17 19:52:57,487 [Worker-39: Updating Maven Dependencies] INFO  o.e.m.c.i.e.AbstractTransferListenerAdapter - Downloading https://repo.maven.apache.org/maven2/org/apache/maven/shared/maven-shared-utils/3.4.2/maven-shared-utils-3.4.2.pom
2025-07-17 19:52:57,533 [Worker-39: Updating Maven Dependencies] INFO  o.e.m.c.i.e.AbstractTransferListenerAdapter - Downloaded https://repo.maven.apache.org/maven2/org/apache/maven/shared/maven-shared-utils/3.4.2/maven-shared-utils-3.4.2.pom
2025-07-17 19:52:57,614 [Worker-39: Updating Maven Dependencies] INFO  o.e.m.c.i.e.AbstractTransferListenerAdapter - Downloading https://repo.maven.apache.org/maven2/org/apache/maven/shared/maven-shared-components/39/maven-shared-components-39.pom
2025-07-17 19:52:57,662 [Worker-39: Updating Maven Dependencies] INFO  o.e.m.c.i.e.AbstractTransferListenerAdapter - Downloaded https://repo.maven.apache.org/maven2/org/apache/maven/shared/maven-shared-components/39/maven-shared-components-39.pom
2025-07-17 19:52:57,742 [Worker-39: Updating Maven Dependencies] INFO  o.e.m.c.i.e.AbstractTransferListenerAdapter - Downloading https://repo.maven.apache.org/maven2/org/apache/maven/maven-parent/39/maven-parent-39.pom
2025-07-17 19:52:57,792 [Worker-39: Updating Maven Dependencies] INFO  o.e.m.c.i.e.AbstractTransferListenerAdapter - Downloaded https://repo.maven.apache.org/maven2/org/apache/maven/maven-parent/39/maven-parent-39.pom
2025-07-17 19:52:57,900 [Worker-39: Updating Maven Dependencies] INFO  o.e.m.c.i.e.AbstractTransferListenerAdapter - Downloading https://repo.maven.apache.org/maven2/org/apache/apache/29/apache-29.pom
2025-07-17 19:52:57,928 [Worker-39: Updating Maven Dependencies] INFO  o.e.m.c.i.e.AbstractTransferListenerAdapter - Downloaded https://repo.maven.apache.org/maven2/org/apache/apache/29/apache-29.pom
2025-07-17 19:52:58,063 [Worker-39: Updating Maven Dependencies] INFO  o.e.m.c.i.e.AbstractTransferListenerAdapter - Downloading https://repo.maven.apache.org/maven2/org/slf4j/slf4j-api/1.7.36/slf4j-api-1.7.36.pom
2025-07-17 19:52:58,108 [Worker-39: Updating Maven Dependencies] INFO  o.e.m.c.i.e.AbstractTransferListenerAdapter - Downloaded https://repo.maven.apache.org/maven2/org/slf4j/slf4j-api/1.7.36/slf4j-api-1.7.36.pom
2025-07-17 19:52:58,183 [Worker-39: Updating Maven Dependencies] INFO  o.e.m.c.i.e.AbstractTransferListenerAdapter - Downloading https://repo.maven.apache.org/maven2/org/slf4j/slf4j-parent/1.7.36/slf4j-parent-1.7.36.pom
2025-07-17 19:52:58,221 [Worker-39: Updating Maven Dependencies] INFO  o.e.m.c.i.e.AbstractTransferListenerAdapter - Downloaded https://repo.maven.apache.org/maven2/org/slf4j/slf4j-parent/1.7.36/slf4j-parent-1.7.36.pom
2025-07-17 19:52:58,304 [Worker-39: Updating Maven Dependencies] INFO  o.e.m.c.i.e.AbstractTransferListenerAdapter - Downloading https://repo.maven.apache.org/maven2/commons-io/commons-io/2.11.0/commons-io-2.11.0.pom
2025-07-17 19:52:58,338 [Worker-39: Updating Maven Dependencies] INFO  o.e.m.c.i.e.AbstractTransferListenerAdapter - Downloaded https://repo.maven.apache.org/maven2/commons-io/commons-io/2.11.0/commons-io-2.11.0.pom
2025-07-17 19:52:58,461 [Worker-39: Updating Maven Dependencies] INFO  o.e.m.c.i.e.AbstractTransferListenerAdapter - Downloading https://repo.maven.apache.org/maven2/org/apache/commons/commons-parent/52/commons-parent-52.pom
2025-07-17 19:52:58,519 [Worker-39: Updating Maven Dependencies] INFO  o.e.m.c.i.e.AbstractTransferListenerAdapter - Downloaded https://repo.maven.apache.org/maven2/org/apache/commons/commons-parent/52/commons-parent-52.pom
2025-07-17 19:52:58,613 [Worker-39: Updating Maven Dependencies] INFO  o.e.m.c.i.e.AbstractTransferListenerAdapter - Downloading https://repo.maven.apache.org/maven2/org/apache/apache/23/apache-23.pom
2025-07-17 19:52:58,668 [Worker-39: Updating Maven Dependencies] INFO  o.e.m.c.i.e.AbstractTransferListenerAdapter - Downloaded https://repo.maven.apache.org/maven2/org/apache/apache/23/apache-23.pom
2025-07-17 19:52:58,783 [Worker-39: Updating Maven Dependencies] INFO  o.e.m.c.i.e.AbstractTransferListenerAdapter - Downloading https://repo.maven.apache.org/maven2/org/junit/junit-bom/5.7.2/junit-bom-5.7.2.pom
2025-07-17 19:52:58,829 [Worker-39: Updating Maven Dependencies] INFO  o.e.m.c.i.e.AbstractTransferListenerAdapter - Downloaded https://repo.maven.apache.org/maven2/org/junit/junit-bom/5.7.2/junit-bom-5.7.2.pom
2025-07-17 19:52:58,925 [Worker-39: Updating Maven Dependencies] INFO  o.e.m.c.i.e.AbstractTransferListenerAdapter - Downloading https://repo.maven.apache.org/maven2/org/apache/maven/shared/maven-shared-incremental/1.1/maven-shared-incremental-1.1.pom
2025-07-17 19:52:58,977 [Worker-39: Updating Maven Dependencies] INFO  o.e.m.c.i.e.AbstractTransferListenerAdapter - Downloaded https://repo.maven.apache.org/maven2/org/apache/maven/shared/maven-shared-incremental/1.1/maven-shared-incremental-1.1.pom
2025-07-17 19:52:59,070 [Worker-39: Updating Maven Dependencies] INFO  o.e.m.c.i.e.AbstractTransferListenerAdapter - Downloading https://repo.maven.apache.org/maven2/org/apache/maven/shared/maven-shared-components/19/maven-shared-components-19.pom
2025-07-17 19:52:59,126 [Worker-39: Updating Maven Dependencies] INFO  o.e.m.c.i.e.AbstractTransferListenerAdapter - Downloaded https://repo.maven.apache.org/maven2/org/apache/maven/shared/maven-shared-components/19/maven-shared-components-19.pom
2025-07-17 19:52:59,229 [Worker-39: Updating Maven Dependencies] INFO  o.e.m.c.i.e.AbstractTransferListenerAdapter - Downloading https://repo.maven.apache.org/maven2/org/apache/maven/maven-parent/23/maven-parent-23.pom
2025-07-17 19:52:59,287 [Worker-39: Updating Maven Dependencies] INFO  o.e.m.c.i.e.AbstractTransferListenerAdapter - Downloaded https://repo.maven.apache.org/maven2/org/apache/maven/maven-parent/23/maven-parent-23.pom
2025-07-17 19:52:59,393 [Worker-39: Updating Maven Dependencies] INFO  o.e.m.c.i.e.AbstractTransferListenerAdapter - Downloading https://repo.maven.apache.org/maven2/org/apache/apache/13/apache-13.pom
2025-07-17 19:52:59,435 [Worker-39: Updating Maven Dependencies] INFO  o.e.m.c.i.e.AbstractTransferListenerAdapter - Downloaded https://repo.maven.apache.org/maven2/org/apache/apache/13/apache-13.pom
2025-07-17 19:52:59,544 [Worker-39: Updating Maven Dependencies] INFO  o.e.m.c.i.e.AbstractTransferListenerAdapter - Downloading https://repo.maven.apache.org/maven2/org/codehaus/plexus/plexus-java/1.2.0/plexus-java-1.2.0.pom
2025-07-17 19:52:59,583 [Worker-39: Updating Maven Dependencies] INFO  o.e.m.c.i.e.AbstractTransferListenerAdapter - Downloaded https://repo.maven.apache.org/maven2/org/codehaus/plexus/plexus-java/1.2.0/plexus-java-1.2.0.pom
2025-07-17 19:52:59,677 [Worker-39: Updating Maven Dependencies] INFO  o.e.m.c.i.e.AbstractTransferListenerAdapter - Downloading https://repo.maven.apache.org/maven2/org/codehaus/plexus/plexus-languages/1.2.0/plexus-languages-1.2.0.pom
2025-07-17 19:52:59,719 [Worker-39: Updating Maven Dependencies] INFO  o.e.m.c.i.e.AbstractTransferListenerAdapter - Downloaded https://repo.maven.apache.org/maven2/org/codehaus/plexus/plexus-languages/1.2.0/plexus-languages-1.2.0.pom
2025-07-17 19:52:59,797 [Worker-39: Updating Maven Dependencies] INFO  o.e.m.c.i.e.AbstractTransferListenerAdapter - Downloading https://repo.maven.apache.org/maven2/org/codehaus/plexus/plexus/15/plexus-15.pom
2025-07-17 19:52:59,841 [Worker-39: Updating Maven Dependencies] INFO  o.e.m.c.i.e.AbstractTransferListenerAdapter - Downloaded https://repo.maven.apache.org/maven2/org/codehaus/plexus/plexus/15/plexus-15.pom
2025-07-17 19:52:59,940 [Worker-39: Updating Maven Dependencies] INFO  o.e.m.c.i.e.AbstractTransferListenerAdapter - Downloading https://repo.maven.apache.org/maven2/org/junit/junit-bom/5.10.0/junit-bom-5.10.0.pom
2025-07-17 19:52:59,984 [Worker-39: Updating Maven Dependencies] INFO  o.e.m.c.i.e.AbstractTransferListenerAdapter - Downloaded https://repo.maven.apache.org/maven2/org/junit/junit-bom/5.10.0/junit-bom-5.10.0.pom
2025-07-17 19:53:00,089 [Worker-39: Updating Maven Dependencies] INFO  o.e.m.c.i.e.AbstractTransferListenerAdapter - Downloading https://repo.maven.apache.org/maven2/org/ow2/asm/asm/9.6/asm-9.6.pom
2025-07-17 19:53:00,120 [Worker-39: Updating Maven Dependencies] INFO  o.e.m.c.i.e.AbstractTransferListenerAdapter - Downloaded https://repo.maven.apache.org/maven2/org/ow2/asm/asm/9.6/asm-9.6.pom
2025-07-17 19:53:00,252 [Worker-39: Updating Maven Dependencies] INFO  o.e.m.c.i.e.AbstractTransferListenerAdapter - Downloading https://repo.maven.apache.org/maven2/org/ow2/ow2/1.5.1/ow2-1.5.1.pom
2025-07-17 19:53:00,290 [Worker-39: Updating Maven Dependencies] INFO  o.e.m.c.i.e.AbstractTransferListenerAdapter - Downloaded https://repo.maven.apache.org/maven2/org/ow2/ow2/1.5.1/ow2-1.5.1.pom
2025-07-17 19:53:00,417 [Worker-39: Updating Maven Dependencies] INFO  o.e.m.c.i.e.AbstractTransferListenerAdapter - Downloading https://repo.maven.apache.org/maven2/com/thoughtworks/qdox/qdox/2.0.3/qdox-2.0.3.pom
2025-07-17 19:53:00,459 [Worker-39: Updating Maven Dependencies] INFO  o.e.m.c.i.e.AbstractTransferListenerAdapter - Downloaded https://repo.maven.apache.org/maven2/com/thoughtworks/qdox/qdox/2.0.3/qdox-2.0.3.pom
2025-07-17 19:53:00,596 [Worker-39: Updating Maven Dependencies] INFO  o.e.m.c.i.e.AbstractTransferListenerAdapter - Downloading https://repo.maven.apache.org/maven2/org/sonatype/oss/oss-parent/9/oss-parent-9.pom
2025-07-17 19:53:00,621 [Worker-39: Updating Maven Dependencies] INFO  o.e.m.c.i.e.AbstractTransferListenerAdapter - Downloaded https://repo.maven.apache.org/maven2/org/sonatype/oss/oss-parent/9/oss-parent-9.pom
2025-07-17 19:53:00,723 [Worker-39: Updating Maven Dependencies] INFO  o.e.m.c.i.e.AbstractTransferListenerAdapter - Downloading https://repo.maven.apache.org/maven2/org/codehaus/plexus/plexus-compiler-api/2.15.0/plexus-compiler-api-2.15.0.pom
2025-07-17 19:53:00,746 [Worker-39: Updating Maven Dependencies] INFO  o.e.m.c.i.e.AbstractTransferListenerAdapter - Downloaded https://repo.maven.apache.org/maven2/org/codehaus/plexus/plexus-compiler-api/2.15.0/plexus-compiler-api-2.15.0.pom
2025-07-17 19:53:00,900 [Worker-39: Updating Maven Dependencies] INFO  o.e.m.c.i.e.AbstractTransferListenerAdapter - Downloading https://repo.maven.apache.org/maven2/org/codehaus/plexus/plexus-compiler/2.15.0/plexus-compiler-2.15.0.pom
2025-07-17 19:53:00,938 [Worker-39: Updating Maven Dependencies] INFO  o.e.m.c.i.e.AbstractTransferListenerAdapter - Downloaded https://repo.maven.apache.org/maven2/org/codehaus/plexus/plexus-compiler/2.15.0/plexus-compiler-2.15.0.pom
2025-07-17 19:53:01,064 [Worker-39: Updating Maven Dependencies] INFO  o.e.m.c.i.e.AbstractTransferListenerAdapter - Downloading https://repo.maven.apache.org/maven2/org/codehaus/plexus/plexus/17/plexus-17.pom
2025-07-17 19:53:01,099 [Worker-39: Updating Maven Dependencies] INFO  o.e.m.c.i.e.AbstractTransferListenerAdapter - Downloaded https://repo.maven.apache.org/maven2/org/codehaus/plexus/plexus/17/plexus-17.pom
2025-07-17 19:53:01,226 [Worker-39: Updating Maven Dependencies] INFO  o.e.m.c.i.e.AbstractTransferListenerAdapter - Downloading https://repo.maven.apache.org/maven2/org/junit/junit-bom/5.10.2/junit-bom-5.10.2.pom
2025-07-17 19:53:01,252 [Worker-39: Updating Maven Dependencies] INFO  o.e.m.c.i.e.AbstractTransferListenerAdapter - Downloaded https://repo.maven.apache.org/maven2/org/junit/junit-bom/5.10.2/junit-bom-5.10.2.pom
2025-07-17 19:53:01,402 [Worker-39: Updating Maven Dependencies] INFO  o.e.m.c.i.e.AbstractTransferListenerAdapter - Downloading https://repo.maven.apache.org/maven2/org/codehaus/plexus/plexus-utils/4.0.0/plexus-utils-4.0.0.pom
2025-07-17 19:53:01,435 [Worker-39: Updating Maven Dependencies] INFO  o.e.m.c.i.e.AbstractTransferListenerAdapter - Downloaded https://repo.maven.apache.org/maven2/org/codehaus/plexus/plexus-utils/4.0.0/plexus-utils-4.0.0.pom
2025-07-17 19:53:01,580 [Worker-39: Updating Maven Dependencies] INFO  o.e.m.c.i.e.AbstractTransferListenerAdapter - Downloading https://repo.maven.apache.org/maven2/org/codehaus/plexus/plexus/13/plexus-13.pom
2025-07-17 19:53:01,610 [Worker-39: Updating Maven Dependencies] INFO  o.e.m.c.i.e.AbstractTransferListenerAdapter - Downloaded https://repo.maven.apache.org/maven2/org/codehaus/plexus/plexus/13/plexus-13.pom
2025-07-17 19:53:01,753 [Worker-39: Updating Maven Dependencies] INFO  o.e.m.c.i.e.AbstractTransferListenerAdapter - Downloading https://repo.maven.apache.org/maven2/org/junit/junit-bom/5.9.3/junit-bom-5.9.3.pom
2025-07-17 19:53:01,781 [Worker-39: Updating Maven Dependencies] INFO  o.e.m.c.i.e.AbstractTransferListenerAdapter - Downloaded https://repo.maven.apache.org/maven2/org/junit/junit-bom/5.9.3/junit-bom-5.9.3.pom
2025-07-17 19:53:01,890 [Worker-39: Updating Maven Dependencies] INFO  o.e.m.c.i.e.AbstractTransferListenerAdapter - Downloading https://repo.maven.apache.org/maven2/org/codehaus/plexus/plexus-compiler-manager/2.15.0/plexus-compiler-manager-2.15.0.pom
2025-07-17 19:53:01,913 [Worker-39: Updating Maven Dependencies] INFO  o.e.m.c.i.e.AbstractTransferListenerAdapter - Downloaded https://repo.maven.apache.org/maven2/org/codehaus/plexus/plexus-compiler-manager/2.15.0/plexus-compiler-manager-2.15.0.pom
2025-07-17 19:53:02,007 [Worker-39: Updating Maven Dependencies] INFO  o.e.m.c.i.e.AbstractTransferListenerAdapter - Downloading https://repo.maven.apache.org/maven2/javax/inject/javax.inject/1/javax.inject-1.pom
2025-07-17 19:53:02,031 [Worker-39: Updating Maven Dependencies] INFO  o.e.m.c.i.e.AbstractTransferListenerAdapter - Downloaded https://repo.maven.apache.org/maven2/javax/inject/javax.inject/1/javax.inject-1.pom
2025-07-17 19:53:02,113 [Worker-39: Updating Maven Dependencies] INFO  o.e.m.c.i.e.AbstractTransferListenerAdapter - Downloading https://repo.maven.apache.org/maven2/org/codehaus/plexus/plexus-xml/3.0.0/plexus-xml-3.0.0.pom
2025-07-17 19:53:02,144 [Worker-39: Updating Maven Dependencies] INFO  o.e.m.c.i.e.AbstractTransferListenerAdapter - Downloaded https://repo.maven.apache.org/maven2/org/codehaus/plexus/plexus-xml/3.0.0/plexus-xml-3.0.0.pom
2025-07-17 19:53:02,260 [Worker-39: Updating Maven Dependencies] INFO  o.e.m.c.i.e.AbstractTransferListenerAdapter - Downloading https://repo.maven.apache.org/maven2/org/codehaus/plexus/plexus-compiler-javac/2.15.0/plexus-compiler-javac-2.15.0.pom
2025-07-17 19:53:02,288 [Worker-39: Updating Maven Dependencies] INFO  o.e.m.c.i.e.AbstractTransferListenerAdapter - Downloaded https://repo.maven.apache.org/maven2/org/codehaus/plexus/plexus-compiler-javac/2.15.0/plexus-compiler-javac-2.15.0.pom
2025-07-17 19:53:02,377 [Worker-39: Updating Maven Dependencies] INFO  o.e.m.c.i.e.AbstractTransferListenerAdapter - Downloading https://repo.maven.apache.org/maven2/org/codehaus/plexus/plexus-compilers/2.15.0/plexus-compilers-2.15.0.pom
2025-07-17 19:53:02,409 [Worker-39: Updating Maven Dependencies] INFO  o.e.m.c.i.e.AbstractTransferListenerAdapter - Downloaded https://repo.maven.apache.org/maven2/org/codehaus/plexus/plexus-compilers/2.15.0/plexus-compilers-2.15.0.pom
2025-07-17 19:53:02,520 [Worker-39: Updating Maven Dependencies] INFO  o.e.m.c.i.e.AbstractTransferListenerAdapter - Downloading https://repo.maven.apache.org/maven2/org/apache/maven/shared/maven-shared-utils/3.4.2/maven-shared-utils-3.4.2.jar
2025-07-17 19:53:02,596 [Worker-39: Updating Maven Dependencies] INFO  o.e.m.c.i.e.AbstractTransferListenerAdapter - Downloaded https://repo.maven.apache.org/maven2/org/apache/maven/shared/maven-shared-utils/3.4.2/maven-shared-utils-3.4.2.jar
2025-07-17 19:53:02,668 [BasicRepositoryConnector-repo.maven.apache.org-0-4] INFO  o.e.m.c.i.e.AbstractTransferListenerAdapter - Downloading https://repo.maven.apache.org/maven2/org/ow2/asm/asm/9.6/asm-9.6.jar
2025-07-17 19:53:02,730 [BasicRepositoryConnector-repo.maven.apache.org-0-4] INFO  o.e.m.c.i.e.AbstractTransferListenerAdapter - Downloaded https://repo.maven.apache.org/maven2/org/ow2/asm/asm/9.6/asm-9.6.jar
2025-07-17 19:53:02,768 [BasicRepositoryConnector-repo.maven.apache.org-0-3] INFO  o.e.m.c.i.e.AbstractTransferListenerAdapter - Downloading https://repo.maven.apache.org/maven2/org/codehaus/plexus/plexus-java/1.2.0/plexus-java-1.2.0.jar
2025-07-17 19:53:02,807 [BasicRepositoryConnector-repo.maven.apache.org-0-4] INFO  o.e.m.c.i.e.AbstractTransferListenerAdapter - Downloading https://repo.maven.apache.org/maven2/com/thoughtworks/qdox/qdox/2.0.3/qdox-2.0.3.jar
2025-07-17 19:53:02,834 [BasicRepositoryConnector-repo.maven.apache.org-0-2] INFO  o.e.m.c.i.e.AbstractTransferListenerAdapter - Downloading https://repo.maven.apache.org/maven2/org/apache/maven/shared/maven-shared-incremental/1.1/maven-shared-incremental-1.1.jar
2025-07-17 19:53:02,871 [BasicRepositoryConnector-repo.maven.apache.org-0-3] INFO  o.e.m.c.i.e.AbstractTransferListenerAdapter - Downloaded https://repo.maven.apache.org/maven2/org/codehaus/plexus/plexus-java/1.2.0/plexus-java-1.2.0.jar
2025-07-17 19:53:02,914 [BasicRepositoryConnector-repo.maven.apache.org-0-3] INFO  o.e.m.c.i.e.AbstractTransferListenerAdapter - Downloading https://repo.maven.apache.org/maven2/org/codehaus/plexus/plexus-compiler-api/2.15.0/plexus-compiler-api-2.15.0.jar
2025-07-17 19:53:02,938 [BasicRepositoryConnector-repo.maven.apache.org-0-4] INFO  o.e.m.c.i.e.AbstractTransferListenerAdapter - Downloaded https://repo.maven.apache.org/maven2/com/thoughtworks/qdox/qdox/2.0.3/qdox-2.0.3.jar
2025-07-17 19:53:02,969 [BasicRepositoryConnector-repo.maven.apache.org-0-4] INFO  o.e.m.c.i.e.AbstractTransferListenerAdapter - Downloading https://repo.maven.apache.org/maven2/org/codehaus/plexus/plexus-compiler-manager/2.15.0/plexus-compiler-manager-2.15.0.jar
2025-07-17 19:53:03,028 [BasicRepositoryConnector-repo.maven.apache.org-0-2] INFO  o.e.m.c.i.e.AbstractTransferListenerAdapter - Downloaded https://repo.maven.apache.org/maven2/org/apache/maven/shared/maven-shared-incremental/1.1/maven-shared-incremental-1.1.jar
2025-07-17 19:53:03,042 [BasicRepositoryConnector-repo.maven.apache.org-0-1] INFO  o.e.m.c.i.e.AbstractTransferListenerAdapter - Downloading https://repo.maven.apache.org/maven2/commons-io/commons-io/2.11.0/commons-io-2.11.0.jar
2025-07-17 19:53:03,052 [BasicRepositoryConnector-repo.maven.apache.org-0-4] INFO  o.e.m.c.i.e.AbstractTransferListenerAdapter - Downloaded https://repo.maven.apache.org/maven2/org/codehaus/plexus/plexus-compiler-manager/2.15.0/plexus-compiler-manager-2.15.0.jar
2025-07-17 19:53:03,057 [BasicRepositoryConnector-repo.maven.apache.org-0-0] INFO  o.e.m.c.i.e.AbstractTransferListenerAdapter - Downloading https://repo.maven.apache.org/maven2/org/slf4j/slf4j-api/1.7.36/slf4j-api-1.7.36.jar
2025-07-17 19:53:03,073 [BasicRepositoryConnector-repo.maven.apache.org-0-2] INFO  o.e.m.c.i.e.AbstractTransferListenerAdapter - Downloading https://repo.maven.apache.org/maven2/javax/inject/javax.inject/1/javax.inject-1.jar
2025-07-17 19:53:03,081 [BasicRepositoryConnector-repo.maven.apache.org-0-4] INFO  o.e.m.c.i.e.AbstractTransferListenerAdapter - Downloading https://repo.maven.apache.org/maven2/org/codehaus/plexus/plexus-xml/3.0.0/plexus-xml-3.0.0.jar
2025-07-17 19:53:03,095 [BasicRepositoryConnector-repo.maven.apache.org-0-2] INFO  o.e.m.c.i.e.AbstractTransferListenerAdapter - Downloaded https://repo.maven.apache.org/maven2/javax/inject/javax.inject/1/javax.inject-1.jar
2025-07-17 19:53:03,126 [BasicRepositoryConnector-repo.maven.apache.org-0-2] INFO  o.e.m.c.i.e.AbstractTransferListenerAdapter - Downloading https://repo.maven.apache.org/maven2/org/codehaus/plexus/plexus-compiler-javac/2.15.0/plexus-compiler-javac-2.15.0.jar
2025-07-17 19:53:03,146 [BasicRepositoryConnector-repo.maven.apache.org-0-4] INFO  o.e.m.c.i.e.AbstractTransferListenerAdapter - Downloaded https://repo.maven.apache.org/maven2/org/codehaus/plexus/plexus-xml/3.0.0/plexus-xml-3.0.0.jar
2025-07-17 19:53:03,179 [BasicRepositoryConnector-repo.maven.apache.org-0-4] INFO  o.e.m.c.i.e.AbstractTransferListenerAdapter - Downloading https://repo.maven.apache.org/maven2/org/codehaus/plexus/plexus-utils/4.0.0/plexus-utils-4.0.0.jar
2025-07-17 19:53:03,275 [BasicRepositoryConnector-repo.maven.apache.org-0-4] INFO  o.e.m.c.i.e.AbstractTransferListenerAdapter - Downloaded https://repo.maven.apache.org/maven2/org/codehaus/plexus/plexus-utils/4.0.0/plexus-utils-4.0.0.jar
2025-07-17 19:53:03,318 [BasicRepositoryConnector-repo.maven.apache.org-0-3] INFO  o.e.m.c.i.e.AbstractTransferListenerAdapter - Downloaded https://repo.maven.apache.org/maven2/org/codehaus/plexus/plexus-compiler-api/2.15.0/plexus-compiler-api-2.15.0.jar
2025-07-17 19:53:03,355 [BasicRepositoryConnector-repo.maven.apache.org-0-2] INFO  o.e.m.c.i.e.AbstractTransferListenerAdapter - Downloaded https://repo.maven.apache.org/maven2/org/codehaus/plexus/plexus-compiler-javac/2.15.0/plexus-compiler-javac-2.15.0.jar
2025-07-17 19:53:03,534 [BasicRepositoryConnector-repo.maven.apache.org-0-1] INFO  o.e.m.c.i.e.AbstractTransferListenerAdapter - Downloaded https://repo.maven.apache.org/maven2/commons-io/commons-io/2.11.0/commons-io-2.11.0.jar
2025-07-17 19:53:03,773 [BasicRepositoryConnector-repo.maven.apache.org-0-0] INFO  o.e.m.c.i.e.AbstractTransferListenerAdapter - Downloaded https://repo.maven.apache.org/maven2/org/slf4j/slf4j-api/1.7.36/slf4j-api-1.7.36.jar
2025-07-17 19:53:03,958 [Worker-36: Building] INFO  o.e.m.c.i.l.LifecycleMappingFactory - Using org.maven.ide.eclipse.wtp.WarLifecycleMapping lifecycle mapping for MavenProject: infinite:HealthSureClient:0.0.1-SNAPSHOT @ C:\Niramalya\HealthsureLongTermProcedure-support-main\HealthSureClient\pom.xml.
2025-07-17 19:53:03,958 [Worker-39: Updating Maven Dependencies] INFO  o.e.m.c.i.l.LifecycleMappingFactory - Using org.maven.ide.eclipse.wtp.WarLifecycleMapping lifecycle mapping for MavenProject: infinite:HealthSureClient:0.0.1-SNAPSHOT @ C:\Niramalya\HealthsureLongTermProcedure-support-main\HealthSureClient\pom.xml.
2025-07-17 19:53:04,051 [Worker-39: Updating Maven Dependencies] INFO  o.e.m.c.i.e.AbstractTransferListenerAdapter - Downloading https://repo.maven.apache.org/maven2/javax/ws/rs/javax.ws.rs-api/2.0.1/javax.ws.rs-api-2.0.1.pom
2025-07-17 19:53:04,110 [Worker-39: Updating Maven Dependencies] INFO  o.e.m.c.i.e.AbstractTransferListenerAdapter - Downloaded https://repo.maven.apache.org/maven2/javax/ws/rs/javax.ws.rs-api/2.0.1/javax.ws.rs-api-2.0.1.pom
2025-07-17 19:53:04,225 [Worker-39: Updating Maven Dependencies] INFO  o.e.m.c.i.e.AbstractTransferListenerAdapter - Downloading https://repo.maven.apache.org/maven2/net/java/jvnet-parent/5/jvnet-parent-5.pom
2025-07-17 19:53:04,249 [Worker-39: Updating Maven Dependencies] INFO  o.e.m.c.i.e.AbstractTransferListenerAdapter - Downloaded https://repo.maven.apache.org/maven2/net/java/jvnet-parent/5/jvnet-parent-5.pom
2025-07-17 19:53:04,349 [Worker-36: Building] INFO  o.e.m.c.i.e.AbstractTransferListenerAdapter - Downloading https://repo.maven.apache.org/maven2/javax/servlet/servlet-api/2.5/servlet-api-2.5.pom
2025-07-17 19:53:04,368 [Worker-36: Building] INFO  o.e.m.c.i.e.AbstractTransferListenerAdapter - Downloaded https://repo.maven.apache.org/maven2/javax/servlet/servlet-api/2.5/servlet-api-2.5.pom
2025-07-17 19:53:04,463 [Worker-36: Building] INFO  o.e.m.c.i.e.AbstractTransferListenerAdapter - Downloading https://repo.maven.apache.org/maven2/com/sun/faces/jsf-api/2.2.20/jsf-api-2.2.20.pom
2025-07-17 19:53:04,489 [Worker-36: Building] INFO  o.e.m.c.i.e.AbstractTransferListenerAdapter - Downloaded https://repo.maven.apache.org/maven2/com/sun/faces/jsf-api/2.2.20/jsf-api-2.2.20.pom
2025-07-17 19:53:04,600 [Worker-39: Updating Maven Dependencies] INFO  o.e.m.c.i.e.AbstractTransferListenerAdapter - Downloading https://repo.maven.apache.org/maven2/com/sun/faces/jsf-impl/2.2.14/jsf-impl-2.2.14.pom
2025-07-17 19:53:04,627 [Worker-39: Updating Maven Dependencies] INFO  o.e.m.c.i.e.AbstractTransferListenerAdapter - Downloaded https://repo.maven.apache.org/maven2/com/sun/faces/jsf-impl/2.2.14/jsf-impl-2.2.14.pom
2025-07-17 19:53:04,749 [Worker-39: Updating Maven Dependencies] INFO  o.e.m.c.i.e.AbstractTransferListenerAdapter - Downloading https://repo.maven.apache.org/maven2/javax/servlet/jstl/1.2/jstl-1.2.pom
2025-07-17 19:53:04,770 [Worker-39: Updating Maven Dependencies] INFO  o.e.m.c.i.e.AbstractTransferListenerAdapter - Downloaded https://repo.maven.apache.org/maven2/javax/servlet/jstl/1.2/jstl-1.2.pom
2025-07-17 19:53:04,899 [Worker-39: Updating Maven Dependencies] INFO  o.e.m.c.i.e.AbstractTransferListenerAdapter - Downloading https://repo.maven.apache.org/maven2/javax/javaee-api/7.0/javaee-api-7.0.pom
2025-07-17 19:53:04,941 [Worker-39: Updating Maven Dependencies] INFO  o.e.m.c.i.e.AbstractTransferListenerAdapter - Downloaded https://repo.maven.apache.org/maven2/javax/javaee-api/7.0/javaee-api-7.0.pom
2025-07-17 19:53:05,088 [Worker-36: Building] INFO  o.e.m.c.i.e.AbstractTransferListenerAdapter - Downloading https://repo.maven.apache.org/maven2/net/java/jvnet-parent/3/jvnet-parent-3.pom
2025-07-17 19:53:05,114 [Worker-36: Building] INFO  o.e.m.c.i.e.AbstractTransferListenerAdapter - Downloaded https://repo.maven.apache.org/maven2/net/java/jvnet-parent/3/jvnet-parent-3.pom
2025-07-17 19:53:05,253 [Worker-36: Building] INFO  o.e.m.c.i.e.AbstractTransferListenerAdapter - Downloading https://repo.maven.apache.org/maven2/com/sun/mail/javax.mail/1.5.0/javax.mail-1.5.0.pom
2025-07-17 19:53:05,276 [Worker-36: Building] INFO  o.e.m.c.i.e.AbstractTransferListenerAdapter - Downloaded https://repo.maven.apache.org/maven2/com/sun/mail/javax.mail/1.5.0/javax.mail-1.5.0.pom
2025-07-17 19:53:05,412 [Worker-36: Building] INFO  o.e.m.c.i.e.AbstractTransferListenerAdapter - Downloading https://repo.maven.apache.org/maven2/com/sun/mail/all/1.5.0/all-1.5.0.pom
2025-07-17 19:53:05,458 [Worker-36: Building] INFO  o.e.m.c.i.e.AbstractTransferListenerAdapter - Downloaded https://repo.maven.apache.org/maven2/com/sun/mail/all/1.5.0/all-1.5.0.pom
2025-07-17 19:53:05,931 [Worker-39: Updating Maven Dependencies] INFO  o.e.m.c.i.e.AbstractTransferListenerAdapter - Downloading https://repo.maven.apache.org/maven2/net/java/jvnet-parent/1/jvnet-parent-1.pom
2025-07-17 19:53:05,970 [Worker-39: Updating Maven Dependencies] INFO  o.e.m.c.i.e.AbstractTransferListenerAdapter - Downloaded https://repo.maven.apache.org/maven2/net/java/jvnet-parent/1/jvnet-parent-1.pom
2025-07-17 19:53:06,078 [Worker-39: Updating Maven Dependencies] INFO  o.e.m.c.i.e.AbstractTransferListenerAdapter - Downloading https://repo.maven.apache.org/maven2/javax/activation/activation/1.1/activation-1.1.pom
2025-07-17 19:53:06,117 [Worker-39: Updating Maven Dependencies] INFO  o.e.m.c.i.e.AbstractTransferListenerAdapter - Downloaded https://repo.maven.apache.org/maven2/javax/activation/activation/1.1/activation-1.1.pom
2025-07-17 19:53:06,652 [Worker-39: Updating Maven Dependencies] INFO  o.e.m.c.i.e.AbstractTransferListenerAdapter - Downloading https://repo.maven.apache.org/maven2/org/wildfly/wildfly-ejb-client-bom/26.1.1.Final/wildfly-ejb-client-bom-26.1.1.Final.pom
2025-07-17 19:53:06,702 [Worker-39: Updating Maven Dependencies] INFO  o.e.m.c.i.e.AbstractTransferListenerAdapter - Downloaded https://repo.maven.apache.org/maven2/org/wildfly/wildfly-ejb-client-bom/26.1.1.Final/wildfly-ejb-client-bom-26.1.1.Final.pom
2025-07-17 19:53:06,859 [Worker-39: Updating Maven Dependencies] INFO  o.e.m.c.i.e.AbstractTransferListenerAdapter - Downloading https://repo.maven.apache.org/maven2/org/jboss/jboss-parent/37/jboss-parent-37.pom
2025-07-17 19:53:06,907 [Worker-39: Updating Maven Dependencies] INFO  o.e.m.c.i.e.AbstractTransferListenerAdapter - Downloaded https://repo.maven.apache.org/maven2/org/jboss/jboss-parent/37/jboss-parent-37.pom
2025-07-17 19:53:07,063 [Worker-39: Updating Maven Dependencies] INFO  o.e.m.c.i.e.AbstractTransferListenerAdapter - Downloading https://repo.maven.apache.org/maven2/org/jboss/jboss-ejb-client/4.0.44.Final/jboss-ejb-client-4.0.44.Final.pom
2025-07-17 19:53:07,092 [Worker-39: Updating Maven Dependencies] INFO  o.e.m.c.i.e.AbstractTransferListenerAdapter - Downloaded https://repo.maven.apache.org/maven2/org/jboss/jboss-ejb-client/4.0.44.Final/jboss-ejb-client-4.0.44.Final.pom
2025-07-17 19:53:07,538 [Worker-39: Updating Maven Dependencies] INFO  o.e.m.c.i.e.AbstractTransferListenerAdapter - Downloading https://repo.maven.apache.org/maven2/org/jboss/jboss-ejb-client-parent/4.0.44.Final/jboss-ejb-client-parent-4.0.44.Final.pom
2025-07-17 19:53:07,587 [Worker-39: Updating Maven Dependencies] INFO  o.e.m.c.i.e.AbstractTransferListenerAdapter - Downloaded https://repo.maven.apache.org/maven2/org/jboss/jboss-ejb-client-parent/4.0.44.Final/jboss-ejb-client-parent-4.0.44.Final.pom
2025-07-17 19:53:07,659 [Worker-39: Updating Maven Dependencies] INFO  o.e.m.c.i.e.AbstractTransferListenerAdapter - Downloading https://repo.maven.apache.org/maven2/org/jboss/jboss-parent/24/jboss-parent-24.pom
2025-07-17 19:53:07,732 [Worker-39: Updating Maven Dependencies] INFO  o.e.m.c.i.e.AbstractTransferListenerAdapter - Downloaded https://repo.maven.apache.org/maven2/org/jboss/jboss-parent/24/jboss-parent-24.pom
2025-07-17 19:53:07,852 [Worker-36: Building] INFO  o.e.m.c.i.e.AbstractTransferListenerAdapter - Downloading https://repo.maven.apache.org/maven2/org/jboss/spec/javax/ejb/jboss-ejb-api_3.2_spec/1.0.0.Final/jboss-ejb-api_3.2_spec-1.0.0.Final.pom
2025-07-17 19:53:07,897 [Worker-36: Building] INFO  o.e.m.c.i.e.AbstractTransferListenerAdapter - Downloaded https://repo.maven.apache.org/maven2/org/jboss/spec/javax/ejb/jboss-ejb-api_3.2_spec/1.0.0.Final/jboss-ejb-api_3.2_spec-1.0.0.Final.pom
2025-07-17 19:53:07,975 [Worker-36: Building] INFO  o.e.m.c.i.e.AbstractTransferListenerAdapter - Downloading https://repo.maven.apache.org/maven2/org/jboss/jboss-parent/10/jboss-parent-10.pom
2025-07-17 19:53:08,038 [Worker-36: Building] INFO  o.e.m.c.i.e.AbstractTransferListenerAdapter - Downloaded https://repo.maven.apache.org/maven2/org/jboss/jboss-parent/10/jboss-parent-10.pom
2025-07-17 19:53:08,468 [Worker-39: Updating Maven Dependencies] INFO  o.e.m.c.i.e.AbstractTransferListenerAdapter - Downloading https://repo.maven.apache.org/maven2/org/wildfly/transaction/wildfly-transaction-client/2.0.0.Final/wildfly-transaction-client-2.0.0.Final.pom
2025-07-17 19:53:08,513 [Worker-39: Updating Maven Dependencies] INFO  o.e.m.c.i.e.AbstractTransferListenerAdapter - Downloaded https://repo.maven.apache.org/maven2/org/wildfly/transaction/wildfly-transaction-client/2.0.0.Final/wildfly-transaction-client-2.0.0.Final.pom
2025-07-17 19:53:08,614 [Worker-39: Updating Maven Dependencies] INFO  o.e.m.c.i.e.AbstractTransferListenerAdapter - Downloading https://repo.maven.apache.org/maven2/org/wildfly/transaction/wildfly-transaction-client-parent/2.0.0.Final/wildfly-transaction-client-parent-2.0.0.Final.pom
2025-07-17 19:53:08,661 [Worker-39: Updating Maven Dependencies] INFO  o.e.m.c.i.e.AbstractTransferListenerAdapter - Downloaded https://repo.maven.apache.org/maven2/org/wildfly/transaction/wildfly-transaction-client-parent/2.0.0.Final/wildfly-transaction-client-parent-2.0.0.Final.pom
2025-07-17 19:53:08,754 [Worker-39: Updating Maven Dependencies] INFO  o.e.m.c.i.e.AbstractTransferListenerAdapter - Downloading https://repo.maven.apache.org/maven2/org/jboss/jboss-parent/21/jboss-parent-21.pom
2025-07-17 19:53:08,809 [Worker-39: Updating Maven Dependencies] INFO  o.e.m.c.i.e.AbstractTransferListenerAdapter - Downloaded https://repo.maven.apache.org/maven2/org/jboss/jboss-parent/21/jboss-parent-21.pom
2025-07-17 19:53:08,914 [Worker-39: Updating Maven Dependencies] INFO  o.e.m.c.i.e.AbstractTransferListenerAdapter - Downloading https://repo.maven.apache.org/maven2/org/jboss/marshalling/jboss-marshalling/2.0.6.Final/jboss-marshalling-2.0.6.Final.pom
2025-07-17 19:53:08,961 [Worker-39: Updating Maven Dependencies] INFO  o.e.m.c.i.e.AbstractTransferListenerAdapter - Downloaded https://repo.maven.apache.org/maven2/org/jboss/marshalling/jboss-marshalling/2.0.6.Final/jboss-marshalling-2.0.6.Final.pom
2025-07-17 19:53:09,043 [Worker-39: Updating Maven Dependencies] INFO  o.e.m.c.i.e.AbstractTransferListenerAdapter - Downloading https://repo.maven.apache.org/maven2/org/jboss/marshalling/jboss-marshalling-parent/2.0.6.Final/jboss-marshalling-parent-2.0.6.Final.pom
2025-07-17 19:53:09,073 [Worker-39: Updating Maven Dependencies] INFO  o.e.m.c.i.e.AbstractTransferListenerAdapter - Downloaded https://repo.maven.apache.org/maven2/org/jboss/marshalling/jboss-marshalling-parent/2.0.6.Final/jboss-marshalling-parent-2.0.6.Final.pom
2025-07-17 19:53:09,143 [Worker-39: Updating Maven Dependencies] INFO  o.e.m.c.i.e.AbstractTransferListenerAdapter - Downloading https://repo.maven.apache.org/maven2/org/jboss/marshalling/jboss-marshalling-river/2.0.6.Final/jboss-marshalling-river-2.0.6.Final.pom
2025-07-17 19:53:09,167 [Worker-39: Updating Maven Dependencies] INFO  o.e.m.c.i.e.AbstractTransferListenerAdapter - Downloaded https://repo.maven.apache.org/maven2/org/jboss/marshalling/jboss-marshalling-river/2.0.6.Final/jboss-marshalling-river-2.0.6.Final.pom
2025-07-17 19:53:09,244 [Worker-39: Updating Maven Dependencies] INFO  o.e.m.c.i.e.AbstractTransferListenerAdapter - Downloading https://repo.maven.apache.org/maven2/org/jboss/xnio/xnio-api/3.8.2.Final/xnio-api-3.8.2.Final.pom
2025-07-17 19:53:09,279 [Worker-39: Updating Maven Dependencies] INFO  o.e.m.c.i.e.AbstractTransferListenerAdapter - Downloaded https://repo.maven.apache.org/maven2/org/jboss/xnio/xnio-api/3.8.2.Final/xnio-api-3.8.2.Final.pom
2025-07-17 19:53:09,371 [Worker-36: Building] INFO  o.e.m.c.i.e.AbstractTransferListenerAdapter - Downloading https://repo.maven.apache.org/maven2/org/jboss/xnio/xnio-all/3.8.2.Final/xnio-all-3.8.2.Final.pom
2025-07-17 19:53:09,397 [Worker-36: Building] INFO  o.e.m.c.i.e.AbstractTransferListenerAdapter - Downloaded https://repo.maven.apache.org/maven2/org/jboss/xnio/xnio-all/3.8.2.Final/xnio-all-3.8.2.Final.pom
2025-07-17 19:53:09,493 [Worker-36: Building] INFO  o.e.m.c.i.e.AbstractTransferListenerAdapter - Downloading https://repo.maven.apache.org/maven2/org/jboss/jboss-parent/35/jboss-parent-35.pom
2025-07-17 19:53:09,545 [Worker-36: Building] INFO  o.e.m.c.i.e.AbstractTransferListenerAdapter - Downloaded https://repo.maven.apache.org/maven2/org/jboss/jboss-parent/35/jboss-parent-35.pom
2025-07-17 19:53:09,608 [Worker-36: Building] INFO  o.e.m.c.i.e.AbstractTransferListenerAdapter - Downloading https://repo.maven.apache.org/maven2/org/wildfly/common/wildfly-common/1.5.2.Final/wildfly-common-1.5.2.Final.pom
2025-07-17 19:53:09,653 [Worker-36: Building] INFO  o.e.m.c.i.e.AbstractTransferListenerAdapter - Downloaded https://repo.maven.apache.org/maven2/org/wildfly/common/wildfly-common/1.5.2.Final/wildfly-common-1.5.2.Final.pom
2025-07-17 19:53:09,760 [Worker-36: Building] INFO  o.e.m.c.i.e.AbstractTransferListenerAdapter - Downloading https://repo.maven.apache.org/maven2/org/jboss/jboss-parent/34/jboss-parent-34.pom
2025-07-17 19:53:09,804 [Worker-36: Building] INFO  o.e.m.c.i.e.AbstractTransferListenerAdapter - Downloaded https://repo.maven.apache.org/maven2/org/jboss/jboss-parent/34/jboss-parent-34.pom
2025-07-17 19:53:09,902 [Worker-39: Updating Maven Dependencies] INFO  o.e.m.c.i.e.AbstractTransferListenerAdapter - Downloading https://repo.maven.apache.org/maven2/org/wildfly/client/wildfly-client-config/1.0.1.Final/wildfly-client-config-1.0.1.Final.pom
2025-07-17 19:53:09,941 [Worker-39: Updating Maven Dependencies] INFO  o.e.m.c.i.e.AbstractTransferListenerAdapter - Downloaded https://repo.maven.apache.org/maven2/org/wildfly/client/wildfly-client-config/1.0.1.Final/wildfly-client-config-1.0.1.Final.pom
2025-07-17 19:53:10,005 [Worker-39: Updating Maven Dependencies] INFO  o.e.m.c.i.e.AbstractTransferListenerAdapter - Downloading https://repo.maven.apache.org/maven2/org/jboss/jboss-parent/23/jboss-parent-23.pom
2025-07-17 19:53:10,085 [Worker-39: Updating Maven Dependencies] INFO  o.e.m.c.i.e.AbstractTransferListenerAdapter - Downloaded https://repo.maven.apache.org/maven2/org/jboss/jboss-parent/23/jboss-parent-23.pom
2025-07-17 19:53:10,153 [Worker-36: Building] INFO  o.e.m.c.i.e.AbstractTransferListenerAdapter - Downloading https://repo.maven.apache.org/maven2/org/jboss/logging/jboss-logging/3.3.1.Final/jboss-logging-3.3.1.Final.pom
2025-07-17 19:53:10,183 [Worker-36: Building] INFO  o.e.m.c.i.e.AbstractTransferListenerAdapter - Downloaded https://repo.maven.apache.org/maven2/org/jboss/logging/jboss-logging/3.3.1.Final/jboss-logging-3.3.1.Final.pom
2025-07-17 19:53:10,243 [Worker-36: Building] INFO  o.e.m.c.i.e.AbstractTransferListenerAdapter - Downloading https://repo.maven.apache.org/maven2/org/jboss/jboss-parent/15/jboss-parent-15.pom
2025-07-17 19:53:10,279 [Worker-36: Building] INFO  o.e.m.c.i.e.AbstractTransferListenerAdapter - Downloaded https://repo.maven.apache.org/maven2/org/jboss/jboss-parent/15/jboss-parent-15.pom
2025-07-17 19:53:10,368 [Worker-36: Building] INFO  o.e.m.c.i.e.AbstractTransferListenerAdapter - Downloading https://repo.maven.apache.org/maven2/org/wildfly/common/wildfly-common/1.2.0.Final/wildfly-common-1.2.0.Final.pom
2025-07-17 19:53:10,394 [Worker-36: Building] INFO  o.e.m.c.i.e.AbstractTransferListenerAdapter - Downloaded https://repo.maven.apache.org/maven2/org/wildfly/common/wildfly-common/1.2.0.Final/wildfly-common-1.2.0.Final.pom
2025-07-17 19:53:10,492 [Worker-36: Building] INFO  o.e.m.c.i.e.AbstractTransferListenerAdapter - Downloading https://repo.maven.apache.org/maven2/org/jboss/threads/jboss-threads/2.3.3.Final/jboss-threads-2.3.3.Final.pom
2025-07-17 19:53:10,530 [Worker-36: Building] INFO  o.e.m.c.i.e.AbstractTransferListenerAdapter - Downloaded https://repo.maven.apache.org/maven2/org/jboss/threads/jboss-threads/2.3.3.Final/jboss-threads-2.3.3.Final.pom
2025-07-17 19:53:10,620 [Worker-36: Building] INFO  o.e.m.c.i.e.AbstractTransferListenerAdapter - Downloading https://repo.maven.apache.org/maven2/org/jboss/jboss-parent/20/jboss-parent-20.pom
2025-07-17 19:53:10,687 [Worker-36: Building] INFO  o.e.m.c.i.e.AbstractTransferListenerAdapter - Downloaded https://repo.maven.apache.org/maven2/org/jboss/jboss-parent/20/jboss-parent-20.pom
2025-07-17 19:53:10,799 [Worker-39: Updating Maven Dependencies] INFO  o.e.m.c.i.e.AbstractTransferListenerAdapter - Downloading https://repo.maven.apache.org/maven2/org/wildfly/common/wildfly-common/1.3.0.Final/wildfly-common-1.3.0.Final.pom
2025-07-17 19:53:10,833 [Worker-39: Updating Maven Dependencies] INFO  o.e.m.c.i.e.AbstractTransferListenerAdapter - Downloaded https://repo.maven.apache.org/maven2/org/wildfly/common/wildfly-common/1.3.0.Final/wildfly-common-1.3.0.Final.pom
2025-07-17 19:53:10,911 [Worker-39: Updating Maven Dependencies] INFO  o.e.m.c.i.e.AbstractTransferListenerAdapter - Downloading https://repo.maven.apache.org/maven2/org/jboss/xnio/xnio-nio/3.8.2.Final/xnio-nio-3.8.2.Final.pom
2025-07-17 19:53:10,944 [Worker-39: Updating Maven Dependencies] INFO  o.e.m.c.i.e.AbstractTransferListenerAdapter - Downloaded https://repo.maven.apache.org/maven2/org/jboss/xnio/xnio-nio/3.8.2.Final/xnio-nio-3.8.2.Final.pom
2025-07-17 19:53:11,052 [Worker-39: Updating Maven Dependencies] INFO  o.e.m.c.i.e.AbstractTransferListenerAdapter - Downloading https://repo.maven.apache.org/maven2/org/jboss/remoting/jboss-remoting/5.0.17.Final/jboss-remoting-5.0.17.Final.pom
2025-07-17 19:53:11,094 [Worker-39: Updating Maven Dependencies] INFO  o.e.m.c.i.e.AbstractTransferListenerAdapter - Downloaded https://repo.maven.apache.org/maven2/org/jboss/remoting/jboss-remoting/5.0.17.Final/jboss-remoting-5.0.17.Final.pom
2025-07-17 19:53:11,187 [Worker-39: Updating Maven Dependencies] INFO  o.e.m.c.i.e.AbstractTransferListenerAdapter - Downloading https://repo.maven.apache.org/maven2/org/jboss/logging/jboss-logging/3.4.0.Final/jboss-logging-3.4.0.Final.pom
2025-07-17 19:53:11,223 [Worker-39: Updating Maven Dependencies] INFO  o.e.m.c.i.e.AbstractTransferListenerAdapter - Downloaded https://repo.maven.apache.org/maven2/org/jboss/logging/jboss-logging/3.4.0.Final/jboss-logging-3.4.0.Final.pom
2025-07-17 19:53:11,306 [Worker-39: Updating Maven Dependencies] INFO  o.e.m.c.i.e.AbstractTransferListenerAdapter - Downloading https://repo.maven.apache.org/maven2/org/jboss/xnio/xnio-api/3.7.2.Final/xnio-api-3.7.2.Final.pom
2025-07-17 19:53:11,343 [Worker-39: Updating Maven Dependencies] INFO  o.e.m.c.i.e.AbstractTransferListenerAdapter - Downloaded https://repo.maven.apache.org/maven2/org/jboss/xnio/xnio-api/3.7.2.Final/xnio-api-3.7.2.Final.pom
2025-07-17 19:53:11,477 [Worker-36: Building] INFO  o.e.m.c.i.e.AbstractTransferListenerAdapter - Downloading https://repo.maven.apache.org/maven2/org/jboss/xnio/xnio-all/3.7.2.Final/xnio-all-3.7.2.Final.pom
2025-07-17 19:53:11,517 [Worker-36: Building] INFO  o.e.m.c.i.e.AbstractTransferListenerAdapter - Downloaded https://repo.maven.apache.org/maven2/org/jboss/xnio/xnio-all/3.7.2.Final/xnio-all-3.7.2.Final.pom
2025-07-17 19:53:11,658 [Worker-36: Building] INFO  o.e.m.c.i.e.AbstractTransferListenerAdapter - Downloading https://repo.maven.apache.org/maven2/org/wildfly/client/wildfly-client-config/1.0.0.Final/wildfly-client-config-1.0.0.Final.pom
2025-07-17 19:53:11,701 [Worker-36: Building] INFO  o.e.m.c.i.e.AbstractTransferListenerAdapter - Downloaded https://repo.maven.apache.org/maven2/org/wildfly/client/wildfly-client-config/1.0.0.Final/wildfly-client-config-1.0.0.Final.pom
2025-07-17 19:53:11,830 [Worker-36: Building] INFO  o.e.m.c.i.e.AbstractTransferListenerAdapter - Downloading https://repo.maven.apache.org/maven2/org/jboss/threads/jboss-threads/2.3.0.Beta2/jboss-threads-2.3.0.Beta2.pom
2025-07-17 19:53:11,865 [Worker-36: Building] INFO  o.e.m.c.i.e.AbstractTransferListenerAdapter - Downloaded https://repo.maven.apache.org/maven2/org/jboss/threads/jboss-threads/2.3.0.Beta2/jboss-threads-2.3.0.Beta2.pom
2025-07-17 19:53:11,982 [Worker-36: Building] INFO  o.e.m.c.i.e.AbstractTransferListenerAdapter - Downloading https://repo.maven.apache.org/maven2/org/wildfly/common/wildfly-common/1.3.0.Beta1/wildfly-common-1.3.0.Beta1.pom
2025-07-17 19:53:12,025 [Worker-36: Building] INFO  o.e.m.c.i.e.AbstractTransferListenerAdapter - Downloaded https://repo.maven.apache.org/maven2/org/wildfly/common/wildfly-common/1.3.0.Beta1/wildfly-common-1.3.0.Beta1.pom
2025-07-17 19:53:12,101 [Worker-36: Building] INFO  o.e.m.c.i.e.AbstractTransferListenerAdapter - Downloading https://repo.maven.apache.org/maven2/org/wildfly/common/wildfly-common/1.5.1.Final/wildfly-common-1.5.1.Final.pom
2025-07-17 19:53:12,137 [Worker-36: Building] INFO  o.e.m.c.i.e.AbstractTransferListenerAdapter - Downloaded https://repo.maven.apache.org/maven2/org/wildfly/common/wildfly-common/1.5.1.Final/wildfly-common-1.5.1.Final.pom
2025-07-17 19:53:12,217 [Worker-36: Building] INFO  o.e.m.c.i.e.AbstractTransferListenerAdapter - Downloading https://repo.maven.apache.org/maven2/org/wildfly/client/wildfly-client-config/1.0.0.CR2/wildfly-client-config-1.0.0.CR2.pom
2025-07-17 19:53:12,259 [Worker-36: Building] INFO  o.e.m.c.i.e.AbstractTransferListenerAdapter - Downloaded https://repo.maven.apache.org/maven2/org/wildfly/client/wildfly-client-config/1.0.0.CR2/wildfly-client-config-1.0.0.CR2.pom
2025-07-17 19:53:12,351 [Worker-36: Building] INFO  o.e.m.c.i.e.AbstractTransferListenerAdapter - Downloading https://repo.maven.apache.org/maven2/org/jboss/jboss-parent/22/jboss-parent-22.pom
2025-07-17 19:53:12,429 [Worker-36: Building] INFO  o.e.m.c.i.e.AbstractTransferListenerAdapter - Downloaded https://repo.maven.apache.org/maven2/org/jboss/jboss-parent/22/jboss-parent-22.pom
2025-07-17 19:53:12,545 [Worker-39: Updating Maven Dependencies] INFO  o.e.m.c.i.e.AbstractTransferListenerAdapter - Downloading https://repo.maven.apache.org/maven2/org/jboss/logging/jboss-logging/3.1.4.GA/jboss-logging-3.1.4.GA.pom
2025-07-17 19:53:12,568 [Worker-39: Updating Maven Dependencies] INFO  o.e.m.c.i.e.AbstractTransferListenerAdapter - Downloaded https://repo.maven.apache.org/maven2/org/jboss/logging/jboss-logging/3.1.4.GA/jboss-logging-3.1.4.GA.pom
2025-07-17 19:53:12,675 [Worker-39: Updating Maven Dependencies] INFO  o.e.m.c.i.e.AbstractTransferListenerAdapter - Downloading https://repo.maven.apache.org/maven2/org/jboss/jboss-parent/9/jboss-parent-9.pom
2025-07-17 19:53:12,731 [Worker-39: Updating Maven Dependencies] INFO  o.e.m.c.i.e.AbstractTransferListenerAdapter - Downloaded https://repo.maven.apache.org/maven2/org/jboss/jboss-parent/9/jboss-parent-9.pom
2025-07-17 19:53:12,848 [Worker-39: Updating Maven Dependencies] INFO  o.e.m.c.i.e.AbstractTransferListenerAdapter - Downloading https://repo.maven.apache.org/maven2/org/wildfly/common/wildfly-common/1.2.0.CR1/wildfly-common-1.2.0.CR1.pom
2025-07-17 19:53:12,887 [Worker-39: Updating Maven Dependencies] INFO  o.e.m.c.i.e.AbstractTransferListenerAdapter - Downloaded https://repo.maven.apache.org/maven2/org/wildfly/common/wildfly-common/1.2.0.CR1/wildfly-common-1.2.0.CR1.pom
2025-07-17 19:53:12,987 [Worker-39: Updating Maven Dependencies] INFO  o.e.m.c.i.e.AbstractTransferListenerAdapter - Downloading https://repo.maven.apache.org/maven2/org/wildfly/security/wildfly-elytron/1.1.0.Final/wildfly-elytron-1.1.0.Final.pom
2025-07-17 19:53:13,041 [Worker-39: Updating Maven Dependencies] INFO  o.e.m.c.i.e.AbstractTransferListenerAdapter - Downloaded https://repo.maven.apache.org/maven2/org/wildfly/security/wildfly-elytron/1.1.0.Final/wildfly-elytron-1.1.0.Final.pom
2025-07-17 19:53:13,161 [Worker-36: Building] INFO  o.e.m.c.i.e.AbstractTransferListenerAdapter - Downloading https://repo.maven.apache.org/maven2/org/wildfly/discovery/wildfly-discovery-client/1.2.1.Final/wildfly-discovery-client-1.2.1.Final.pom
2025-07-17 19:53:13,202 [Worker-36: Building] INFO  o.e.m.c.i.e.AbstractTransferListenerAdapter - Downloaded https://repo.maven.apache.org/maven2/org/wildfly/discovery/wildfly-discovery-client/1.2.1.Final/wildfly-discovery-client-1.2.1.Final.pom
2025-07-17 19:53:13,306 [Worker-36: Building] INFO  o.e.m.c.i.e.AbstractTransferListenerAdapter - Downloading https://repo.maven.apache.org/maven2/org/wildfly/security/wildfly-elytron-auth/1.17.0.Final/wildfly-elytron-auth-1.17.0.Final.pom
2025-07-17 19:53:13,338 [Worker-36: Building] INFO  o.e.m.c.i.e.AbstractTransferListenerAdapter - Downloaded https://repo.maven.apache.org/maven2/org/wildfly/security/wildfly-elytron-auth/1.17.0.Final/wildfly-elytron-auth-1.17.0.Final.pom
2025-07-17 19:53:13,461 [Worker-36: Building] INFO  o.e.m.c.i.e.AbstractTransferListenerAdapter - Downloading https://repo.maven.apache.org/maven2/org/wildfly/security/wildfly-elytron-parent/1.17.0.Final/wildfly-elytron-parent-1.17.0.Final.pom
2025-07-17 19:53:13,527 [Worker-36: Building] INFO  o.e.m.c.i.e.AbstractTransferListenerAdapter - Downloaded https://repo.maven.apache.org/maven2/org/wildfly/security/wildfly-elytron-parent/1.17.0.Final/wildfly-elytron-parent-1.17.0.Final.pom
2025-07-17 19:53:13,613 [Worker-39: Updating Maven Dependencies] INFO  o.e.m.c.i.e.AbstractTransferListenerAdapter - Downloading https://repo.maven.apache.org/maven2/org/wildfly/common/wildfly-common/1.5.4.Final/wildfly-common-1.5.4.Final.pom
2025-07-17 19:53:13,655 [Worker-39: Updating Maven Dependencies] INFO  o.e.m.c.i.e.AbstractTransferListenerAdapter - Downloaded https://repo.maven.apache.org/maven2/org/wildfly/common/wildfly-common/1.5.4.Final/wildfly-common-1.5.4.Final.pom
2025-07-17 19:53:13,721 [Worker-39: Updating Maven Dependencies] INFO  o.e.m.c.i.e.AbstractTransferListenerAdapter - Downloading https://repo.maven.apache.org/maven2/org/wildfly/security/wildfly-elytron-util/1.17.0.Final/wildfly-elytron-util-1.17.0.Final.pom
2025-07-17 19:53:13,754 [Worker-39: Updating Maven Dependencies] INFO  o.e.m.c.i.e.AbstractTransferListenerAdapter - Downloaded https://repo.maven.apache.org/maven2/org/wildfly/security/wildfly-elytron-util/1.17.0.Final/wildfly-elytron-util-1.17.0.Final.pom
2025-07-17 19:53:13,832 [Worker-39: Updating Maven Dependencies] INFO  o.e.m.c.i.e.AbstractTransferListenerAdapter - Downloading https://repo.maven.apache.org/maven2/org/wildfly/security/wildfly-elytron-asn1/1.17.0.Final/wildfly-elytron-asn1-1.17.0.Final.pom
2025-07-17 19:53:13,873 [Worker-39: Updating Maven Dependencies] INFO  o.e.m.c.i.e.AbstractTransferListenerAdapter - Downloaded https://repo.maven.apache.org/maven2/org/wildfly/security/wildfly-elytron-asn1/1.17.0.Final/wildfly-elytron-asn1-1.17.0.Final.pom
2025-07-17 19:53:13,953 [Worker-39: Updating Maven Dependencies] INFO  o.e.m.c.i.e.AbstractTransferListenerAdapter - Downloading https://repo.maven.apache.org/maven2/org/jboss/logging/jboss-logging/3.4.2.Final/jboss-logging-3.4.2.Final.pom
2025-07-17 19:53:14,000 [Worker-39: Updating Maven Dependencies] INFO  o.e.m.c.i.e.AbstractTransferListenerAdapter - Downloaded https://repo.maven.apache.org/maven2/org/jboss/logging/jboss-logging/3.4.2.Final/jboss-logging-3.4.2.Final.pom
2025-07-17 19:53:14,153 [Worker-39: Updating Maven Dependencies] INFO  o.e.m.c.i.e.AbstractTransferListenerAdapter - Downloading https://repo.maven.apache.org/maven2/org/junit/junit-bom/5.7.0/junit-bom-5.7.0.pom
2025-07-17 19:53:14,192 [Worker-39: Updating Maven Dependencies] INFO  o.e.m.c.i.e.AbstractTransferListenerAdapter - Downloaded https://repo.maven.apache.org/maven2/org/junit/junit-bom/5.7.0/junit-bom-5.7.0.pom
2025-07-17 19:53:14,241 [Worker-39: Updating Maven Dependencies] INFO  o.e.m.c.i.e.AbstractTransferListenerAdapter - Downloading https://repo.maven.apache.org/maven2/org/wildfly/security/wildfly-elytron-base/1.17.0.Final/wildfly-elytron-base-1.17.0.Final.pom
2025-07-17 19:53:14,286 [Worker-39: Updating Maven Dependencies] INFO  o.e.m.c.i.e.AbstractTransferListenerAdapter - Downloaded https://repo.maven.apache.org/maven2/org/wildfly/security/wildfly-elytron-base/1.17.0.Final/wildfly-elytron-base-1.17.0.Final.pom
2025-07-17 19:53:14,340 [Worker-39: Updating Maven Dependencies] INFO  o.e.m.c.i.e.AbstractTransferListenerAdapter - Downloading https://repo.maven.apache.org/maven2/org/wildfly/security/wildfly-elytron-auth-server/1.17.0.Final/wildfly-elytron-auth-server-1.17.0.Final.pom
2025-07-17 19:53:14,386 [Worker-39: Updating Maven Dependencies] INFO  o.e.m.c.i.e.AbstractTransferListenerAdapter - Downloaded https://repo.maven.apache.org/maven2/org/wildfly/security/wildfly-elytron-auth-server/1.17.0.Final/wildfly-elytron-auth-server-1.17.0.Final.pom
2025-07-17 19:53:14,436 [Worker-39: Updating Maven Dependencies] INFO  o.e.m.c.i.e.AbstractTransferListenerAdapter - Downloading https://repo.maven.apache.org/maven2/org/wildfly/security/wildfly-elytron-credential/1.17.0.Final/wildfly-elytron-credential-1.17.0.Final.pom
2025-07-17 19:53:14,476 [Worker-39: Updating Maven Dependencies] INFO  o.e.m.c.i.e.AbstractTransferListenerAdapter - Downloaded https://repo.maven.apache.org/maven2/org/wildfly/security/wildfly-elytron-credential/1.17.0.Final/wildfly-elytron-credential-1.17.0.Final.pom
2025-07-17 19:53:14,532 [Worker-39: Updating Maven Dependencies] INFO  o.e.m.c.i.e.AbstractTransferListenerAdapter - Downloading https://repo.maven.apache.org/maven2/org/wildfly/security/wildfly-elytron-keystore/1.17.0.Final/wildfly-elytron-keystore-1.17.0.Final.pom
2025-07-17 19:53:14,562 [Worker-39: Updating Maven Dependencies] INFO  o.e.m.c.i.e.AbstractTransferListenerAdapter - Downloaded https://repo.maven.apache.org/maven2/org/wildfly/security/wildfly-elytron-keystore/1.17.0.Final/wildfly-elytron-keystore-1.17.0.Final.pom
2025-07-17 19:53:14,604 [Worker-39: Updating Maven Dependencies] INFO  o.e.m.c.i.e.AbstractTransferListenerAdapter - Downloading https://repo.maven.apache.org/maven2/org/wildfly/security/wildfly-elytron-provider-util/1.17.0.Final/wildfly-elytron-provider-util-1.17.0.Final.pom
2025-07-17 19:53:14,642 [Worker-39: Updating Maven Dependencies] INFO  o.e.m.c.i.e.AbstractTransferListenerAdapter - Downloaded https://repo.maven.apache.org/maven2/org/wildfly/security/wildfly-elytron-provider-util/1.17.0.Final/wildfly-elytron-provider-util-1.17.0.Final.pom
2025-07-17 19:53:14,678 [Worker-39: Updating Maven Dependencies] INFO  o.e.m.c.i.e.AbstractTransferListenerAdapter - Downloading https://repo.maven.apache.org/maven2/org/wildfly/security/wildfly-elytron-x500/1.17.0.Final/wildfly-elytron-x500-1.17.0.Final.pom
2025-07-17 19:53:14,719 [Worker-39: Updating Maven Dependencies] INFO  o.e.m.c.i.e.AbstractTransferListenerAdapter - Downloaded https://repo.maven.apache.org/maven2/org/wildfly/security/wildfly-elytron-x500/1.17.0.Final/wildfly-elytron-x500-1.17.0.Final.pom
2025-07-17 19:53:14,759 [Worker-39: Updating Maven Dependencies] INFO  o.e.m.c.i.e.AbstractTransferListenerAdapter - Downloading https://repo.maven.apache.org/maven2/org/wildfly/security/wildfly-elytron-permission/1.17.0.Final/wildfly-elytron-permission-1.17.0.Final.pom
2025-07-17 19:53:14,790 [Worker-39: Updating Maven Dependencies] INFO  o.e.m.c.i.e.AbstractTransferListenerAdapter - Downloaded https://repo.maven.apache.org/maven2/org/wildfly/security/wildfly-elytron-permission/1.17.0.Final/wildfly-elytron-permission-1.17.0.Final.pom
2025-07-17 19:53:15,122 [Worker-39: Updating Maven Dependencies] INFO  o.e.m.c.i.e.AbstractTransferListenerAdapter - Downloading https://repo.maven.apache.org/maven2/org/wildfly/security/wildfly-elytron-client/1.17.0.Final/wildfly-elytron-client-1.17.0.Final.pom
2025-07-17 19:53:15,162 [Worker-39: Updating Maven Dependencies] INFO  o.e.m.c.i.e.AbstractTransferListenerAdapter - Downloaded https://repo.maven.apache.org/maven2/org/wildfly/security/wildfly-elytron-client/1.17.0.Final/wildfly-elytron-client-1.17.0.Final.pom
2025-07-17 19:53:15,217 [Worker-39: Updating Maven Dependencies] INFO  o.e.m.c.i.e.AbstractTransferListenerAdapter - Downloading https://repo.maven.apache.org/maven2/org/wildfly/security/wildfly-elytron-auth-util/1.17.0.Final/wildfly-elytron-auth-util-1.17.0.Final.pom
2025-07-17 19:53:15,257 [Worker-39: Updating Maven Dependencies] INFO  o.e.m.c.i.e.AbstractTransferListenerAdapter - Downloaded https://repo.maven.apache.org/maven2/org/wildfly/security/wildfly-elytron-auth-util/1.17.0.Final/wildfly-elytron-auth-util-1.17.0.Final.pom
2025-07-17 19:53:15,295 [Worker-39: Updating Maven Dependencies] INFO  o.e.m.c.i.e.AbstractTransferListenerAdapter - Downloading https://repo.maven.apache.org/maven2/org/wildfly/security/wildfly-elytron-mechanism-gssapi/1.17.0.Final/wildfly-elytron-mechanism-gssapi-1.17.0.Final.pom
2025-07-17 19:53:15,333 [Worker-39: Updating Maven Dependencies] INFO  o.e.m.c.i.e.AbstractTransferListenerAdapter - Downloaded https://repo.maven.apache.org/maven2/org/wildfly/security/wildfly-elytron-mechanism-gssapi/1.17.0.Final/wildfly-elytron-mechanism-gssapi-1.17.0.Final.pom
2025-07-17 19:53:15,377 [Worker-39: Updating Maven Dependencies] INFO  o.e.m.c.i.e.AbstractTransferListenerAdapter - Downloading https://repo.maven.apache.org/maven2/org/wildfly/security/wildfly-elytron-security-manager-action/1.17.0.Final/wildfly-elytron-security-manager-action-1.17.0.Final.pom
2025-07-17 19:53:15,411 [Worker-39: Updating Maven Dependencies] INFO  o.e.m.c.i.e.AbstractTransferListenerAdapter - Downloaded https://repo.maven.apache.org/maven2/org/wildfly/security/wildfly-elytron-security-manager-action/1.17.0.Final/wildfly-elytron-security-manager-action-1.17.0.Final.pom
2025-07-17 19:53:15,461 [Worker-39: Updating Maven Dependencies] INFO  o.e.m.c.i.e.AbstractTransferListenerAdapter - Downloading https://repo.maven.apache.org/maven2/org/apache/sshd/sshd-common/2.3.0/sshd-common-2.3.0.pom
2025-07-17 19:53:15,503 [Worker-39: Updating Maven Dependencies] INFO  o.e.m.c.i.e.AbstractTransferListenerAdapter - Downloaded https://repo.maven.apache.org/maven2/org/apache/sshd/sshd-common/2.3.0/sshd-common-2.3.0.pom
2025-07-17 19:53:15,559 [Worker-39: Updating Maven Dependencies] INFO  o.e.m.c.i.e.AbstractTransferListenerAdapter - Downloading https://repo.maven.apache.org/maven2/org/apache/sshd/sshd/2.3.0/sshd-2.3.0.pom
2025-07-17 19:53:15,634 [Worker-39: Updating Maven Dependencies] INFO  o.e.m.c.i.e.AbstractTransferListenerAdapter - Downloaded https://repo.maven.apache.org/maven2/org/apache/sshd/sshd/2.3.0/sshd-2.3.0.pom
2025-07-17 19:53:15,734 [Worker-36: Building] INFO  o.e.m.c.i.e.AbstractTransferListenerAdapter - Downloading https://repo.maven.apache.org/maven2/org/apache/apache/15/apache-15.pom
2025-07-17 19:53:15,789 [Worker-36: Building] INFO  o.e.m.c.i.e.AbstractTransferListenerAdapter - Downloaded https://repo.maven.apache.org/maven2/org/apache/apache/15/apache-15.pom
2025-07-17 19:53:15,872 [Worker-39: Updating Maven Dependencies] INFO  o.e.m.c.i.e.AbstractTransferListenerAdapter - Downloading https://repo.maven.apache.org/maven2/org/springframework/spring-framework-bom/5.1.7.RELEASE/spring-framework-bom-5.1.7.RELEASE.pom
2025-07-17 19:53:15,901 [Worker-39: Updating Maven Dependencies] INFO  o.e.m.c.i.e.AbstractTransferListenerAdapter - Downloaded https://repo.maven.apache.org/maven2/org/springframework/spring-framework-bom/5.1.7.RELEASE/spring-framework-bom-5.1.7.RELEASE.pom
2025-07-17 19:53:15,961 [Worker-39: Updating Maven Dependencies] INFO  o.e.m.c.i.e.AbstractTransferListenerAdapter - Downloading https://repo.maven.apache.org/maven2/org/slf4j/slf4j-api/1.7.26/slf4j-api-1.7.26.pom
2025-07-17 19:53:15,995 [Worker-39: Updating Maven Dependencies] INFO  o.e.m.c.i.e.AbstractTransferListenerAdapter - Downloaded https://repo.maven.apache.org/maven2/org/slf4j/slf4j-api/1.7.26/slf4j-api-1.7.26.pom
2025-07-17 19:53:16,061 [Worker-39: Updating Maven Dependencies] INFO  o.e.m.c.i.e.AbstractTransferListenerAdapter - Downloading https://repo.maven.apache.org/maven2/org/slf4j/slf4j-parent/1.7.26/slf4j-parent-1.7.26.pom
2025-07-17 19:53:16,099 [Worker-39: Updating Maven Dependencies] INFO  o.e.m.c.i.e.AbstractTransferListenerAdapter - Downloaded https://repo.maven.apache.org/maven2/org/slf4j/slf4j-parent/1.7.26/slf4j-parent-1.7.26.pom
2025-07-17 19:53:16,208 [Worker-36: Building] INFO  o.e.m.c.i.e.AbstractTransferListenerAdapter - Downloading https://repo.maven.apache.org/maven2/org/wildfly/security/wildfly-elytron-credential-source-impl/1.17.0.Final/wildfly-elytron-credential-source-impl-1.17.0.Final.pom
2025-07-17 19:53:16,232 [Worker-36: Building] INFO  o.e.m.c.i.e.AbstractTransferListenerAdapter - Downloaded https://repo.maven.apache.org/maven2/org/wildfly/security/wildfly-elytron-credential-source-impl/1.17.0.Final/wildfly-elytron-credential-source-impl-1.17.0.Final.pom
2025-07-17 19:53:16,322 [Worker-36: Building] INFO  o.e.m.c.i.e.AbstractTransferListenerAdapter - Downloading https://repo.maven.apache.org/maven2/org/wildfly/security/wildfly-elytron-credential-store/1.17.0.Final/wildfly-elytron-credential-store-1.17.0.Final.pom
2025-07-17 19:53:16,349 [Worker-36: Building] INFO  o.e.m.c.i.e.AbstractTransferListenerAdapter - Downloaded https://repo.maven.apache.org/maven2/org/wildfly/security/wildfly-elytron-credential-store/1.17.0.Final/wildfly-elytron-credential-store-1.17.0.Final.pom
2025-07-17 19:53:16,456 [Worker-36: Building] INFO  o.e.m.c.i.e.AbstractTransferListenerAdapter - Downloading https://repo.maven.apache.org/maven2/org/wildfly/security/wildfly-elytron-encryption/1.17.0.Final/wildfly-elytron-encryption-1.17.0.Final.pom
2025-07-17 19:53:16,500 [Worker-36: Building] INFO  o.e.m.c.i.e.AbstractTransferListenerAdapter - Downloaded https://repo.maven.apache.org/maven2/org/wildfly/security/wildfly-elytron-encryption/1.17.0.Final/wildfly-elytron-encryption-1.17.0.Final.pom
2025-07-17 19:53:16,935 [Worker-36: Building] INFO  o.e.m.c.i.e.AbstractTransferListenerAdapter - Downloading https://repo.maven.apache.org/maven2/org/wildfly/security/wildfly-elytron-mechanism/1.17.0.Final/wildfly-elytron-mechanism-1.17.0.Final.pom
2025-07-17 19:53:16,969 [Worker-36: Building] INFO  o.e.m.c.i.e.AbstractTransferListenerAdapter - Downloaded https://repo.maven.apache.org/maven2/org/wildfly/security/wildfly-elytron-mechanism/1.17.0.Final/wildfly-elytron-mechanism-1.17.0.Final.pom
2025-07-17 19:53:17,026 [Worker-36: Building] INFO  o.e.m.c.i.e.AbstractTransferListenerAdapter - Downloading https://repo.maven.apache.org/maven2/org/wildfly/security/wildfly-elytron-http/1.17.0.Final/wildfly-elytron-http-1.17.0.Final.pom
2025-07-17 19:53:17,068 [Worker-36: Building] INFO  o.e.m.c.i.e.AbstractTransferListenerAdapter - Downloaded https://repo.maven.apache.org/maven2/org/wildfly/security/wildfly-elytron-http/1.17.0.Final/wildfly-elytron-http-1.17.0.Final.pom
2025-07-17 19:53:17,137 [Worker-36: Building] INFO  o.e.m.c.i.e.AbstractTransferListenerAdapter - Downloading https://repo.maven.apache.org/maven2/org/wildfly/security/wildfly-elytron-password-impl/1.17.0.Final/wildfly-elytron-password-impl-1.17.0.Final.pom
2025-07-17 19:53:17,163 [Worker-36: Building] INFO  o.e.m.c.i.e.AbstractTransferListenerAdapter - Downloaded https://repo.maven.apache.org/maven2/org/wildfly/security/wildfly-elytron-password-impl/1.17.0.Final/wildfly-elytron-password-impl-1.17.0.Final.pom
2025-07-17 19:53:17,234 [Worker-36: Building] INFO  o.e.m.c.i.e.AbstractTransferListenerAdapter - Downloading https://repo.maven.apache.org/maven2/org/wildfly/security/wildfly-elytron-sasl/1.17.0.Final/wildfly-elytron-sasl-1.17.0.Final.pom
2025-07-17 19:53:17,276 [Worker-36: Building] INFO  o.e.m.c.i.e.AbstractTransferListenerAdapter - Downloaded https://repo.maven.apache.org/maven2/org/wildfly/security/wildfly-elytron-sasl/1.17.0.Final/wildfly-elytron-sasl-1.17.0.Final.pom
2025-07-17 19:53:17,335 [Worker-36: Building] INFO  o.e.m.c.i.e.AbstractTransferListenerAdapter - Downloading https://repo.maven.apache.org/maven2/org/wildfly/security/wildfly-elytron-ssl/1.17.0.Final/wildfly-elytron-ssl-1.17.0.Final.pom
2025-07-17 19:53:17,385 [Worker-36: Building] INFO  o.e.m.c.i.e.AbstractTransferListenerAdapter - Downloaded https://repo.maven.apache.org/maven2/org/wildfly/security/wildfly-elytron-ssl/1.17.0.Final/wildfly-elytron-ssl-1.17.0.Final.pom
2025-07-17 19:53:17,481 [Worker-36: Building] INFO  o.e.m.c.i.e.AbstractTransferListenerAdapter - Downloading https://repo.maven.apache.org/maven2/org/wildfly/security/wildfly-elytron-x500-cert/1.17.0.Final/wildfly-elytron-x500-cert-1.17.0.Final.pom
2025-07-17 19:53:17,522 [Worker-36: Building] INFO  o.e.m.c.i.e.AbstractTransferListenerAdapter - Downloaded https://repo.maven.apache.org/maven2/org/wildfly/security/wildfly-elytron-x500-cert/1.17.0.Final/wildfly-elytron-x500-cert-1.17.0.Final.pom
2025-07-17 19:53:17,595 [Worker-36: Building] INFO  o.e.m.c.i.e.AbstractTransferListenerAdapter - Downloading https://repo.maven.apache.org/maven2/org/wildfly/security/wildfly-elytron-x500-cert-util/1.17.0.Final/wildfly-elytron-x500-cert-util-1.17.0.Final.pom
2025-07-17 19:53:17,635 [Worker-36: Building] INFO  o.e.m.c.i.e.AbstractTransferListenerAdapter - Downloaded https://repo.maven.apache.org/maven2/org/wildfly/security/wildfly-elytron-x500-cert-util/1.17.0.Final/wildfly-elytron-x500-cert-util-1.17.0.Final.pom
2025-07-17 19:53:17,729 [Worker-36: Building] INFO  o.e.m.c.i.e.AbstractTransferListenerAdapter - Downloading https://repo.maven.apache.org/maven2/org/wildfly/security/wildfly-elytron-security-manager/1.17.0.Final/wildfly-elytron-security-manager-1.17.0.Final.pom
2025-07-17 19:53:17,767 [Worker-36: Building] INFO  o.e.m.c.i.e.AbstractTransferListenerAdapter - Downloaded https://repo.maven.apache.org/maven2/org/wildfly/security/wildfly-elytron-security-manager/1.17.0.Final/wildfly-elytron-security-manager-1.17.0.Final.pom
2025-07-17 19:53:17,865 [Worker-36: Building] INFO  o.e.m.c.i.e.AbstractTransferListenerAdapter - Downloading https://repo.maven.apache.org/maven2/org/wildfly/security/wildfly-elytron-realm/1.17.0.Final/wildfly-elytron-realm-1.17.0.Final.pom
2025-07-17 19:53:17,905 [Worker-36: Building] INFO  o.e.m.c.i.e.AbstractTransferListenerAdapter - Downloaded https://repo.maven.apache.org/maven2/org/wildfly/security/wildfly-elytron-realm/1.17.0.Final/wildfly-elytron-realm-1.17.0.Final.pom
2025-07-17 19:53:18,034 [Worker-36: Building] INFO  o.e.m.c.i.e.AbstractTransferListenerAdapter - Downloading https://repo.maven.apache.org/maven2/org/wildfly/security/wildfly-elytron-sasl-localuser/1.17.0.Final/wildfly-elytron-sasl-localuser-1.17.0.Final.pom
2025-07-17 19:53:18,059 [Worker-36: Building] INFO  o.e.m.c.i.e.AbstractTransferListenerAdapter - Downloaded https://repo.maven.apache.org/maven2/org/wildfly/security/wildfly-elytron-sasl-localuser/1.17.0.Final/wildfly-elytron-sasl-localuser-1.17.0.Final.pom
2025-07-17 19:53:18,773 [Worker-36: Building] INFO  o.e.m.c.i.e.AbstractTransferListenerAdapter - Downloading https://repo.maven.apache.org/maven2/org/wildfly/security/wildfly-elytron-http-sso/1.17.0.Final/wildfly-elytron-http-sso-1.17.0.Final.pom
2025-07-17 19:53:18,808 [Worker-36: Building] INFO  o.e.m.c.i.e.AbstractTransferListenerAdapter - Downloaded https://repo.maven.apache.org/maven2/org/wildfly/security/wildfly-elytron-http-sso/1.17.0.Final/wildfly-elytron-http-sso-1.17.0.Final.pom
2025-07-17 19:53:18,882 [Worker-36: Building] INFO  o.e.m.c.i.e.AbstractTransferListenerAdapter - Downloading https://repo.maven.apache.org/maven2/org/wildfly/security/wildfly-elytron-http-util/1.17.0.Final/wildfly-elytron-http-util-1.17.0.Final.pom
2025-07-17 19:53:18,903 [Worker-36: Building] INFO  o.e.m.c.i.e.AbstractTransferListenerAdapter - Downloaded https://repo.maven.apache.org/maven2/org/wildfly/security/wildfly-elytron-http-util/1.17.0.Final/wildfly-elytron-http-util-1.17.0.Final.pom
2025-07-17 19:53:18,972 [Worker-36: Building] INFO  o.e.m.c.i.e.AbstractTransferListenerAdapter - Downloading https://repo.maven.apache.org/maven2/org/wildfly/wildfly-naming-client/1.0.14.Final/wildfly-naming-client-1.0.14.Final.pom
2025-07-17 19:53:19,013 [Worker-36: Building] INFO  o.e.m.c.i.e.AbstractTransferListenerAdapter - Downloaded https://repo.maven.apache.org/maven2/org/wildfly/wildfly-naming-client/1.0.14.Final/wildfly-naming-client-1.0.14.Final.pom
2025-07-17 19:53:19,090 [Worker-36: Building] INFO  o.e.m.c.i.e.AbstractTransferListenerAdapter - Downloading https://repo.maven.apache.org/maven2/org/jboss/jboss-parent/19/jboss-parent-19.pom
2025-07-17 19:53:19,141 [Worker-36: Building] INFO  o.e.m.c.i.e.AbstractTransferListenerAdapter - Downloaded https://repo.maven.apache.org/maven2/org/jboss/jboss-parent/19/jboss-parent-19.pom
2025-07-17 19:53:19,272 [Worker-36: Building] INFO  o.e.m.c.i.e.AbstractTransferListenerAdapter - Downloading https://repo.maven.apache.org/maven2/org/jboss/marshalling/jboss-marshalling/2.0.0.Final/jboss-marshalling-2.0.0.Final.pom
2025-07-17 19:53:19,311 [Worker-36: Building] INFO  o.e.m.c.i.e.AbstractTransferListenerAdapter - Downloaded https://repo.maven.apache.org/maven2/org/jboss/marshalling/jboss-marshalling/2.0.0.Final/jboss-marshalling-2.0.0.Final.pom
2025-07-17 19:53:19,457 [Worker-36: Building] INFO  o.e.m.c.i.e.AbstractTransferListenerAdapter - Downloading https://repo.maven.apache.org/maven2/org/jboss/marshalling/jboss-marshalling-parent/2.0.0.Final/jboss-marshalling-parent-2.0.0.Final.pom
2025-07-17 19:53:19,494 [Worker-36: Building] INFO  o.e.m.c.i.e.AbstractTransferListenerAdapter - Downloaded https://repo.maven.apache.org/maven2/org/jboss/marshalling/jboss-marshalling-parent/2.0.0.Final/jboss-marshalling-parent-2.0.0.Final.pom
2025-07-17 19:53:19,653 [Worker-36: Building] INFO  o.e.m.c.i.e.AbstractTransferListenerAdapter - Downloading https://repo.maven.apache.org/maven2/org/jboss/marshalling/jboss-marshalling-river/2.0.0.Final/jboss-marshalling-river-2.0.0.Final.pom
2025-07-17 19:53:19,691 [Worker-36: Building] INFO  o.e.m.c.i.e.AbstractTransferListenerAdapter - Downloaded https://repo.maven.apache.org/maven2/org/jboss/marshalling/jboss-marshalling-river/2.0.0.Final/jboss-marshalling-river-2.0.0.Final.pom
2025-07-17 19:53:19,826 [Worker-36: Building] INFO  o.e.m.c.i.e.AbstractTransferListenerAdapter - Downloading https://repo.maven.apache.org/maven2/org/jboss/remoting/jboss-remoting/5.0.0.Final/jboss-remoting-5.0.0.Final.pom
2025-07-17 19:53:19,881 [Worker-36: Building] INFO  o.e.m.c.i.e.AbstractTransferListenerAdapter - Downloaded https://repo.maven.apache.org/maven2/org/jboss/remoting/jboss-remoting/5.0.0.Final/jboss-remoting-5.0.0.Final.pom
2025-07-17 19:53:20,063 [Worker-36: Building] INFO  o.e.m.c.i.e.AbstractTransferListenerAdapter - Downloading https://repo.maven.apache.org/maven2/org/jboss/logging/jboss-logging/3.2.1.Final/jboss-logging-3.2.1.Final.pom
2025-07-17 19:53:20,098 [Worker-36: Building] INFO  o.e.m.c.i.e.AbstractTransferListenerAdapter - Downloaded https://repo.maven.apache.org/maven2/org/jboss/logging/jboss-logging/3.2.1.Final/jboss-logging-3.2.1.Final.pom
2025-07-17 19:53:20,187 [Worker-36: Building] INFO  o.e.m.c.i.e.AbstractTransferListenerAdapter - Downloading https://repo.maven.apache.org/maven2/org/jboss/xnio/xnio-api/3.5.1.Final/xnio-api-3.5.1.Final.pom
2025-07-17 19:53:20,222 [Worker-36: Building] INFO  o.e.m.c.i.e.AbstractTransferListenerAdapter - Downloaded https://repo.maven.apache.org/maven2/org/jboss/xnio/xnio-api/3.5.1.Final/xnio-api-3.5.1.Final.pom
2025-07-17 19:53:20,335 [Worker-36: Building] INFO  o.e.m.c.i.e.AbstractTransferListenerAdapter - Downloading https://repo.maven.apache.org/maven2/org/jboss/xnio/xnio-all/3.5.1.Final/xnio-all-3.5.1.Final.pom
2025-07-17 19:53:20,368 [Worker-36: Building] INFO  o.e.m.c.i.e.AbstractTransferListenerAdapter - Downloaded https://repo.maven.apache.org/maven2/org/jboss/xnio/xnio-all/3.5.1.Final/xnio-all-3.5.1.Final.pom
2025-07-17 19:53:20,477 [Worker-36: Building] INFO  o.e.m.c.i.e.AbstractTransferListenerAdapter - Downloading https://repo.maven.apache.org/maven2/org/jboss/xnio/xnio-nio/3.5.1.Final/xnio-nio-3.5.1.Final.pom
2025-07-17 19:53:20,514 [Worker-36: Building] INFO  o.e.m.c.i.e.AbstractTransferListenerAdapter - Downloaded https://repo.maven.apache.org/maven2/org/jboss/xnio/xnio-nio/3.5.1.Final/xnio-nio-3.5.1.Final.pom
2025-07-17 19:53:20,638 [Worker-36: Building] INFO  o.e.m.c.i.e.AbstractTransferListenerAdapter - Downloading https://repo.maven.apache.org/maven2/org/jboss/threads/jboss-threads/2.2.1.Final/jboss-threads-2.2.1.Final.pom
2025-07-17 19:53:20,679 [Worker-36: Building] INFO  o.e.m.c.i.e.AbstractTransferListenerAdapter - Downloaded https://repo.maven.apache.org/maven2/org/jboss/threads/jboss-threads/2.2.1.Final/jboss-threads-2.2.1.Final.pom
2025-07-17 19:53:21,396 [Worker-36: Building] INFO  o.e.m.c.i.e.AbstractTransferListenerAdapter - Downloading https://repo.maven.apache.org/maven2/org/jboss/jboss-parent/13/jboss-parent-13.pom
2025-07-17 19:53:21,452 [Worker-36: Building] INFO  o.e.m.c.i.e.AbstractTransferListenerAdapter - Downloaded https://repo.maven.apache.org/maven2/org/jboss/jboss-parent/13/jboss-parent-13.pom
2025-07-17 19:53:21,545 [Worker-39: Updating Maven Dependencies] INFO  o.e.m.c.i.e.AbstractTransferListenerAdapter - Downloading https://repo.maven.apache.org/maven2/org/jboss/spec/javax/ejb/jboss-ejb-api_3.2_spec/2.0.0.Final/jboss-ejb-api_3.2_spec-2.0.0.Final.pom
2025-07-17 19:53:21,598 [Worker-39: Updating Maven Dependencies] INFO  o.e.m.c.i.e.AbstractTransferListenerAdapter - Downloaded https://repo.maven.apache.org/maven2/org/jboss/spec/javax/ejb/jboss-ejb-api_3.2_spec/2.0.0.Final/jboss-ejb-api_3.2_spec-2.0.0.Final.pom
2025-07-17 19:53:21,689 [Worker-39: Updating Maven Dependencies] INFO  o.e.m.c.i.e.AbstractTransferListenerAdapter - Downloading https://repo.maven.apache.org/maven2/org/jboss/spec/javax/transaction/jboss-transaction-api_1.3_spec/2.0.0.Final/jboss-transaction-api_1.3_spec-2.0.0.Final.pom
2025-07-17 19:53:21,739 [Worker-39: Updating Maven Dependencies] INFO  o.e.m.c.i.e.AbstractTransferListenerAdapter - Downloaded https://repo.maven.apache.org/maven2/org/jboss/spec/javax/transaction/jboss-transaction-api_1.3_spec/2.0.0.Final/jboss-transaction-api_1.3_spec-2.0.0.Final.pom
2025-07-17 19:53:21,837 [Worker-39: Updating Maven Dependencies] INFO  o.e.m.c.i.e.AbstractTransferListenerAdapter - Downloading https://repo.maven.apache.org/maven2/org/wildfly/transaction/wildfly-transaction-client/2.0.1.Final/wildfly-transaction-client-2.0.1.Final.pom
2025-07-17 19:53:21,859 [Worker-39: Updating Maven Dependencies] INFO  o.e.m.c.i.e.AbstractTransferListenerAdapter - Downloaded https://repo.maven.apache.org/maven2/org/wildfly/transaction/wildfly-transaction-client/2.0.1.Final/wildfly-transaction-client-2.0.1.Final.pom
2025-07-17 19:53:21,950 [Worker-39: Updating Maven Dependencies] INFO  o.e.m.c.i.e.AbstractTransferListenerAdapter - Downloading https://repo.maven.apache.org/maven2/org/wildfly/transaction/wildfly-transaction-client-parent/2.0.1.Final/wildfly-transaction-client-parent-2.0.1.Final.pom
2025-07-17 19:53:21,992 [Worker-39: Updating Maven Dependencies] INFO  o.e.m.c.i.e.AbstractTransferListenerAdapter - Downloaded https://repo.maven.apache.org/maven2/org/wildfly/transaction/wildfly-transaction-client-parent/2.0.1.Final/wildfly-transaction-client-parent-2.0.1.Final.pom
2025-07-17 19:53:22,111 [Worker-39: Updating Maven Dependencies] INFO  o.e.m.c.i.e.AbstractTransferListenerAdapter - Downloading https://repo.maven.apache.org/maven2/org/jboss/remoting/jboss-remoting/5.0.23.Final/jboss-remoting-5.0.23.Final.pom
2025-07-17 19:53:22,163 [Worker-39: Updating Maven Dependencies] INFO  o.e.m.c.i.e.AbstractTransferListenerAdapter - Downloaded https://repo.maven.apache.org/maven2/org/jboss/remoting/jboss-remoting/5.0.23.Final/jboss-remoting-5.0.23.Final.pom
2025-07-17 19:53:22,335 [Worker-36: Building] INFO  o.e.m.c.i.e.AbstractTransferListenerAdapter - Downloading https://repo.maven.apache.org/maven2/org/jboss/logging/jboss-logging/3.4.1.Final/jboss-logging-3.4.1.Final.pom
2025-07-17 19:53:22,384 [Worker-36: Building] INFO  o.e.m.c.i.e.AbstractTransferListenerAdapter - Downloaded https://repo.maven.apache.org/maven2/org/jboss/logging/jboss-logging/3.4.1.Final/jboss-logging-3.4.1.Final.pom
2025-07-17 19:53:22,538 [Worker-36: Building] INFO  o.e.m.c.i.e.AbstractTransferListenerAdapter - Downloading https://repo.maven.apache.org/maven2/org/jboss/xnio/xnio-api/3.7.7.Final/xnio-api-3.7.7.Final.pom
2025-07-17 19:53:22,585 [Worker-36: Building] INFO  o.e.m.c.i.e.AbstractTransferListenerAdapter - Downloaded https://repo.maven.apache.org/maven2/org/jboss/xnio/xnio-api/3.7.7.Final/xnio-api-3.7.7.Final.pom
2025-07-17 19:53:22,739 [Worker-36: Building] INFO  o.e.m.c.i.e.AbstractTransferListenerAdapter - Downloading https://repo.maven.apache.org/maven2/org/jboss/xnio/xnio-all/3.7.7.Final/xnio-all-3.7.7.Final.pom
2025-07-17 19:53:22,767 [Worker-36: Building] INFO  o.e.m.c.i.e.AbstractTransferListenerAdapter - Downloaded https://repo.maven.apache.org/maven2/org/jboss/xnio/xnio-all/3.7.7.Final/xnio-all-3.7.7.Final.pom
2025-07-17 19:53:22,877 [Worker-36: Building] INFO  o.e.m.c.i.e.AbstractTransferListenerAdapter - Downloading https://repo.maven.apache.org/maven2/org/wildfly/security/wildfly-elytron/1.11.2.Final/wildfly-elytron-1.11.2.Final.pom
2025-07-17 19:53:22,942 [Worker-36: Building] INFO  o.e.m.c.i.e.AbstractTransferListenerAdapter - Downloaded https://repo.maven.apache.org/maven2/org/wildfly/security/wildfly-elytron/1.11.2.Final/wildfly-elytron-1.11.2.Final.pom
2025-07-17 19:53:23,067 [Worker-39: Updating Maven Dependencies] INFO  o.e.m.c.i.e.AbstractTransferListenerAdapter - Downloading https://repo.maven.apache.org/maven2/org/wildfly/security/wildfly-elytron-parent/1.11.2.Final/wildfly-elytron-parent-1.11.2.Final.pom
2025-07-17 19:53:23,124 [Worker-39: Updating Maven Dependencies] INFO  o.e.m.c.i.e.AbstractTransferListenerAdapter - Downloaded https://repo.maven.apache.org/maven2/org/wildfly/security/wildfly-elytron-parent/1.11.2.Final/wildfly-elytron-parent-1.11.2.Final.pom
2025-07-17 19:53:23,191 [Worker-36: Building] INFO  o.e.m.c.i.e.AbstractTransferListenerAdapter - Downloading https://repo.maven.apache.org/maven2/org/wildfly/security/wildfly-elytron-asn1/1.11.2.Final/wildfly-elytron-asn1-1.11.2.Final.pom
2025-07-17 19:53:23,233 [Worker-36: Building] INFO  o.e.m.c.i.e.AbstractTransferListenerAdapter - Downloaded https://repo.maven.apache.org/maven2/org/wildfly/security/wildfly-elytron-asn1/1.11.2.Final/wildfly-elytron-asn1-1.11.2.Final.pom
2025-07-17 19:53:23,277 [Worker-36: Building] INFO  o.e.m.c.i.e.AbstractTransferListenerAdapter - Downloading https://repo.maven.apache.org/maven2/org/wildfly/security/wildfly-elytron-audit/1.11.2.Final/wildfly-elytron-audit-1.11.2.Final.pom
2025-07-17 19:53:23,314 [Worker-36: Building] INFO  o.e.m.c.i.e.AbstractTransferListenerAdapter - Downloaded https://repo.maven.apache.org/maven2/org/wildfly/security/wildfly-elytron-audit/1.11.2.Final/wildfly-elytron-audit-1.11.2.Final.pom
2025-07-17 19:53:23,357 [Worker-36: Building] INFO  o.e.m.c.i.e.AbstractTransferListenerAdapter - Downloading https://repo.maven.apache.org/maven2/org/wildfly/security/wildfly-elytron-auth-server/1.11.2.Final/wildfly-elytron-auth-server-1.11.2.Final.pom
2025-07-17 19:53:23,393 [Worker-36: Building] INFO  o.e.m.c.i.e.AbstractTransferListenerAdapter - Downloaded https://repo.maven.apache.org/maven2/org/wildfly/security/wildfly-elytron-auth-server/1.11.2.Final/wildfly-elytron-auth-server-1.11.2.Final.pom
2025-07-17 19:53:23,447 [Worker-36: Building] INFO  o.e.m.c.i.e.AbstractTransferListenerAdapter - Downloading https://repo.maven.apache.org/maven2/org/wildfly/security/wildfly-elytron-auth/1.11.2.Final/wildfly-elytron-auth-1.11.2.Final.pom
2025-07-17 19:53:23,485 [Worker-36: Building] INFO  o.e.m.c.i.e.AbstractTransferListenerAdapter - Downloaded https://repo.maven.apache.org/maven2/org/wildfly/security/wildfly-elytron-auth/1.11.2.Final/wildfly-elytron-auth-1.11.2.Final.pom
2025-07-17 19:53:23,546 [Worker-36: Building] INFO  o.e.m.c.i.e.AbstractTransferListenerAdapter - Downloading https://repo.maven.apache.org/maven2/org/wildfly/security/wildfly-elytron-util/1.11.2.Final/wildfly-elytron-util-1.11.2.Final.pom
2025-07-17 19:53:23,589 [Worker-36: Building] INFO  o.e.m.c.i.e.AbstractTransferListenerAdapter - Downloaded https://repo.maven.apache.org/maven2/org/wildfly/security/wildfly-elytron-util/1.11.2.Final/wildfly-elytron-util-1.11.2.Final.pom
2025-07-17 19:53:23,635 [Worker-36: Building] INFO  o.e.m.c.i.e.AbstractTransferListenerAdapter - Downloading https://repo.maven.apache.org/maven2/org/wildfly/security/wildfly-elytron-base/1.11.2.Final/wildfly-elytron-base-1.11.2.Final.pom
2025-07-17 19:53:23,661 [Worker-36: Building] INFO  o.e.m.c.i.e.AbstractTransferListenerAdapter - Downloaded https://repo.maven.apache.org/maven2/org/wildfly/security/wildfly-elytron-base/1.11.2.Final/wildfly-elytron-base-1.11.2.Final.pom
2025-07-17 19:53:23,710 [Worker-36: Building] INFO  o.e.m.c.i.e.AbstractTransferListenerAdapter - Downloading https://repo.maven.apache.org/maven2/org/wildfly/security/wildfly-elytron-credential/1.11.2.Final/wildfly-elytron-credential-1.11.2.Final.pom
2025-07-17 19:53:23,746 [Worker-36: Building] INFO  o.e.m.c.i.e.AbstractTransferListenerAdapter - Downloaded https://repo.maven.apache.org/maven2/org/wildfly/security/wildfly-elytron-credential/1.11.2.Final/wildfly-elytron-credential-1.11.2.Final.pom
2025-07-17 19:53:23,797 [Worker-36: Building] INFO  o.e.m.c.i.e.AbstractTransferListenerAdapter - Downloading https://repo.maven.apache.org/maven2/org/wildfly/security/wildfly-elytron-keystore/1.11.2.Final/wildfly-elytron-keystore-1.11.2.Final.pom
2025-07-17 19:53:23,823 [Worker-36: Building] INFO  o.e.m.c.i.e.AbstractTransferListenerAdapter - Downloaded https://repo.maven.apache.org/maven2/org/wildfly/security/wildfly-elytron-keystore/1.11.2.Final/wildfly-elytron-keystore-1.11.2.Final.pom
2025-07-17 19:53:23,882 [Worker-36: Building] INFO  o.e.m.c.i.e.AbstractTransferListenerAdapter - Downloading https://repo.maven.apache.org/maven2/org/wildfly/security/wildfly-elytron-provider-util/1.11.2.Final/wildfly-elytron-provider-util-1.11.2.Final.pom
2025-07-17 19:53:23,928 [Worker-36: Building] INFO  o.e.m.c.i.e.AbstractTransferListenerAdapter - Downloaded https://repo.maven.apache.org/maven2/org/wildfly/security/wildfly-elytron-provider-util/1.11.2.Final/wildfly-elytron-provider-util-1.11.2.Final.pom
2025-07-17 19:53:24,011 [Worker-36: Building] INFO  o.e.m.c.i.e.AbstractTransferListenerAdapter - Downloading https://repo.maven.apache.org/maven2/org/wildfly/security/wildfly-elytron-x500/1.11.2.Final/wildfly-elytron-x500-1.11.2.Final.pom
2025-07-17 19:53:24,058 [Worker-36: Building] INFO  o.e.m.c.i.e.AbstractTransferListenerAdapter - Downloaded https://repo.maven.apache.org/maven2/org/wildfly/security/wildfly-elytron-x500/1.11.2.Final/wildfly-elytron-x500-1.11.2.Final.pom
2025-07-17 19:53:24,108 [Worker-36: Building] INFO  o.e.m.c.i.e.AbstractTransferListenerAdapter - Downloading https://repo.maven.apache.org/maven2/org/wildfly/security/wildfly-elytron-permission/1.11.2.Final/wildfly-elytron-permission-1.11.2.Final.pom
2025-07-17 19:53:24,150 [Worker-36: Building] INFO  o.e.m.c.i.e.AbstractTransferListenerAdapter - Downloaded https://repo.maven.apache.org/maven2/org/wildfly/security/wildfly-elytron-permission/1.11.2.Final/wildfly-elytron-permission-1.11.2.Final.pom
2025-07-17 19:53:24,184 [Worker-36: Building] INFO  o.e.m.c.i.e.AbstractTransferListenerAdapter - Downloading https://repo.maven.apache.org/maven2/org/wildfly/security/wildfly-elytron-auth-server-deprecated/1.11.2.Final/wildfly-elytron-auth-server-deprecated-1.11.2.Final.pom
2025-07-17 19:53:24,226 [Worker-36: Building] INFO  o.e.m.c.i.e.AbstractTransferListenerAdapter - Downloaded https://repo.maven.apache.org/maven2/org/wildfly/security/wildfly-elytron-auth-server-deprecated/1.11.2.Final/wildfly-elytron-auth-server-deprecated-1.11.2.Final.pom
2025-07-17 19:53:24,264 [Worker-36: Building] INFO  o.e.m.c.i.e.AbstractTransferListenerAdapter - Downloading https://repo.maven.apache.org/maven2/org/wildfly/security/wildfly-elytron-http/1.11.2.Final/wildfly-elytron-http-1.11.2.Final.pom
2025-07-17 19:53:24,293 [Worker-36: Building] INFO  o.e.m.c.i.e.AbstractTransferListenerAdapter - Downloaded https://repo.maven.apache.org/maven2/org/wildfly/security/wildfly-elytron-http/1.11.2.Final/wildfly-elytron-http-1.11.2.Final.pom
2025-07-17 19:53:24,327 [Worker-36: Building] INFO  o.e.m.c.i.e.AbstractTransferListenerAdapter - Downloading https://repo.maven.apache.org/maven2/org/wildfly/security/wildfly-elytron-auth-server-http/1.11.2.Final/wildfly-elytron-auth-server-http-1.11.2.Final.pom
2025-07-17 19:53:24,349 [Worker-36: Building] INFO  o.e.m.c.i.e.AbstractTransferListenerAdapter - Downloaded https://repo.maven.apache.org/maven2/org/wildfly/security/wildfly-elytron-auth-server-http/1.11.2.Final/wildfly-elytron-auth-server-http-1.11.2.Final.pom
2025-07-17 19:53:24,384 [Worker-36: Building] INFO  o.e.m.c.i.e.AbstractTransferListenerAdapter - Downloading https://repo.maven.apache.org/maven2/org/wildfly/security/wildfly-elytron-auth-server-sasl/1.11.2.Final/wildfly-elytron-auth-server-sasl-1.11.2.Final.pom
2025-07-17 19:53:24,408 [Worker-36: Building] INFO  o.e.m.c.i.e.AbstractTransferListenerAdapter - Downloaded https://repo.maven.apache.org/maven2/org/wildfly/security/wildfly-elytron-auth-server-sasl/1.11.2.Final/wildfly-elytron-auth-server-sasl-1.11.2.Final.pom
2025-07-17 19:53:24,457 [Worker-36: Building] INFO  o.e.m.c.i.e.AbstractTransferListenerAdapter - Downloading https://repo.maven.apache.org/maven2/org/wildfly/security/wildfly-elytron-sasl/1.11.2.Final/wildfly-elytron-sasl-1.11.2.Final.pom
2025-07-17 19:53:24,482 [Worker-36: Building] INFO  o.e.m.c.i.e.AbstractTransferListenerAdapter - Downloaded https://repo.maven.apache.org/maven2/org/wildfly/security/wildfly-elytron-sasl/1.11.2.Final/wildfly-elytron-sasl-1.11.2.Final.pom
2025-07-17 19:53:24,532 [Worker-36: Building] INFO  o.e.m.c.i.e.AbstractTransferListenerAdapter - Downloading https://repo.maven.apache.org/maven2/org/wildfly/security/wildfly-elytron-mechanism/1.11.2.Final/wildfly-elytron-mechanism-1.11.2.Final.pom
2025-07-17 19:53:24,573 [Worker-36: Building] INFO  o.e.m.c.i.e.AbstractTransferListenerAdapter - Downloaded https://repo.maven.apache.org/maven2/org/wildfly/security/wildfly-elytron-mechanism/1.11.2.Final/wildfly-elytron-mechanism-1.11.2.Final.pom
2025-07-17 19:53:24,612 [Worker-36: Building] INFO  o.e.m.c.i.e.AbstractTransferListenerAdapter - Downloading https://repo.maven.apache.org/maven2/org/wildfly/security/wildfly-elytron-ssl/1.11.2.Final/wildfly-elytron-ssl-1.11.2.Final.pom
2025-07-17 19:53:24,641 [Worker-36: Building] INFO  o.e.m.c.i.e.AbstractTransferListenerAdapter - Downloaded https://repo.maven.apache.org/maven2/org/wildfly/security/wildfly-elytron-ssl/1.11.2.Final/wildfly-elytron-ssl-1.11.2.Final.pom
2025-07-17 19:53:24,676 [Worker-36: Building] INFO  o.e.m.c.i.e.AbstractTransferListenerAdapter - Downloading https://repo.maven.apache.org/maven2/org/wildfly/security/wildfly-elytron-auth-util/1.11.2.Final/wildfly-elytron-auth-util-1.11.2.Final.pom
2025-07-17 19:53:24,707 [Worker-36: Building] INFO  o.e.m.c.i.e.AbstractTransferListenerAdapter - Downloaded https://repo.maven.apache.org/maven2/org/wildfly/security/wildfly-elytron-auth-util/1.11.2.Final/wildfly-elytron-auth-util-1.11.2.Final.pom
2025-07-17 19:53:24,748 [Worker-36: Building] INFO  o.e.m.c.i.e.AbstractTransferListenerAdapter - Downloading https://repo.maven.apache.org/maven2/org/wildfly/security/wildfly-elytron-mechanism-gssapi/1.11.2.Final/wildfly-elytron-mechanism-gssapi-1.11.2.Final.pom
2025-07-17 19:53:24,787 [Worker-36: Building] INFO  o.e.m.c.i.e.AbstractTransferListenerAdapter - Downloaded https://repo.maven.apache.org/maven2/org/wildfly/security/wildfly-elytron-mechanism-gssapi/1.11.2.Final/wildfly-elytron-mechanism-gssapi-1.11.2.Final.pom
2025-07-17 19:53:24,841 [Worker-36: Building] INFO  o.e.m.c.i.e.AbstractTransferListenerAdapter - Downloading https://repo.maven.apache.org/maven2/org/wildfly/security/wildfly-elytron-security-manager-action/1.11.2.Final/wildfly-elytron-security-manager-action-1.11.2.Final.pom
2025-07-17 19:53:24,882 [Worker-36: Building] INFO  o.e.m.c.i.e.AbstractTransferListenerAdapter - Downloaded https://repo.maven.apache.org/maven2/org/wildfly/security/wildfly-elytron-security-manager-action/1.11.2.Final/wildfly-elytron-security-manager-action-1.11.2.Final.pom
2025-07-17 19:53:24,946 [Worker-36: Building] INFO  o.e.m.c.i.e.AbstractTransferListenerAdapter - Downloading https://repo.maven.apache.org/maven2/org/wildfly/security/wildfly-elytron-client/1.11.2.Final/wildfly-elytron-client-1.11.2.Final.pom
2025-07-17 19:53:24,990 [Worker-36: Building] INFO  o.e.m.c.i.e.AbstractTransferListenerAdapter - Downloaded https://repo.maven.apache.org/maven2/org/wildfly/security/wildfly-elytron-client/1.11.2.Final/wildfly-elytron-client-1.11.2.Final.pom
2025-07-17 19:53:25,084 [Worker-36: Building] INFO  o.e.m.c.i.e.AbstractTransferListenerAdapter - Downloading https://repo.maven.apache.org/maven2/org/wildfly/security/wildfly-elytron-credential-source-impl/1.11.2.Final/wildfly-elytron-credential-source-impl-1.11.2.Final.pom
2025-07-17 19:53:25,120 [Worker-36: Building] INFO  o.e.m.c.i.e.AbstractTransferListenerAdapter - Downloaded https://repo.maven.apache.org/maven2/org/wildfly/security/wildfly-elytron-credential-source-impl/1.11.2.Final/wildfly-elytron-credential-source-impl-1.11.2.Final.pom
2025-07-17 19:53:25,172 [Worker-36: Building] INFO  o.e.m.c.i.e.AbstractTransferListenerAdapter - Downloading https://repo.maven.apache.org/maven2/org/wildfly/security/wildfly-elytron-credential-store/1.11.2.Final/wildfly-elytron-credential-store-1.11.2.Final.pom
2025-07-17 19:53:25,210 [Worker-36: Building] INFO  o.e.m.c.i.e.AbstractTransferListenerAdapter - Downloaded https://repo.maven.apache.org/maven2/org/wildfly/security/wildfly-elytron-credential-store/1.11.2.Final/wildfly-elytron-credential-store-1.11.2.Final.pom
2025-07-17 19:53:25,263 [Worker-36: Building] INFO  o.e.m.c.i.e.AbstractTransferListenerAdapter - Downloading https://repo.maven.apache.org/maven2/org/wildfly/security/wildfly-elytron-password-impl/1.11.2.Final/wildfly-elytron-password-impl-1.11.2.Final.pom
2025-07-17 19:53:25,291 [Worker-36: Building] INFO  o.e.m.c.i.e.AbstractTransferListenerAdapter - Downloaded https://repo.maven.apache.org/maven2/org/wildfly/security/wildfly-elytron-password-impl/1.11.2.Final/wildfly-elytron-password-impl-1.11.2.Final.pom
2025-07-17 19:53:25,338 [Worker-36: Building] INFO  o.e.m.c.i.e.AbstractTransferListenerAdapter - Downloading https://repo.maven.apache.org/maven2/org/wildfly/security/wildfly-elytron-x500-cert/1.11.2.Final/wildfly-elytron-x500-cert-1.11.2.Final.pom
2025-07-17 19:53:25,383 [Worker-36: Building] INFO  o.e.m.c.i.e.AbstractTransferListenerAdapter - Downloaded https://repo.maven.apache.org/maven2/org/wildfly/security/wildfly-elytron-x500-cert/1.11.2.Final/wildfly-elytron-x500-cert-1.11.2.Final.pom
2025-07-17 19:53:25,470 [Worker-36: Building] INFO  o.e.m.c.i.e.AbstractTransferListenerAdapter - Downloading https://repo.maven.apache.org/maven2/org/wildfly/security/wildfly-elytron-x500-cert-util/1.11.2.Final/wildfly-elytron-x500-cert-util-1.11.2.Final.pom
2025-07-17 19:53:25,512 [Worker-36: Building] INFO  o.e.m.c.i.e.AbstractTransferListenerAdapter - Downloaded https://repo.maven.apache.org/maven2/org/wildfly/security/wildfly-elytron-x500-cert-util/1.11.2.Final/wildfly-elytron-x500-cert-util-1.11.2.Final.pom
2025-07-17 19:53:25,582 [Worker-36: Building] INFO  o.e.m.c.i.e.AbstractTransferListenerAdapter - Downloading https://repo.maven.apache.org/maven2/org/wildfly/security/wildfly-elytron-credential-source-deprecated/1.11.2.Final/wildfly-elytron-credential-source-deprecated-1.11.2.Final.pom
2025-07-17 19:53:25,624 [Worker-36: Building] INFO  o.e.m.c.i.e.AbstractTransferListenerAdapter - Downloaded https://repo.maven.apache.org/maven2/org/wildfly/security/wildfly-elytron-credential-source-deprecated/1.11.2.Final/wildfly-elytron-credential-source-deprecated-1.11.2.Final.pom
2025-07-17 19:53:25,701 [Worker-36: Building] INFO  o.e.m.c.i.e.AbstractTransferListenerAdapter - Downloading https://repo.maven.apache.org/maven2/org/wildfly/security/wildfly-elytron-digest/1.11.2.Final/wildfly-elytron-digest-1.11.2.Final.pom
2025-07-17 19:53:25,741 [Worker-36: Building] INFO  o.e.m.c.i.e.AbstractTransferListenerAdapter - Downloaded https://repo.maven.apache.org/maven2/org/wildfly/security/wildfly-elytron-digest/1.11.2.Final/wildfly-elytron-digest-1.11.2.Final.pom
2025-07-17 19:53:25,813 [Worker-36: Building] INFO  o.e.m.c.i.e.AbstractTransferListenerAdapter - Downloading https://repo.maven.apache.org/maven2/org/wildfly/security/wildfly-elytron-http-basic/1.11.2.Final/wildfly-elytron-http-basic-1.11.2.Final.pom
2025-07-17 19:53:25,857 [Worker-36: Building] INFO  o.e.m.c.i.e.AbstractTransferListenerAdapter - Downloaded https://repo.maven.apache.org/maven2/org/wildfly/security/wildfly-elytron-http-basic/1.11.2.Final/wildfly-elytron-http-basic-1.11.2.Final.pom
2025-07-17 19:53:25,917 [Worker-36: Building] INFO  o.e.m.c.i.e.AbstractTransferListenerAdapter - Downloading https://repo.maven.apache.org/maven2/org/wildfly/security/wildfly-elytron-mechanism-http/1.11.2.Final/wildfly-elytron-mechanism-http-1.11.2.Final.pom
2025-07-17 19:53:25,958 [Worker-36: Building] INFO  o.e.m.c.i.e.AbstractTransferListenerAdapter - Downloaded https://repo.maven.apache.org/maven2/org/wildfly/security/wildfly-elytron-mechanism-http/1.11.2.Final/wildfly-elytron-mechanism-http-1.11.2.Final.pom
2025-07-17 19:53:26,009 [Worker-36: Building] INFO  o.e.m.c.i.e.AbstractTransferListenerAdapter - Downloading https://repo.maven.apache.org/maven2/org/wildfly/security/wildfly-elytron-http-bearer/1.11.2.Final/wildfly-elytron-http-bearer-1.11.2.Final.pom
2025-07-17 19:53:26,049 [Worker-36: Building] INFO  o.e.m.c.i.e.AbstractTransferListenerAdapter - Downloaded https://repo.maven.apache.org/maven2/org/wildfly/security/wildfly-elytron-http-bearer/1.11.2.Final/wildfly-elytron-http-bearer-1.11.2.Final.pom
2025-07-17 19:53:26,096 [Worker-36: Building] INFO  o.e.m.c.i.e.AbstractTransferListenerAdapter - Downloading https://repo.maven.apache.org/maven2/org/wildfly/security/wildfly-elytron-http-cert/1.11.2.Final/wildfly-elytron-http-cert-1.11.2.Final.pom
2025-07-17 19:53:26,138 [Worker-36: Building] INFO  o.e.m.c.i.e.AbstractTransferListenerAdapter - Downloaded https://repo.maven.apache.org/maven2/org/wildfly/security/wildfly-elytron-http-cert/1.11.2.Final/wildfly-elytron-http-cert-1.11.2.Final.pom
2025-07-17 19:53:26,175 [Worker-36: Building] INFO  o.e.m.c.i.e.AbstractTransferListenerAdapter - Downloading https://repo.maven.apache.org/maven2/org/wildfly/security/wildfly-elytron-http-deprecated/1.11.2.Final/wildfly-elytron-http-deprecated-1.11.2.Final.pom
2025-07-17 19:53:26,222 [Worker-36: Building] INFO  o.e.m.c.i.e.AbstractTransferListenerAdapter - Downloaded https://repo.maven.apache.org/maven2/org/wildfly/security/wildfly-elytron-http-deprecated/1.11.2.Final/wildfly-elytron-http-deprecated-1.11.2.Final.pom
2025-07-17 19:53:26,262 [Worker-36: Building] INFO  o.e.m.c.i.e.AbstractTransferListenerAdapter - Downloading https://repo.maven.apache.org/maven2/org/wildfly/security/wildfly-elytron-http-digest/1.11.2.Final/wildfly-elytron-http-digest-1.11.2.Final.pom
2025-07-17 19:53:26,306 [Worker-36: Building] INFO  o.e.m.c.i.e.AbstractTransferListenerAdapter - Downloaded https://repo.maven.apache.org/maven2/org/wildfly/security/wildfly-elytron-http-digest/1.11.2.Final/wildfly-elytron-http-digest-1.11.2.Final.pom
2025-07-17 19:53:26,343 [Worker-36: Building] INFO  o.e.m.c.i.e.AbstractTransferListenerAdapter - Downloading https://repo.maven.apache.org/maven2/org/wildfly/security/wildfly-elytron-mechanism-digest/1.11.2.Final/wildfly-elytron-mechanism-digest-1.11.2.Final.pom
2025-07-17 19:53:26,367 [Worker-36: Building] INFO  o.e.m.c.i.e.AbstractTransferListenerAdapter - Downloaded https://repo.maven.apache.org/maven2/org/wildfly/security/wildfly-elytron-mechanism-digest/1.11.2.Final/wildfly-elytron-mechanism-digest-1.11.2.Final.pom
2025-07-17 19:53:26,412 [Worker-36: Building] INFO  o.e.m.c.i.e.AbstractTransferListenerAdapter - Downloading https://repo.maven.apache.org/maven2/org/wildfly/security/wildfly-elytron-http-form/1.11.2.Final/wildfly-elytron-http-form-1.11.2.Final.pom
2025-07-17 19:53:26,456 [Worker-36: Building] INFO  o.e.m.c.i.e.AbstractTransferListenerAdapter - Downloaded https://repo.maven.apache.org/maven2/org/wildfly/security/wildfly-elytron-http-form/1.11.2.Final/wildfly-elytron-http-form-1.11.2.Final.pom
2025-07-17 19:53:26,506 [Worker-36: Building] INFO  o.e.m.c.i.e.AbstractTransferListenerAdapter - Downloading https://repo.maven.apache.org/maven2/org/wildfly/security/wildfly-elytron-http-spnego/1.11.2.Final/wildfly-elytron-http-spnego-1.11.2.Final.pom
2025-07-17 19:53:26,539 [Worker-36: Building] INFO  o.e.m.c.i.e.AbstractTransferListenerAdapter - Downloaded https://repo.maven.apache.org/maven2/org/wildfly/security/wildfly-elytron-http-spnego/1.11.2.Final/wildfly-elytron-http-spnego-1.11.2.Final.pom
2025-07-17 19:53:26,578 [Worker-36: Building] INFO  o.e.m.c.i.e.AbstractTransferListenerAdapter - Downloading https://repo.maven.apache.org/maven2/org/wildfly/security/wildfly-elytron-http-util/1.11.2.Final/wildfly-elytron-http-util-1.11.2.Final.pom
2025-07-17 19:53:26,624 [Worker-36: Building] INFO  o.e.m.c.i.e.AbstractTransferListenerAdapter - Downloaded https://repo.maven.apache.org/maven2/org/wildfly/security/wildfly-elytron-http-util/1.11.2.Final/wildfly-elytron-http-util-1.11.2.Final.pom
2025-07-17 19:53:26,660 [Worker-36: Building] INFO  o.e.m.c.i.e.AbstractTransferListenerAdapter - Downloading https://repo.maven.apache.org/maven2/org/wildfly/security/wildfly-elytron-http-sso/1.11.2.Final/wildfly-elytron-http-sso-1.11.2.Final.pom
2025-07-17 19:53:26,698 [Worker-36: Building] INFO  o.e.m.c.i.e.AbstractTransferListenerAdapter - Downloaded https://repo.maven.apache.org/maven2/org/wildfly/security/wildfly-elytron-http-sso/1.11.2.Final/wildfly-elytron-http-sso-1.11.2.Final.pom
2025-07-17 19:53:26,809 [Worker-36: Building] INFO  o.e.m.c.i.e.AbstractTransferListenerAdapter - Downloading https://repo.maven.apache.org/maven2/org/wildfly/security/wildfly-elytron-jacc/1.11.2.Final/wildfly-elytron-jacc-1.11.2.Final.pom
2025-07-17 19:53:26,848 [Worker-36: Building] INFO  o.e.m.c.i.e.AbstractTransferListenerAdapter - Downloaded https://repo.maven.apache.org/maven2/org/wildfly/security/wildfly-elytron-jacc/1.11.2.Final/wildfly-elytron-jacc-1.11.2.Final.pom
2025-07-17 19:53:26,893 [Worker-36: Building] INFO  o.e.m.c.i.e.AbstractTransferListenerAdapter - Downloading https://repo.maven.apache.org/maven2/org/wildfly/security/wildfly-elytron-jaspi/1.11.2.Final/wildfly-elytron-jaspi-1.11.2.Final.pom
2025-07-17 19:53:26,930 [Worker-36: Building] INFO  o.e.m.c.i.e.AbstractTransferListenerAdapter - Downloaded https://repo.maven.apache.org/maven2/org/wildfly/security/wildfly-elytron-jaspi/1.11.2.Final/wildfly-elytron-jaspi-1.11.2.Final.pom
2025-07-17 19:53:26,969 [Worker-36: Building] INFO  o.e.m.c.i.e.AbstractTransferListenerAdapter - Downloading https://repo.maven.apache.org/maven2/org/wildfly/security/wildfly-elytron-realm/1.11.2.Final/wildfly-elytron-realm-1.11.2.Final.pom
2025-07-17 19:53:27,018 [Worker-36: Building] INFO  o.e.m.c.i.e.AbstractTransferListenerAdapter - Downloaded https://repo.maven.apache.org/maven2/org/wildfly/security/wildfly-elytron-realm/1.11.2.Final/wildfly-elytron-realm-1.11.2.Final.pom
2025-07-17 19:53:27,069 [Worker-36: Building] INFO  o.e.m.c.i.e.AbstractTransferListenerAdapter - Downloading https://repo.maven.apache.org/maven2/org/wildfly/security/wildfly-elytron-json-util/1.11.2.Final/wildfly-elytron-json-util-1.11.2.Final.pom
2025-07-17 19:53:27,113 [Worker-36: Building] INFO  o.e.m.c.i.e.AbstractTransferListenerAdapter - Downloaded https://repo.maven.apache.org/maven2/org/wildfly/security/wildfly-elytron-json-util/1.11.2.Final/wildfly-elytron-json-util-1.11.2.Final.pom
2025-07-17 19:53:27,151 [Worker-36: Building] INFO  o.e.m.c.i.e.AbstractTransferListenerAdapter - Downloading https://repo.maven.apache.org/maven2/org/wildfly/security/wildfly-elytron-jwt/1.11.2.Final/wildfly-elytron-jwt-1.11.2.Final.pom
2025-07-17 19:53:27,191 [Worker-36: Building] INFO  o.e.m.c.i.e.AbstractTransferListenerAdapter - Downloaded https://repo.maven.apache.org/maven2/org/wildfly/security/wildfly-elytron-jwt/1.11.2.Final/wildfly-elytron-jwt-1.11.2.Final.pom
2025-07-17 19:53:27,242 [Worker-36: Building] INFO  o.e.m.c.i.e.AbstractTransferListenerAdapter - Downloading https://repo.maven.apache.org/maven2/org/wildfly/security/wildfly-elytron-mechanism-oauth2/1.11.2.Final/wildfly-elytron-mechanism-oauth2-1.11.2.Final.pom
2025-07-17 19:53:27,285 [Worker-36: Building] INFO  o.e.m.c.i.e.AbstractTransferListenerAdapter - Downloaded https://repo.maven.apache.org/maven2/org/wildfly/security/wildfly-elytron-mechanism-oauth2/1.11.2.Final/wildfly-elytron-mechanism-oauth2-1.11.2.Final.pom
2025-07-17 19:53:27,350 [Worker-36: Building] INFO  o.e.m.c.i.e.AbstractTransferListenerAdapter - Downloading https://repo.maven.apache.org/maven2/org/wildfly/security/wildfly-elytron-mechanism-scram/1.11.2.Final/wildfly-elytron-mechanism-scram-1.11.2.Final.pom
2025-07-17 19:53:27,395 [Worker-36: Building] INFO  o.e.m.c.i.e.AbstractTransferListenerAdapter - Downloaded https://repo.maven.apache.org/maven2/org/wildfly/security/wildfly-elytron-mechanism-scram/1.11.2.Final/wildfly-elytron-mechanism-scram-1.11.2.Final.pom
2025-07-17 19:53:27,437 [Worker-36: Building] INFO  o.e.m.c.i.e.AbstractTransferListenerAdapter - Downloading https://repo.maven.apache.org/maven2/org/wildfly/security/wildfly-elytron-realm-jdbc/1.11.2.Final/wildfly-elytron-realm-jdbc-1.11.2.Final.pom
2025-07-17 19:53:27,476 [Worker-36: Building] INFO  o.e.m.c.i.e.AbstractTransferListenerAdapter - Downloaded https://repo.maven.apache.org/maven2/org/wildfly/security/wildfly-elytron-realm-jdbc/1.11.2.Final/wildfly-elytron-realm-jdbc-1.11.2.Final.pom
2025-07-17 19:53:27,515 [Worker-36: Building] INFO  o.e.m.c.i.e.AbstractTransferListenerAdapter - Downloading https://repo.maven.apache.org/maven2/org/wildfly/security/wildfly-elytron-realm-ldap/1.11.2.Final/wildfly-elytron-realm-ldap-1.11.2.Final.pom
2025-07-17 19:53:27,553 [Worker-36: Building] INFO  o.e.m.c.i.e.AbstractTransferListenerAdapter - Downloaded https://repo.maven.apache.org/maven2/org/wildfly/security/wildfly-elytron-realm-ldap/1.11.2.Final/wildfly-elytron-realm-ldap-1.11.2.Final.pom
2025-07-17 19:53:27,601 [Worker-36: Building] INFO  o.e.m.c.i.e.AbstractTransferListenerAdapter - Downloading https://repo.maven.apache.org/maven2/org/wildfly/security/wildfly-elytron-realm-token/1.11.2.Final/wildfly-elytron-realm-token-1.11.2.Final.pom
2025-07-17 19:53:27,643 [Worker-36: Building] INFO  o.e.m.c.i.e.AbstractTransferListenerAdapter - Downloaded https://repo.maven.apache.org/maven2/org/wildfly/security/wildfly-elytron-realm-token/1.11.2.Final/wildfly-elytron-realm-token-1.11.2.Final.pom
2025-07-17 19:53:27,690 [Worker-36: Building] INFO  o.e.m.c.i.e.AbstractTransferListenerAdapter - Downloading https://repo.maven.apache.org/maven2/org/wildfly/security/wildfly-elytron-sasl-anonymous/1.11.2.Final/wildfly-elytron-sasl-anonymous-1.11.2.Final.pom
2025-07-17 19:53:27,726 [Worker-36: Building] INFO  o.e.m.c.i.e.AbstractTransferListenerAdapter - Downloaded https://repo.maven.apache.org/maven2/org/wildfly/security/wildfly-elytron-sasl-anonymous/1.11.2.Final/wildfly-elytron-sasl-anonymous-1.11.2.Final.pom
2025-07-17 19:53:27,762 [Worker-36: Building] INFO  o.e.m.c.i.e.AbstractTransferListenerAdapter - Downloading https://repo.maven.apache.org/maven2/org/wildfly/security/wildfly-elytron-sasl-auth-util/1.11.2.Final/wildfly-elytron-sasl-auth-util-1.11.2.Final.pom
2025-07-17 19:53:27,806 [Worker-36: Building] INFO  o.e.m.c.i.e.AbstractTransferListenerAdapter - Downloaded https://repo.maven.apache.org/maven2/org/wildfly/security/wildfly-elytron-sasl-auth-util/1.11.2.Final/wildfly-elytron-sasl-auth-util-1.11.2.Final.pom
2025-07-17 19:53:27,840 [Worker-36: Building] INFO  o.e.m.c.i.e.AbstractTransferListenerAdapter - Downloading https://repo.maven.apache.org/maven2/org/wildfly/security/wildfly-elytron-sasl-deprecated/1.11.2.Final/wildfly-elytron-sasl-deprecated-1.11.2.Final.pom
2025-07-17 19:53:27,868 [Worker-36: Building] INFO  o.e.m.c.i.e.AbstractTransferListenerAdapter - Downloaded https://repo.maven.apache.org/maven2/org/wildfly/security/wildfly-elytron-sasl-deprecated/1.11.2.Final/wildfly-elytron-sasl-deprecated-1.11.2.Final.pom
2025-07-17 19:53:27,906 [Worker-36: Building] INFO  o.e.m.c.i.e.AbstractTransferListenerAdapter - Downloading https://repo.maven.apache.org/maven2/org/wildfly/security/wildfly-elytron-sasl-digest/1.11.2.Final/wildfly-elytron-sasl-digest-1.11.2.Final.pom
2025-07-17 19:53:27,940 [Worker-36: Building] INFO  o.e.m.c.i.e.AbstractTransferListenerAdapter - Downloaded https://repo.maven.apache.org/maven2/org/wildfly/security/wildfly-elytron-sasl-digest/1.11.2.Final/wildfly-elytron-sasl-digest-1.11.2.Final.pom
2025-07-17 19:53:27,976 [Worker-36: Building] INFO  o.e.m.c.i.e.AbstractTransferListenerAdapter - Downloading https://repo.maven.apache.org/maven2/org/wildfly/security/wildfly-elytron-sasl-entity/1.11.2.Final/wildfly-elytron-sasl-entity-1.11.2.Final.pom
2025-07-17 19:53:28,011 [Worker-36: Building] INFO  o.e.m.c.i.e.AbstractTransferListenerAdapter - Downloaded https://repo.maven.apache.org/maven2/org/wildfly/security/wildfly-elytron-sasl-entity/1.11.2.Final/wildfly-elytron-sasl-entity-1.11.2.Final.pom
2025-07-17 19:53:28,063 [Worker-36: Building] INFO  o.e.m.c.i.e.AbstractTransferListenerAdapter - Downloading https://repo.maven.apache.org/maven2/org/wildfly/security/wildfly-elytron-sasl-external/1.11.2.Final/wildfly-elytron-sasl-external-1.11.2.Final.pom
2025-07-17 19:53:28,083 [Worker-36: Building] INFO  o.e.m.c.i.e.AbstractTransferListenerAdapter - Downloaded https://repo.maven.apache.org/maven2/org/wildfly/security/wildfly-elytron-sasl-external/1.11.2.Final/wildfly-elytron-sasl-external-1.11.2.Final.pom
2025-07-17 19:53:28,154 [Worker-36: Building] INFO  o.e.m.c.i.e.AbstractTransferListenerAdapter - Downloading https://repo.maven.apache.org/maven2/org/wildfly/security/wildfly-elytron-sasl-gs2/1.11.2.Final/wildfly-elytron-sasl-gs2-1.11.2.Final.pom
2025-07-17 19:53:28,189 [Worker-36: Building] INFO  o.e.m.c.i.e.AbstractTransferListenerAdapter - Downloaded https://repo.maven.apache.org/maven2/org/wildfly/security/wildfly-elytron-sasl-gs2/1.11.2.Final/wildfly-elytron-sasl-gs2-1.11.2.Final.pom
2025-07-17 19:53:28,289 [Worker-36: Building] INFO  o.e.m.c.i.e.AbstractTransferListenerAdapter - Downloading https://repo.maven.apache.org/maven2/org/wildfly/security/wildfly-elytron-sasl-gssapi/1.11.2.Final/wildfly-elytron-sasl-gssapi-1.11.2.Final.pom
2025-07-17 19:53:28,331 [Worker-36: Building] INFO  o.e.m.c.i.e.AbstractTransferListenerAdapter - Downloaded https://repo.maven.apache.org/maven2/org/wildfly/security/wildfly-elytron-sasl-gssapi/1.11.2.Final/wildfly-elytron-sasl-gssapi-1.11.2.Final.pom
2025-07-17 19:53:28,406 [Worker-36: Building] INFO  o.e.m.c.i.e.AbstractTransferListenerAdapter - Downloading https://repo.maven.apache.org/maven2/org/wildfly/security/wildfly-elytron-sasl-localuser/1.11.2.Final/wildfly-elytron-sasl-localuser-1.11.2.Final.pom
2025-07-17 19:53:28,444 [Worker-36: Building] INFO  o.e.m.c.i.e.AbstractTransferListenerAdapter - Downloaded https://repo.maven.apache.org/maven2/org/wildfly/security/wildfly-elytron-sasl-localuser/1.11.2.Final/wildfly-elytron-sasl-localuser-1.11.2.Final.pom
2025-07-17 19:53:28,533 [Worker-36: Building] INFO  o.e.m.c.i.e.AbstractTransferListenerAdapter - Downloading https://repo.maven.apache.org/maven2/org/wildfly/security/wildfly-elytron-sasl-oauth2/1.11.2.Final/wildfly-elytron-sasl-oauth2-1.11.2.Final.pom
2025-07-17 19:53:28,569 [Worker-36: Building] INFO  o.e.m.c.i.e.AbstractTransferListenerAdapter - Downloaded https://repo.maven.apache.org/maven2/org/wildfly/security/wildfly-elytron-sasl-oauth2/1.11.2.Final/wildfly-elytron-sasl-oauth2-1.11.2.Final.pom
2025-07-17 19:53:28,668 [Worker-36: Building] INFO  o.e.m.c.i.e.AbstractTransferListenerAdapter - Downloading https://repo.maven.apache.org/maven2/org/wildfly/security/wildfly-elytron-sasl-otp/1.11.2.Final/wildfly-elytron-sasl-otp-1.11.2.Final.pom
2025-07-17 19:53:28,706 [Worker-36: Building] INFO  o.e.m.c.i.e.AbstractTransferListenerAdapter - Downloaded https://repo.maven.apache.org/maven2/org/wildfly/security/wildfly-elytron-sasl-otp/1.11.2.Final/wildfly-elytron-sasl-otp-1.11.2.Final.pom
2025-07-17 19:53:28,783 [Worker-36: Building] INFO  o.e.m.c.i.e.AbstractTransferListenerAdapter - Downloading https://repo.maven.apache.org/maven2/org/wildfly/security/wildfly-elytron-sasl-plain/1.11.2.Final/wildfly-elytron-sasl-plain-1.11.2.Final.pom
2025-07-17 19:53:28,826 [Worker-36: Building] INFO  o.e.m.c.i.e.AbstractTransferListenerAdapter - Downloaded https://repo.maven.apache.org/maven2/org/wildfly/security/wildfly-elytron-sasl-plain/1.11.2.Final/wildfly-elytron-sasl-plain-1.11.2.Final.pom
2025-07-17 19:53:28,923 [Worker-36: Building] INFO  o.e.m.c.i.e.AbstractTransferListenerAdapter - Downloading https://repo.maven.apache.org/maven2/org/wildfly/security/wildfly-elytron-sasl-scram/1.11.2.Final/wildfly-elytron-sasl-scram-1.11.2.Final.pom
2025-07-17 19:53:28,963 [Worker-36: Building] INFO  o.e.m.c.i.e.AbstractTransferListenerAdapter - Downloaded https://repo.maven.apache.org/maven2/org/wildfly/security/wildfly-elytron-sasl-scram/1.11.2.Final/wildfly-elytron-sasl-scram-1.11.2.Final.pom
2025-07-17 19:53:29,077 [Worker-36: Building] INFO  o.e.m.c.i.e.AbstractTransferListenerAdapter - Downloading https://repo.maven.apache.org/maven2/org/wildfly/security/wildfly-elytron-security-manager/1.11.2.Final/wildfly-elytron-security-manager-1.11.2.Final.pom
2025-07-17 19:53:29,122 [Worker-36: Building] INFO  o.e.m.c.i.e.AbstractTransferListenerAdapter - Downloaded https://repo.maven.apache.org/maven2/org/wildfly/security/wildfly-elytron-security-manager/1.11.2.Final/wildfly-elytron-security-manager-1.11.2.Final.pom
2025-07-17 19:53:29,209 [Worker-36: Building] INFO  o.e.m.c.i.e.AbstractTransferListenerAdapter - Downloading https://repo.maven.apache.org/maven2/org/wildfly/security/wildfly-elytron-x500-cert-acme/1.11.2.Final/wildfly-elytron-x500-cert-acme-1.11.2.Final.pom
2025-07-17 19:53:29,249 [Worker-36: Building] INFO  o.e.m.c.i.e.AbstractTransferListenerAdapter - Downloaded https://repo.maven.apache.org/maven2/org/wildfly/security/wildfly-elytron-x500-cert-acme/1.11.2.Final/wildfly-elytron-x500-cert-acme-1.11.2.Final.pom
2025-07-17 19:53:29,322 [Worker-36: Building] INFO  o.e.m.c.i.e.AbstractTransferListenerAdapter - Downloading https://repo.maven.apache.org/maven2/org/wildfly/security/wildfly-elytron-x500-deprecated/1.11.2.Final/wildfly-elytron-x500-deprecated-1.11.2.Final.pom
2025-07-17 19:53:29,367 [Worker-36: Building] INFO  o.e.m.c.i.e.AbstractTransferListenerAdapter - Downloaded https://repo.maven.apache.org/maven2/org/wildfly/security/wildfly-elytron-x500-deprecated/1.11.2.Final/wildfly-elytron-x500-deprecated-1.11.2.Final.pom
2025-07-17 19:53:29,448 [Worker-36: Building] INFO  o.e.m.c.i.e.AbstractTransferListenerAdapter - Downloading https://repo.maven.apache.org/maven2/org/wildfly/security/wildfly-elytron-x500-principal/1.11.2.Final/wildfly-elytron-x500-principal-1.11.2.Final.pom
2025-07-17 19:53:29,493 [Worker-36: Building] INFO  o.e.m.c.i.e.AbstractTransferListenerAdapter - Downloaded https://repo.maven.apache.org/maven2/org/wildfly/security/wildfly-elytron-x500-principal/1.11.2.Final/wildfly-elytron-x500-principal-1.11.2.Final.pom
2025-07-17 19:53:29,553 [Worker-36: Building] INFO  o.e.m.c.i.e.AbstractTransferListenerAdapter - Downloading https://repo.maven.apache.org/maven2/org/wildfly/wildfly-naming-client/1.0.4.Final/wildfly-naming-client-1.0.4.Final.pom
2025-07-17 19:53:29,594 [Worker-36: Building] INFO  o.e.m.c.i.e.AbstractTransferListenerAdapter - Downloaded https://repo.maven.apache.org/maven2/org/wildfly/wildfly-naming-client/1.0.4.Final/wildfly-naming-client-1.0.4.Final.pom
2025-07-17 19:53:29,665 [Worker-36: Building] INFO  o.e.m.c.i.e.AbstractTransferListenerAdapter - Downloading https://repo.maven.apache.org/maven2/org/jboss/spec/javax/resource/jboss-connector-api_1.7_spec/1.0.0.Final/jboss-connector-api_1.7_spec-1.0.0.Final.pom
2025-07-17 19:53:29,702 [Worker-36: Building] INFO  o.e.m.c.i.e.AbstractTransferListenerAdapter - Downloaded https://repo.maven.apache.org/maven2/org/jboss/spec/javax/resource/jboss-connector-api_1.7_spec/1.0.0.Final/jboss-connector-api_1.7_spec-1.0.0.Final.pom
2025-07-17 19:53:29,757 [Worker-36: Building] INFO  o.e.m.c.i.e.AbstractTransferListenerAdapter - Downloading https://repo.maven.apache.org/maven2/org/jboss/marshalling/jboss-marshalling/2.0.12.Final/jboss-marshalling-2.0.12.Final.pom
2025-07-17 19:53:29,796 [Worker-36: Building] INFO  o.e.m.c.i.e.AbstractTransferListenerAdapter - Downloaded https://repo.maven.apache.org/maven2/org/jboss/marshalling/jboss-marshalling/2.0.12.Final/jboss-marshalling-2.0.12.Final.pom
2025-07-17 19:53:29,872 [Worker-36: Building] INFO  o.e.m.c.i.e.AbstractTransferListenerAdapter - Downloading https://repo.maven.apache.org/maven2/org/jboss/marshalling/jboss-marshalling-parent/2.0.12.Final/jboss-marshalling-parent-2.0.12.Final.pom
2025-07-17 19:53:29,911 [Worker-36: Building] INFO  o.e.m.c.i.e.AbstractTransferListenerAdapter - Downloaded https://repo.maven.apache.org/maven2/org/jboss/marshalling/jboss-marshalling-parent/2.0.12.Final/jboss-marshalling-parent-2.0.12.Final.pom
2025-07-17 19:53:29,990 [Worker-36: Building] INFO  o.e.m.c.i.e.AbstractTransferListenerAdapter - Downloading https://repo.maven.apache.org/maven2/org/jboss/marshalling/jboss-marshalling-river/2.0.12.Final/jboss-marshalling-river-2.0.12.Final.pom
2025-07-17 19:53:30,027 [Worker-36: Building] INFO  o.e.m.c.i.e.AbstractTransferListenerAdapter - Downloaded https://repo.maven.apache.org/maven2/org/jboss/marshalling/jboss-marshalling-river/2.0.12.Final/jboss-marshalling-river-2.0.12.Final.pom
2025-07-17 19:53:30,121 [Worker-36: Building] INFO  o.e.m.c.i.e.AbstractTransferListenerAdapter - Downloading https://repo.maven.apache.org/maven2/org/jboss/xnio/xnio-api/3.8.7.Final/xnio-api-3.8.7.Final.pom
2025-07-17 19:53:30,167 [Worker-36: Building] INFO  o.e.m.c.i.e.AbstractTransferListenerAdapter - Downloaded https://repo.maven.apache.org/maven2/org/jboss/xnio/xnio-api/3.8.7.Final/xnio-api-3.8.7.Final.pom
2025-07-17 19:53:30,308 [Worker-36: Building] INFO  o.e.m.c.i.e.AbstractTransferListenerAdapter - Downloading https://repo.maven.apache.org/maven2/org/jboss/xnio/xnio-all/3.8.7.Final/xnio-all-3.8.7.Final.pom
2025-07-17 19:53:30,339 [Worker-36: Building] INFO  o.e.m.c.i.e.AbstractTransferListenerAdapter - Downloaded https://repo.maven.apache.org/maven2/org/jboss/xnio/xnio-all/3.8.7.Final/xnio-all-3.8.7.Final.pom
2025-07-17 19:53:30,467 [Worker-36: Building] INFO  o.e.m.c.i.e.AbstractTransferListenerAdapter - Downloading https://repo.maven.apache.org/maven2/org/jboss/jboss-parent/39/jboss-parent-39.pom
2025-07-17 19:53:30,541 [Worker-36: Building] INFO  o.e.m.c.i.e.AbstractTransferListenerAdapter - Downloaded https://repo.maven.apache.org/maven2/org/jboss/jboss-parent/39/jboss-parent-39.pom
2025-07-17 19:53:30,673 [Worker-36: Building] INFO  o.e.m.c.i.e.AbstractTransferListenerAdapter - Downloading https://repo.maven.apache.org/maven2/org/jboss/threads/jboss-threads/2.3.6.Final/jboss-threads-2.3.6.Final.pom
2025-07-17 19:53:30,721 [Worker-36: Building] INFO  o.e.m.c.i.e.AbstractTransferListenerAdapter - Downloaded https://repo.maven.apache.org/maven2/org/jboss/threads/jboss-threads/2.3.6.Final/jboss-threads-2.3.6.Final.pom
2025-07-17 19:53:30,845 [Worker-36: Building] INFO  o.e.m.c.i.e.AbstractTransferListenerAdapter - Downloading https://repo.maven.apache.org/maven2/org/jboss/threads/jboss-threads/2.4.0.Final/jboss-threads-2.4.0.Final.pom
2025-07-17 19:53:30,880 [Worker-36: Building] INFO  o.e.m.c.i.e.AbstractTransferListenerAdapter - Downloaded https://repo.maven.apache.org/maven2/org/jboss/threads/jboss-threads/2.4.0.Final/jboss-threads-2.4.0.Final.pom
2025-07-17 19:53:31,299 [Worker-36: Building] INFO  o.e.m.c.i.e.AbstractTransferListenerAdapter - Downloading https://repo.maven.apache.org/maven2/org/jboss/xnio/xnio-nio/3.8.7.Final/xnio-nio-3.8.7.Final.pom
2025-07-17 19:53:31,356 [Worker-36: Building] INFO  o.e.m.c.i.e.AbstractTransferListenerAdapter - Downloaded https://repo.maven.apache.org/maven2/org/jboss/xnio/xnio-nio/3.8.7.Final/xnio-nio-3.8.7.Final.pom
2025-07-17 19:53:31,475 [Worker-36: Building] INFO  o.e.m.c.i.e.AbstractTransferListenerAdapter - Downloading https://repo.maven.apache.org/maven2/org/jboss/remoting/jboss-remoting/5.0.24.Final/jboss-remoting-5.0.24.Final.pom
2025-07-17 19:53:31,508 [Worker-36: Building] INFO  o.e.m.c.i.e.AbstractTransferListenerAdapter - Downloaded https://repo.maven.apache.org/maven2/org/jboss/remoting/jboss-remoting/5.0.24.Final/jboss-remoting-5.0.24.Final.pom
2025-07-17 19:53:32,104 [Worker-39: Updating Maven Dependencies] INFO  o.e.m.c.i.e.AbstractTransferListenerAdapter - Downloading https://repo.maven.apache.org/maven2/org/wildfly/security/wildfly-elytron/1.19.0.Final/wildfly-elytron-1.19.0.Final.pom
2025-07-17 19:53:32,156 [Worker-39: Updating Maven Dependencies] INFO  o.e.m.c.i.e.AbstractTransferListenerAdapter - Downloaded https://repo.maven.apache.org/maven2/org/wildfly/security/wildfly-elytron/1.19.0.Final/wildfly-elytron-1.19.0.Final.pom
2025-07-17 19:53:32,243 [Worker-39: Updating Maven Dependencies] INFO  o.e.m.c.i.e.AbstractTransferListenerAdapter - Downloading https://repo.maven.apache.org/maven2/org/wildfly/security/wildfly-elytron-parent/1.19.0.Final/wildfly-elytron-parent-1.19.0.Final.pom
2025-07-17 19:53:32,303 [Worker-39: Updating Maven Dependencies] INFO  o.e.m.c.i.e.AbstractTransferListenerAdapter - Downloaded https://repo.maven.apache.org/maven2/org/wildfly/security/wildfly-elytron-parent/1.19.0.Final/wildfly-elytron-parent-1.19.0.Final.pom
2025-07-17 19:53:32,389 [Worker-39: Updating Maven Dependencies] INFO  o.e.m.c.i.e.AbstractTransferListenerAdapter - Downloading https://repo.maven.apache.org/maven2/org/wildfly/security/wildfly-elytron-asn1/1.19.0.Final/wildfly-elytron-asn1-1.19.0.Final.pom
2025-07-17 19:53:32,433 [Worker-39: Updating Maven Dependencies] INFO  o.e.m.c.i.e.AbstractTransferListenerAdapter - Downloaded https://repo.maven.apache.org/maven2/org/wildfly/security/wildfly-elytron-asn1/1.19.0.Final/wildfly-elytron-asn1-1.19.0.Final.pom
2025-07-17 19:53:32,812 [Worker-39: Updating Maven Dependencies] INFO  o.e.m.c.i.e.AbstractTransferListenerAdapter - Downloading https://repo.maven.apache.org/maven2/org/wildfly/security/wildfly-elytron-audit/1.19.0.Final/wildfly-elytron-audit-1.19.0.Final.pom
2025-07-17 19:53:32,842 [Worker-39: Updating Maven Dependencies] INFO  o.e.m.c.i.e.AbstractTransferListenerAdapter - Downloaded https://repo.maven.apache.org/maven2/org/wildfly/security/wildfly-elytron-audit/1.19.0.Final/wildfly-elytron-audit-1.19.0.Final.pom
2025-07-17 19:53:32,924 [Worker-39: Updating Maven Dependencies] INFO  o.e.m.c.i.e.AbstractTransferListenerAdapter - Downloading https://repo.maven.apache.org/maven2/org/wildfly/security/wildfly-elytron-auth-server/1.19.0.Final/wildfly-elytron-auth-server-1.19.0.Final.pom
2025-07-17 19:53:32,956 [Worker-39: Updating Maven Dependencies] INFO  o.e.m.c.i.e.AbstractTransferListenerAdapter - Downloaded https://repo.maven.apache.org/maven2/org/wildfly/security/wildfly-elytron-auth-server/1.19.0.Final/wildfly-elytron-auth-server-1.19.0.Final.pom
2025-07-17 19:53:33,029 [Worker-39: Updating Maven Dependencies] INFO  o.e.m.c.i.e.AbstractTransferListenerAdapter - Downloading https://repo.maven.apache.org/maven2/org/wildfly/security/wildfly-elytron-auth/1.19.0.Final/wildfly-elytron-auth-1.19.0.Final.pom
2025-07-17 19:53:33,068 [Worker-39: Updating Maven Dependencies] INFO  o.e.m.c.i.e.AbstractTransferListenerAdapter - Downloaded https://repo.maven.apache.org/maven2/org/wildfly/security/wildfly-elytron-auth/1.19.0.Final/wildfly-elytron-auth-1.19.0.Final.pom
2025-07-17 19:53:33,155 [Worker-39: Updating Maven Dependencies] INFO  o.e.m.c.i.e.AbstractTransferListenerAdapter - Downloading https://repo.maven.apache.org/maven2/org/wildfly/security/wildfly-elytron-util/1.19.0.Final/wildfly-elytron-util-1.19.0.Final.pom
2025-07-17 19:53:33,189 [Worker-39: Updating Maven Dependencies] INFO  o.e.m.c.i.e.AbstractTransferListenerAdapter - Downloaded https://repo.maven.apache.org/maven2/org/wildfly/security/wildfly-elytron-util/1.19.0.Final/wildfly-elytron-util-1.19.0.Final.pom
2025-07-17 19:53:33,269 [Worker-39: Updating Maven Dependencies] INFO  o.e.m.c.i.e.AbstractTransferListenerAdapter - Downloading https://repo.maven.apache.org/maven2/org/wildfly/security/wildfly-elytron-base/1.19.0.Final/wildfly-elytron-base-1.19.0.Final.pom
2025-07-17 19:53:33,317 [Worker-39: Updating Maven Dependencies] INFO  o.e.m.c.i.e.AbstractTransferListenerAdapter - Downloaded https://repo.maven.apache.org/maven2/org/wildfly/security/wildfly-elytron-base/1.19.0.Final/wildfly-elytron-base-1.19.0.Final.pom
2025-07-17 19:53:33,407 [Worker-39: Updating Maven Dependencies] INFO  o.e.m.c.i.e.AbstractTransferListenerAdapter - Downloading https://repo.maven.apache.org/maven2/org/wildfly/security/wildfly-elytron-credential/1.19.0.Final/wildfly-elytron-credential-1.19.0.Final.pom
2025-07-17 19:53:33,447 [Worker-39: Updating Maven Dependencies] INFO  o.e.m.c.i.e.AbstractTransferListenerAdapter - Downloaded https://repo.maven.apache.org/maven2/org/wildfly/security/wildfly-elytron-credential/1.19.0.Final/wildfly-elytron-credential-1.19.0.Final.pom
2025-07-17 19:53:33,542 [Worker-39: Updating Maven Dependencies] INFO  o.e.m.c.i.e.AbstractTransferListenerAdapter - Downloading https://repo.maven.apache.org/maven2/org/wildfly/security/wildfly-elytron-keystore/1.19.0.Final/wildfly-elytron-keystore-1.19.0.Final.pom
2025-07-17 19:53:33,585 [Worker-39: Updating Maven Dependencies] INFO  o.e.m.c.i.e.AbstractTransferListenerAdapter - Downloaded https://repo.maven.apache.org/maven2/org/wildfly/security/wildfly-elytron-keystore/1.19.0.Final/wildfly-elytron-keystore-1.19.0.Final.pom
2025-07-17 19:53:33,690 [Worker-39: Updating Maven Dependencies] INFO  o.e.m.c.i.e.AbstractTransferListenerAdapter - Downloading https://repo.maven.apache.org/maven2/org/wildfly/security/wildfly-elytron-provider-util/1.19.0.Final/wildfly-elytron-provider-util-1.19.0.Final.pom
2025-07-17 19:53:33,732 [Worker-39: Updating Maven Dependencies] INFO  o.e.m.c.i.e.AbstractTransferListenerAdapter - Downloaded https://repo.maven.apache.org/maven2/org/wildfly/security/wildfly-elytron-provider-util/1.19.0.Final/wildfly-elytron-provider-util-1.19.0.Final.pom
2025-07-17 19:53:33,844 [Worker-39: Updating Maven Dependencies] INFO  o.e.m.c.i.e.AbstractTransferListenerAdapter - Downloading https://repo.maven.apache.org/maven2/org/wildfly/security/wildfly-elytron-x500-cert/1.19.0.Final/wildfly-elytron-x500-cert-1.19.0.Final.pom
2025-07-17 19:53:33,892 [Worker-39: Updating Maven Dependencies] INFO  o.e.m.c.i.e.AbstractTransferListenerAdapter - Downloaded https://repo.maven.apache.org/maven2/org/wildfly/security/wildfly-elytron-x500-cert/1.19.0.Final/wildfly-elytron-x500-cert-1.19.0.Final.pom
2025-07-17 19:53:34,014 [Worker-39: Updating Maven Dependencies] INFO  o.e.m.c.i.e.AbstractTransferListenerAdapter - Downloading https://repo.maven.apache.org/maven2/org/wildfly/security/wildfly-elytron-x500/1.19.0.Final/wildfly-elytron-x500-1.19.0.Final.pom
2025-07-17 19:53:34,048 [Worker-39: Updating Maven Dependencies] INFO  o.e.m.c.i.e.AbstractTransferListenerAdapter - Downloaded https://repo.maven.apache.org/maven2/org/wildfly/security/wildfly-elytron-x500/1.19.0.Final/wildfly-elytron-x500-1.19.0.Final.pom
2025-07-17 19:53:34,160 [Worker-39: Updating Maven Dependencies] INFO  o.e.m.c.i.e.AbstractTransferListenerAdapter - Downloading https://repo.maven.apache.org/maven2/org/wildfly/security/wildfly-elytron-x500-cert-util/1.19.0.Final/wildfly-elytron-x500-cert-util-1.19.0.Final.pom
2025-07-17 19:53:34,200 [Worker-39: Updating Maven Dependencies] INFO  o.e.m.c.i.e.AbstractTransferListenerAdapter - Downloaded https://repo.maven.apache.org/maven2/org/wildfly/security/wildfly-elytron-x500-cert-util/1.19.0.Final/wildfly-elytron-x500-cert-util-1.19.0.Final.pom
2025-07-17 19:53:34,355 [Worker-39: Updating Maven Dependencies] INFO  o.e.m.c.i.e.AbstractTransferListenerAdapter - Downloading https://repo.maven.apache.org/maven2/org/apache/sshd/sshd-common/2.7.0/sshd-common-2.7.0.pom
2025-07-17 19:53:34,400 [Worker-39: Updating Maven Dependencies] INFO  o.e.m.c.i.e.AbstractTransferListenerAdapter - Downloaded https://repo.maven.apache.org/maven2/org/apache/sshd/sshd-common/2.7.0/sshd-common-2.7.0.pom
2025-07-17 19:53:34,508 [Worker-39: Updating Maven Dependencies] INFO  o.e.m.c.i.e.AbstractTransferListenerAdapter - Downloading https://repo.maven.apache.org/maven2/org/apache/sshd/sshd/2.7.0/sshd-2.7.0.pom
2025-07-17 19:53:34,608 [Worker-39: Updating Maven Dependencies] INFO  o.e.m.c.i.e.AbstractTransferListenerAdapter - Downloaded https://repo.maven.apache.org/maven2/org/apache/sshd/sshd/2.7.0/sshd-2.7.0.pom
2025-07-17 19:53:34,723 [Worker-39: Updating Maven Dependencies] INFO  o.e.m.c.i.e.AbstractTransferListenerAdapter - Downloading https://repo.maven.apache.org/maven2/org/springframework/spring-framework-bom/5.3.6/spring-framework-bom-5.3.6.pom
2025-07-17 19:53:34,763 [Worker-39: Updating Maven Dependencies] INFO  o.e.m.c.i.e.AbstractTransferListenerAdapter - Downloaded https://repo.maven.apache.org/maven2/org/springframework/spring-framework-bom/5.3.6/spring-framework-bom-5.3.6.pom
2025-07-17 19:53:34,831 [Worker-39: Updating Maven Dependencies] INFO  o.e.m.c.i.e.AbstractTransferListenerAdapter - Downloading https://repo.maven.apache.org/maven2/org/slf4j/slf4j-api/1.7.30/slf4j-api-1.7.30.pom
2025-07-17 19:53:34,851 [Worker-39: Updating Maven Dependencies] INFO  o.e.m.c.i.e.AbstractTransferListenerAdapter - Downloaded https://repo.maven.apache.org/maven2/org/slf4j/slf4j-api/1.7.30/slf4j-api-1.7.30.pom
2025-07-17 19:53:34,927 [Worker-39: Updating Maven Dependencies] INFO  o.e.m.c.i.e.AbstractTransferListenerAdapter - Downloading https://repo.maven.apache.org/maven2/org/slf4j/slf4j-parent/1.7.30/slf4j-parent-1.7.30.pom
2025-07-17 19:53:34,969 [Worker-39: Updating Maven Dependencies] INFO  o.e.m.c.i.e.AbstractTransferListenerAdapter - Downloaded https://repo.maven.apache.org/maven2/org/slf4j/slf4j-parent/1.7.30/slf4j-parent-1.7.30.pom
2025-07-17 19:53:35,067 [Worker-39: Updating Maven Dependencies] INFO  o.e.m.c.i.e.AbstractTransferListenerAdapter - Downloading https://repo.maven.apache.org/maven2/org/slf4j/jcl-over-slf4j/1.7.30/jcl-over-slf4j-1.7.30.pom
2025-07-17 19:53:35,104 [Worker-39: Updating Maven Dependencies] INFO  o.e.m.c.i.e.AbstractTransferListenerAdapter - Downloaded https://repo.maven.apache.org/maven2/org/slf4j/jcl-over-slf4j/1.7.30/jcl-over-slf4j-1.7.30.pom
2025-07-17 19:53:35,185 [Worker-39: Updating Maven Dependencies] INFO  o.e.m.c.i.e.AbstractTransferListenerAdapter - Downloading https://repo.maven.apache.org/maven2/org/wildfly/security/wildfly-elytron-permission/1.19.0.Final/wildfly-elytron-permission-1.19.0.Final.pom
2025-07-17 19:53:35,205 [Worker-39: Updating Maven Dependencies] INFO  o.e.m.c.i.e.AbstractTransferListenerAdapter - Downloaded https://repo.maven.apache.org/maven2/org/wildfly/security/wildfly-elytron-permission/1.19.0.Final/wildfly-elytron-permission-1.19.0.Final.pom
2025-07-17 19:53:35,274 [Worker-39: Updating Maven Dependencies] INFO  o.e.m.c.i.e.AbstractTransferListenerAdapter - Downloading https://repo.maven.apache.org/maven2/org/wildfly/security/wildfly-elytron-auth-server-deprecated/1.19.0.Final/wildfly-elytron-auth-server-deprecated-1.19.0.Final.pom
2025-07-17 19:53:35,305 [Worker-39: Updating Maven Dependencies] INFO  o.e.m.c.i.e.AbstractTransferListenerAdapter - Downloaded https://repo.maven.apache.org/maven2/org/wildfly/security/wildfly-elytron-auth-server-deprecated/1.19.0.Final/wildfly-elytron-auth-server-deprecated-1.19.0.Final.pom
2025-07-17 19:53:35,384 [Worker-39: Updating Maven Dependencies] INFO  o.e.m.c.i.e.AbstractTransferListenerAdapter - Downloading https://repo.maven.apache.org/maven2/org/wildfly/security/wildfly-elytron-http/1.19.0.Final/wildfly-elytron-http-1.19.0.Final.pom
2025-07-17 19:53:35,411 [Worker-39: Updating Maven Dependencies] INFO  o.e.m.c.i.e.AbstractTransferListenerAdapter - Downloaded https://repo.maven.apache.org/maven2/org/wildfly/security/wildfly-elytron-http/1.19.0.Final/wildfly-elytron-http-1.19.0.Final.pom
2025-07-17 19:53:35,466 [Worker-39: Updating Maven Dependencies] INFO  o.e.m.c.i.e.AbstractTransferListenerAdapter - Downloading https://repo.maven.apache.org/maven2/org/wildfly/security/wildfly-elytron-auth-server-http/1.19.0.Final/wildfly-elytron-auth-server-http-1.19.0.Final.pom
2025-07-17 19:53:35,500 [Worker-39: Updating Maven Dependencies] INFO  o.e.m.c.i.e.AbstractTransferListenerAdapter - Downloaded https://repo.maven.apache.org/maven2/org/wildfly/security/wildfly-elytron-auth-server-http/1.19.0.Final/wildfly-elytron-auth-server-http-1.19.0.Final.pom
2025-07-17 19:53:35,549 [Worker-39: Updating Maven Dependencies] INFO  o.e.m.c.i.e.AbstractTransferListenerAdapter - Downloading https://repo.maven.apache.org/maven2/org/wildfly/security/wildfly-elytron-auth-server-sasl/1.19.0.Final/wildfly-elytron-auth-server-sasl-1.19.0.Final.pom
2025-07-17 19:53:35,589 [Worker-39: Updating Maven Dependencies] INFO  o.e.m.c.i.e.AbstractTransferListenerAdapter - Downloaded https://repo.maven.apache.org/maven2/org/wildfly/security/wildfly-elytron-auth-server-sasl/1.19.0.Final/wildfly-elytron-auth-server-sasl-1.19.0.Final.pom
2025-07-17 19:53:35,645 [Worker-39: Updating Maven Dependencies] INFO  o.e.m.c.i.e.AbstractTransferListenerAdapter - Downloading https://repo.maven.apache.org/maven2/org/wildfly/security/wildfly-elytron-sasl/1.19.0.Final/wildfly-elytron-sasl-1.19.0.Final.pom
2025-07-17 19:53:35,679 [Worker-39: Updating Maven Dependencies] INFO  o.e.m.c.i.e.AbstractTransferListenerAdapter - Downloaded https://repo.maven.apache.org/maven2/org/wildfly/security/wildfly-elytron-sasl/1.19.0.Final/wildfly-elytron-sasl-1.19.0.Final.pom
2025-07-17 19:53:35,757 [Worker-39: Updating Maven Dependencies] INFO  o.e.m.c.i.e.AbstractTransferListenerAdapter - Downloading https://repo.maven.apache.org/maven2/org/wildfly/security/wildfly-elytron-mechanism/1.19.0.Final/wildfly-elytron-mechanism-1.19.0.Final.pom
2025-07-17 19:53:35,793 [Worker-39: Updating Maven Dependencies] INFO  o.e.m.c.i.e.AbstractTransferListenerAdapter - Downloaded https://repo.maven.apache.org/maven2/org/wildfly/security/wildfly-elytron-mechanism/1.19.0.Final/wildfly-elytron-mechanism-1.19.0.Final.pom
2025-07-17 19:53:35,866 [Worker-39: Updating Maven Dependencies] INFO  o.e.m.c.i.e.AbstractTransferListenerAdapter - Downloading https://repo.maven.apache.org/maven2/org/wildfly/security/wildfly-elytron-ssl/1.19.0.Final/wildfly-elytron-ssl-1.19.0.Final.pom
2025-07-17 19:53:35,901 [Worker-39: Updating Maven Dependencies] INFO  o.e.m.c.i.e.AbstractTransferListenerAdapter - Downloaded https://repo.maven.apache.org/maven2/org/wildfly/security/wildfly-elytron-ssl/1.19.0.Final/wildfly-elytron-ssl-1.19.0.Final.pom
2025-07-17 19:53:35,949 [Worker-39: Updating Maven Dependencies] INFO  o.e.m.c.i.e.AbstractTransferListenerAdapter - Downloading https://repo.maven.apache.org/maven2/org/wildfly/security/wildfly-elytron-auth-util/1.19.0.Final/wildfly-elytron-auth-util-1.19.0.Final.pom
2025-07-17 19:53:35,986 [Worker-39: Updating Maven Dependencies] INFO  o.e.m.c.i.e.AbstractTransferListenerAdapter - Downloaded https://repo.maven.apache.org/maven2/org/wildfly/security/wildfly-elytron-auth-util/1.19.0.Final/wildfly-elytron-auth-util-1.19.0.Final.pom
2025-07-17 19:53:36,050 [Worker-39: Updating Maven Dependencies] INFO  o.e.m.c.i.e.AbstractTransferListenerAdapter - Downloading https://repo.maven.apache.org/maven2/org/wildfly/security/wildfly-elytron-mechanism-gssapi/1.19.0.Final/wildfly-elytron-mechanism-gssapi-1.19.0.Final.pom
2025-07-17 19:53:36,077 [Worker-39: Updating Maven Dependencies] INFO  o.e.m.c.i.e.AbstractTransferListenerAdapter - Downloaded https://repo.maven.apache.org/maven2/org/wildfly/security/wildfly-elytron-mechanism-gssapi/1.19.0.Final/wildfly-elytron-mechanism-gssapi-1.19.0.Final.pom
2025-07-17 19:53:36,140 [Worker-39: Updating Maven Dependencies] INFO  o.e.m.c.i.e.AbstractTransferListenerAdapter - Downloading https://repo.maven.apache.org/maven2/org/wildfly/security/wildfly-elytron-security-manager-action/1.19.0.Final/wildfly-elytron-security-manager-action-1.19.0.Final.pom
2025-07-17 19:53:36,180 [Worker-39: Updating Maven Dependencies] INFO  o.e.m.c.i.e.AbstractTransferListenerAdapter - Downloaded https://repo.maven.apache.org/maven2/org/wildfly/security/wildfly-elytron-security-manager-action/1.19.0.Final/wildfly-elytron-security-manager-action-1.19.0.Final.pom
2025-07-17 19:53:36,254 [Worker-39: Updating Maven Dependencies] INFO  o.e.m.c.i.e.AbstractTransferListenerAdapter - Downloading https://repo.maven.apache.org/maven2/org/wildfly/security/wildfly-elytron-client/1.19.0.Final/wildfly-elytron-client-1.19.0.Final.pom
2025-07-17 19:53:36,297 [Worker-39: Updating Maven Dependencies] INFO  o.e.m.c.i.e.AbstractTransferListenerAdapter - Downloaded https://repo.maven.apache.org/maven2/org/wildfly/security/wildfly-elytron-client/1.19.0.Final/wildfly-elytron-client-1.19.0.Final.pom
2025-07-17 19:53:36,379 [Worker-39: Updating Maven Dependencies] INFO  o.e.m.c.i.e.AbstractTransferListenerAdapter - Downloading https://repo.maven.apache.org/maven2/org/wildfly/security/wildfly-elytron-credential-source-impl/1.19.0.Final/wildfly-elytron-credential-source-impl-1.19.0.Final.pom
2025-07-17 19:53:36,410 [Worker-39: Updating Maven Dependencies] INFO  o.e.m.c.i.e.AbstractTransferListenerAdapter - Downloaded https://repo.maven.apache.org/maven2/org/wildfly/security/wildfly-elytron-credential-source-impl/1.19.0.Final/wildfly-elytron-credential-source-impl-1.19.0.Final.pom
2025-07-17 19:53:36,492 [Worker-39: Updating Maven Dependencies] INFO  o.e.m.c.i.e.AbstractTransferListenerAdapter - Downloading https://repo.maven.apache.org/maven2/org/wildfly/security/wildfly-elytron-credential-store/1.19.0.Final/wildfly-elytron-credential-store-1.19.0.Final.pom
2025-07-17 19:53:36,534 [Worker-39: Updating Maven Dependencies] INFO  o.e.m.c.i.e.AbstractTransferListenerAdapter - Downloaded https://repo.maven.apache.org/maven2/org/wildfly/security/wildfly-elytron-credential-store/1.19.0.Final/wildfly-elytron-credential-store-1.19.0.Final.pom
2025-07-17 19:53:36,618 [Worker-39: Updating Maven Dependencies] INFO  o.e.m.c.i.e.AbstractTransferListenerAdapter - Downloading https://repo.maven.apache.org/maven2/org/wildfly/security/wildfly-elytron-encryption/1.19.0.Final/wildfly-elytron-encryption-1.19.0.Final.pom
2025-07-17 19:53:36,659 [Worker-39: Updating Maven Dependencies] INFO  o.e.m.c.i.e.AbstractTransferListenerAdapter - Downloaded https://repo.maven.apache.org/maven2/org/wildfly/security/wildfly-elytron-encryption/1.19.0.Final/wildfly-elytron-encryption-1.19.0.Final.pom
2025-07-17 19:53:36,745 [Worker-39: Updating Maven Dependencies] INFO  o.e.m.c.i.e.AbstractTransferListenerAdapter - Downloading https://repo.maven.apache.org/maven2/org/wildfly/security/wildfly-elytron-password-impl/1.19.0.Final/wildfly-elytron-password-impl-1.19.0.Final.pom
2025-07-17 19:53:36,782 [Worker-39: Updating Maven Dependencies] INFO  o.e.m.c.i.e.AbstractTransferListenerAdapter - Downloaded https://repo.maven.apache.org/maven2/org/wildfly/security/wildfly-elytron-password-impl/1.19.0.Final/wildfly-elytron-password-impl-1.19.0.Final.pom
2025-07-17 19:53:36,850 [Worker-39: Updating Maven Dependencies] INFO  o.e.m.c.i.e.AbstractTransferListenerAdapter - Downloading https://repo.maven.apache.org/maven2/org/wildfly/security/wildfly-elytron-digest/1.19.0.Final/wildfly-elytron-digest-1.19.0.Final.pom
2025-07-17 19:53:36,892 [Worker-39: Updating Maven Dependencies] INFO  o.e.m.c.i.e.AbstractTransferListenerAdapter - Downloaded https://repo.maven.apache.org/maven2/org/wildfly/security/wildfly-elytron-digest/1.19.0.Final/wildfly-elytron-digest-1.19.0.Final.pom
2025-07-17 19:53:36,967 [Worker-39: Updating Maven Dependencies] INFO  o.e.m.c.i.e.AbstractTransferListenerAdapter - Downloading https://repo.maven.apache.org/maven2/org/wildfly/security/wildfly-elytron-http-basic/1.19.0.Final/wildfly-elytron-http-basic-1.19.0.Final.pom
2025-07-17 19:53:37,012 [Worker-39: Updating Maven Dependencies] INFO  o.e.m.c.i.e.AbstractTransferListenerAdapter - Downloaded https://repo.maven.apache.org/maven2/org/wildfly/security/wildfly-elytron-http-basic/1.19.0.Final/wildfly-elytron-http-basic-1.19.0.Final.pom
2025-07-17 19:53:37,090 [Worker-39: Updating Maven Dependencies] INFO  o.e.m.c.i.e.AbstractTransferListenerAdapter - Downloading https://repo.maven.apache.org/maven2/org/wildfly/security/wildfly-elytron-mechanism-http/1.19.0.Final/wildfly-elytron-mechanism-http-1.19.0.Final.pom
2025-07-17 19:53:37,132 [Worker-39: Updating Maven Dependencies] INFO  o.e.m.c.i.e.AbstractTransferListenerAdapter - Downloaded https://repo.maven.apache.org/maven2/org/wildfly/security/wildfly-elytron-mechanism-http/1.19.0.Final/wildfly-elytron-mechanism-http-1.19.0.Final.pom
2025-07-17 19:53:37,209 [Worker-39: Updating Maven Dependencies] INFO  o.e.m.c.i.e.AbstractTransferListenerAdapter - Downloading https://repo.maven.apache.org/maven2/org/wildfly/security/wildfly-elytron-http-bearer/1.19.0.Final/wildfly-elytron-http-bearer-1.19.0.Final.pom
2025-07-17 19:53:37,252 [Worker-39: Updating Maven Dependencies] INFO  o.e.m.c.i.e.AbstractTransferListenerAdapter - Downloaded https://repo.maven.apache.org/maven2/org/wildfly/security/wildfly-elytron-http-bearer/1.19.0.Final/wildfly-elytron-http-bearer-1.19.0.Final.pom
2025-07-17 19:53:37,371 [Worker-39: Updating Maven Dependencies] INFO  o.e.m.c.i.e.AbstractTransferListenerAdapter - Downloading https://repo.maven.apache.org/maven2/org/wildfly/security/wildfly-elytron-http-cert/1.19.0.Final/wildfly-elytron-http-cert-1.19.0.Final.pom
2025-07-17 19:53:37,412 [Worker-39: Updating Maven Dependencies] INFO  o.e.m.c.i.e.AbstractTransferListenerAdapter - Downloaded https://repo.maven.apache.org/maven2/org/wildfly/security/wildfly-elytron-http-cert/1.19.0.Final/wildfly-elytron-http-cert-1.19.0.Final.pom
2025-07-17 19:53:37,489 [Worker-39: Updating Maven Dependencies] INFO  o.e.m.c.i.e.AbstractTransferListenerAdapter - Downloading https://repo.maven.apache.org/maven2/org/wildfly/security/wildfly-elytron-http-digest/1.19.0.Final/wildfly-elytron-http-digest-1.19.0.Final.pom
2025-07-17 19:53:37,528 [Worker-39: Updating Maven Dependencies] INFO  o.e.m.c.i.e.AbstractTransferListenerAdapter - Downloaded https://repo.maven.apache.org/maven2/org/wildfly/security/wildfly-elytron-http-digest/1.19.0.Final/wildfly-elytron-http-digest-1.19.0.Final.pom
2025-07-17 19:53:37,602 [Worker-39: Updating Maven Dependencies] INFO  o.e.m.c.i.e.AbstractTransferListenerAdapter - Downloading https://repo.maven.apache.org/maven2/org/wildfly/security/wildfly-elytron-mechanism-digest/1.19.0.Final/wildfly-elytron-mechanism-digest-1.19.0.Final.pom
2025-07-17 19:53:37,626 [Worker-39: Updating Maven Dependencies] INFO  o.e.m.c.i.e.AbstractTransferListenerAdapter - Downloaded https://repo.maven.apache.org/maven2/org/wildfly/security/wildfly-elytron-mechanism-digest/1.19.0.Final/wildfly-elytron-mechanism-digest-1.19.0.Final.pom
2025-07-17 19:53:37,691 [Worker-39: Updating Maven Dependencies] INFO  o.e.m.c.i.e.AbstractTransferListenerAdapter - Downloading https://repo.maven.apache.org/maven2/org/wildfly/security/wildfly-elytron-http-external/1.19.0.Final/wildfly-elytron-http-external-1.19.0.Final.pom
2025-07-17 19:53:37,734 [Worker-39: Updating Maven Dependencies] INFO  o.e.m.c.i.e.AbstractTransferListenerAdapter - Downloaded https://repo.maven.apache.org/maven2/org/wildfly/security/wildfly-elytron-http-external/1.19.0.Final/wildfly-elytron-http-external-1.19.0.Final.pom
2025-07-17 19:53:37,807 [Worker-39: Updating Maven Dependencies] INFO  o.e.m.c.i.e.AbstractTransferListenerAdapter - Downloading https://repo.maven.apache.org/maven2/org/wildfly/security/wildfly-elytron-http-form/1.19.0.Final/wildfly-elytron-http-form-1.19.0.Final.pom
2025-07-17 19:53:37,845 [Worker-39: Updating Maven Dependencies] INFO  o.e.m.c.i.e.AbstractTransferListenerAdapter - Downloaded https://repo.maven.apache.org/maven2/org/wildfly/security/wildfly-elytron-http-form/1.19.0.Final/wildfly-elytron-http-form-1.19.0.Final.pom
2025-07-17 19:53:37,903 [Worker-39: Updating Maven Dependencies] INFO  o.e.m.c.i.e.AbstractTransferListenerAdapter - Downloading https://repo.maven.apache.org/maven2/org/wildfly/security/wildfly-elytron-http-oidc/1.19.0.Final/wildfly-elytron-http-oidc-1.19.0.Final.pom
2025-07-17 19:53:37,935 [Worker-39: Updating Maven Dependencies] INFO  o.e.m.c.i.e.AbstractTransferListenerAdapter - Downloaded https://repo.maven.apache.org/maven2/org/wildfly/security/wildfly-elytron-http-oidc/1.19.0.Final/wildfly-elytron-http-oidc-1.19.0.Final.pom
2025-07-17 19:53:37,995 [Worker-39: Updating Maven Dependencies] INFO  o.e.m.c.i.e.AbstractTransferListenerAdapter - Downloading https://repo.maven.apache.org/maven2/org/wildfly/security/wildfly-elytron-jose-jwk/1.19.0.Final/wildfly-elytron-jose-jwk-1.19.0.Final.pom
2025-07-17 19:53:38,036 [Worker-39: Updating Maven Dependencies] INFO  o.e.m.c.i.e.AbstractTransferListenerAdapter - Downloaded https://repo.maven.apache.org/maven2/org/wildfly/security/wildfly-elytron-jose-jwk/1.19.0.Final/wildfly-elytron-jose-jwk-1.19.0.Final.pom
2025-07-17 19:53:38,104 [Worker-39: Updating Maven Dependencies] INFO  o.e.m.c.i.e.AbstractTransferListenerAdapter - Downloading https://repo.maven.apache.org/maven2/org/wildfly/security/wildfly-elytron-jose-util/1.19.0.Final/wildfly-elytron-jose-util-1.19.0.Final.pom
2025-07-17 19:53:38,132 [Worker-39: Updating Maven Dependencies] INFO  o.e.m.c.i.e.AbstractTransferListenerAdapter - Downloaded https://repo.maven.apache.org/maven2/org/wildfly/security/wildfly-elytron-jose-util/1.19.0.Final/wildfly-elytron-jose-util-1.19.0.Final.pom
2025-07-17 19:53:38,185 [Worker-39: Updating Maven Dependencies] INFO  o.e.m.c.i.e.AbstractTransferListenerAdapter - Downloading https://repo.maven.apache.org/maven2/com/fasterxml/jackson/core/jackson-annotations/2.11.4/jackson-annotations-2.11.4.pom
2025-07-17 19:53:38,222 [Worker-39: Updating Maven Dependencies] INFO  o.e.m.c.i.e.AbstractTransferListenerAdapter - Downloaded https://repo.maven.apache.org/maven2/com/fasterxml/jackson/core/jackson-annotations/2.11.4/jackson-annotations-2.11.4.pom
2025-07-17 19:53:38,271 [Worker-39: Updating Maven Dependencies] INFO  o.e.m.c.i.e.AbstractTransferListenerAdapter - Downloading https://repo.maven.apache.org/maven2/com/fasterxml/jackson/jackson-parent/2.11/jackson-parent-2.11.pom
2025-07-17 19:53:38,315 [Worker-39: Updating Maven Dependencies] INFO  o.e.m.c.i.e.AbstractTransferListenerAdapter - Downloaded https://repo.maven.apache.org/maven2/com/fasterxml/jackson/jackson-parent/2.11/jackson-parent-2.11.pom
2025-07-17 19:53:38,351 [Worker-39: Updating Maven Dependencies] INFO  o.e.m.c.i.e.AbstractTransferListenerAdapter - Downloading https://repo.maven.apache.org/maven2/com/fasterxml/oss-parent/38/oss-parent-38.pom
2025-07-17 19:53:38,402 [Worker-39: Updating Maven Dependencies] INFO  o.e.m.c.i.e.AbstractTransferListenerAdapter - Downloaded https://repo.maven.apache.org/maven2/com/fasterxml/oss-parent/38/oss-parent-38.pom
2025-07-17 19:53:38,492 [Worker-36: Building] INFO  o.e.m.c.i.e.AbstractTransferListenerAdapter - Downloading https://repo.maven.apache.org/maven2/com/fasterxml/jackson/core/jackson-core/2.11.4/jackson-core-2.11.4.pom
2025-07-17 19:53:38,532 [Worker-36: Building] INFO  o.e.m.c.i.e.AbstractTransferListenerAdapter - Downloaded https://repo.maven.apache.org/maven2/com/fasterxml/jackson/core/jackson-core/2.11.4/jackson-core-2.11.4.pom
2025-07-17 19:53:38,564 [Worker-36: Building] INFO  o.e.m.c.i.e.AbstractTransferListenerAdapter - Downloading https://repo.maven.apache.org/maven2/com/fasterxml/jackson/jackson-base/2.11.4/jackson-base-2.11.4.pom
2025-07-17 19:53:38,602 [Worker-36: Building] INFO  o.e.m.c.i.e.AbstractTransferListenerAdapter - Downloaded https://repo.maven.apache.org/maven2/com/fasterxml/jackson/jackson-base/2.11.4/jackson-base-2.11.4.pom
2025-07-17 19:53:38,658 [Worker-36: Building] INFO  o.e.m.c.i.e.AbstractTransferListenerAdapter - Downloading https://repo.maven.apache.org/maven2/com/fasterxml/jackson/jackson-bom/2.11.4/jackson-bom-2.11.4.pom
2025-07-17 19:53:38,705 [Worker-36: Building] INFO  o.e.m.c.i.e.AbstractTransferListenerAdapter - Downloaded https://repo.maven.apache.org/maven2/com/fasterxml/jackson/jackson-bom/2.11.4/jackson-bom-2.11.4.pom
2025-07-17 19:53:38,763 [Worker-36: Building] INFO  o.e.m.c.i.e.AbstractTransferListenerAdapter - Downloading https://repo.maven.apache.org/maven2/com/fasterxml/jackson/core/jackson-databind/2.11.4/jackson-databind-2.11.4.pom
2025-07-17 19:53:38,800 [Worker-36: Building] INFO  o.e.m.c.i.e.AbstractTransferListenerAdapter - Downloaded https://repo.maven.apache.org/maven2/com/fasterxml/jackson/core/jackson-databind/2.11.4/jackson-databind-2.11.4.pom
2025-07-17 19:53:38,915 [Worker-36: Building] INFO  o.e.m.c.i.e.AbstractTransferListenerAdapter - Downloading https://repo.maven.apache.org/maven2/org/apache/httpcomponents/httpclient/4.5.13/httpclient-4.5.13.pom
2025-07-17 19:53:38,952 [Worker-36: Building] INFO  o.e.m.c.i.e.AbstractTransferListenerAdapter - Downloaded https://repo.maven.apache.org/maven2/org/apache/httpcomponents/httpclient/4.5.13/httpclient-4.5.13.pom
2025-07-17 19:53:39,006 [Worker-36: Building] INFO  o.e.m.c.i.e.AbstractTransferListenerAdapter - Downloading https://repo.maven.apache.org/maven2/org/apache/httpcomponents/httpcomponents-client/4.5.13/httpcomponents-client-4.5.13.pom
2025-07-17 19:53:39,047 [Worker-36: Building] INFO  o.e.m.c.i.e.AbstractTransferListenerAdapter - Downloaded https://repo.maven.apache.org/maven2/org/apache/httpcomponents/httpcomponents-client/4.5.13/httpcomponents-client-4.5.13.pom
2025-07-17 19:53:39,096 [Worker-39: Updating Maven Dependencies] INFO  o.e.m.c.i.e.AbstractTransferListenerAdapter - Downloading https://repo.maven.apache.org/maven2/org/apache/httpcomponents/httpcomponents-parent/11/httpcomponents-parent-11.pom
2025-07-17 19:53:39,147 [Worker-39: Updating Maven Dependencies] INFO  o.e.m.c.i.e.AbstractTransferListenerAdapter - Downloaded https://repo.maven.apache.org/maven2/org/apache/httpcomponents/httpcomponents-parent/11/httpcomponents-parent-11.pom
2025-07-17 19:53:39,208 [Worker-36: Building] INFO  o.e.m.c.i.e.AbstractTransferListenerAdapter - Downloading https://repo.maven.apache.org/maven2/org/apache/apache/21/apache-21.pom
2025-07-17 19:53:39,250 [Worker-36: Building] INFO  o.e.m.c.i.e.AbstractTransferListenerAdapter - Downloaded https://repo.maven.apache.org/maven2/org/apache/apache/21/apache-21.pom
2025-07-17 19:53:39,298 [Worker-36: Building] INFO  o.e.m.c.i.e.AbstractTransferListenerAdapter - Downloading https://repo.maven.apache.org/maven2/org/apache/httpcomponents/httpcore/4.4.13/httpcore-4.4.13.pom
2025-07-17 19:53:39,333 [Worker-36: Building] INFO  o.e.m.c.i.e.AbstractTransferListenerAdapter - Downloaded https://repo.maven.apache.org/maven2/org/apache/httpcomponents/httpcore/4.4.13/httpcore-4.4.13.pom
2025-07-17 19:53:39,397 [Worker-36: Building] INFO  o.e.m.c.i.e.AbstractTransferListenerAdapter - Downloading https://repo.maven.apache.org/maven2/org/apache/httpcomponents/httpcomponents-core/4.4.13/httpcomponents-core-4.4.13.pom
2025-07-17 19:53:39,443 [Worker-36: Building] INFO  o.e.m.c.i.e.AbstractTransferListenerAdapter - Downloaded https://repo.maven.apache.org/maven2/org/apache/httpcomponents/httpcomponents-core/4.4.13/httpcomponents-core-4.4.13.pom
2025-07-17 19:53:39,575 [Worker-36: Building] INFO  o.e.m.c.i.e.AbstractTransferListenerAdapter - Downloading https://repo.maven.apache.org/maven2/commons-logging/commons-logging/1.2/commons-logging-1.2.pom
2025-07-17 19:53:39,625 [Worker-36: Building] INFO  o.e.m.c.i.e.AbstractTransferListenerAdapter - Downloaded https://repo.maven.apache.org/maven2/commons-logging/commons-logging/1.2/commons-logging-1.2.pom
2025-07-17 19:53:39,677 [Worker-36: Building] INFO  o.e.m.c.i.e.AbstractTransferListenerAdapter - Downloading https://repo.maven.apache.org/maven2/org/apache/commons/commons-parent/34/commons-parent-34.pom
2025-07-17 19:53:39,730 [Worker-36: Building] INFO  o.e.m.c.i.e.AbstractTransferListenerAdapter - Downloaded https://repo.maven.apache.org/maven2/org/apache/commons/commons-parent/34/commons-parent-34.pom
2025-07-17 19:53:39,818 [Worker-39: Updating Maven Dependencies] INFO  o.e.m.c.i.e.AbstractTransferListenerAdapter - Downloading https://repo.maven.apache.org/maven2/commons-codec/commons-codec/1.11/commons-codec-1.11.pom
2025-07-17 19:53:39,885 [Worker-39: Updating Maven Dependencies] INFO  o.e.m.c.i.e.AbstractTransferListenerAdapter - Downloaded https://repo.maven.apache.org/maven2/commons-codec/commons-codec/1.11/commons-codec-1.11.pom
2025-07-17 19:53:40,027 [Worker-39: Updating Maven Dependencies] INFO  o.e.m.c.i.e.AbstractTransferListenerAdapter - Downloading https://repo.maven.apache.org/maven2/org/apache/commons/commons-parent/42/commons-parent-42.pom
2025-07-17 19:53:40,083 [Worker-39: Updating Maven Dependencies] INFO  o.e.m.c.i.e.AbstractTransferListenerAdapter - Downloaded https://repo.maven.apache.org/maven2/org/apache/commons/commons-parent/42/commons-parent-42.pom
2025-07-17 19:53:40,151 [Worker-36: Building] INFO  o.e.m.c.i.e.AbstractTransferListenerAdapter - Downloading https://repo.maven.apache.org/maven2/org/apache/apache/18/apache-18.pom
2025-07-17 19:53:40,182 [Worker-36: Building] INFO  o.e.m.c.i.e.AbstractTransferListenerAdapter - Downloaded https://repo.maven.apache.org/maven2/org/apache/apache/18/apache-18.pom
2025-07-17 19:53:40,253 [Worker-36: Building] INFO  o.e.m.c.i.e.AbstractTransferListenerAdapter - Downloading https://repo.maven.apache.org/maven2/org/bitbucket/b_c/jose4j/0.7.9/jose4j-0.7.9.pom
2025-07-17 19:53:40,284 [Worker-36: Building] INFO  o.e.m.c.i.e.AbstractTransferListenerAdapter - Downloaded https://repo.maven.apache.org/maven2/org/bitbucket/b_c/jose4j/0.7.9/jose4j-0.7.9.pom
2025-07-17 19:53:40,333 [Worker-36: Building] INFO  o.e.m.c.i.e.AbstractTransferListenerAdapter - Downloading https://repo.maven.apache.org/maven2/org/slf4j/slf4j-api/1.7.21/slf4j-api-1.7.21.pom
2025-07-17 19:53:40,376 [Worker-36: Building] INFO  o.e.m.c.i.e.AbstractTransferListenerAdapter - Downloaded https://repo.maven.apache.org/maven2/org/slf4j/slf4j-api/1.7.21/slf4j-api-1.7.21.pom
2025-07-17 19:53:40,435 [Worker-36: Building] INFO  o.e.m.c.i.e.AbstractTransferListenerAdapter - Downloading https://repo.maven.apache.org/maven2/org/slf4j/slf4j-parent/1.7.21/slf4j-parent-1.7.21.pom
2025-07-17 19:53:40,474 [Worker-36: Building] INFO  o.e.m.c.i.e.AbstractTransferListenerAdapter - Downloaded https://repo.maven.apache.org/maven2/org/slf4j/slf4j-parent/1.7.21/slf4j-parent-1.7.21.pom
2025-07-17 19:53:40,600 [Worker-39: Updating Maven Dependencies] INFO  o.e.m.c.i.e.AbstractTransferListenerAdapter - Downloading https://repo.maven.apache.org/maven2/org/wildfly/security/wildfly-elytron-http-spnego/1.19.0.Final/wildfly-elytron-http-spnego-1.19.0.Final.pom
2025-07-17 19:53:40,630 [Worker-39: Updating Maven Dependencies] INFO  o.e.m.c.i.e.AbstractTransferListenerAdapter - Downloaded https://repo.maven.apache.org/maven2/org/wildfly/security/wildfly-elytron-http-spnego/1.19.0.Final/wildfly-elytron-http-spnego-1.19.0.Final.pom
2025-07-17 19:53:40,741 [Worker-39: Updating Maven Dependencies] INFO  o.e.m.c.i.e.AbstractTransferListenerAdapter - Downloading https://repo.maven.apache.org/maven2/org/wildfly/security/wildfly-elytron-http-sso/1.19.0.Final/wildfly-elytron-http-sso-1.19.0.Final.pom
2025-07-17 19:53:40,781 [Worker-39: Updating Maven Dependencies] INFO  o.e.m.c.i.e.AbstractTransferListenerAdapter - Downloaded https://repo.maven.apache.org/maven2/org/wildfly/security/wildfly-elytron-http-sso/1.19.0.Final/wildfly-elytron-http-sso-1.19.0.Final.pom
2025-07-17 19:53:40,914 [Worker-39: Updating Maven Dependencies] INFO  o.e.m.c.i.e.AbstractTransferListenerAdapter - Downloading https://repo.maven.apache.org/maven2/org/wildfly/security/wildfly-elytron-http-util/1.19.0.Final/wildfly-elytron-http-util-1.19.0.Final.pom
2025-07-17 19:53:40,956 [Worker-39: Updating Maven Dependencies] INFO  o.e.m.c.i.e.AbstractTransferListenerAdapter - Downloaded https://repo.maven.apache.org/maven2/org/wildfly/security/wildfly-elytron-http-util/1.19.0.Final/wildfly-elytron-http-util-1.19.0.Final.pom
2025-07-17 19:53:41,091 [Worker-39: Updating Maven Dependencies] INFO  o.e.m.c.i.e.AbstractTransferListenerAdapter - Downloading https://repo.maven.apache.org/maven2/org/wildfly/security/wildfly-elytron-jacc/1.19.0.Final/wildfly-elytron-jacc-1.19.0.Final.pom
2025-07-17 19:53:41,141 [Worker-39: Updating Maven Dependencies] INFO  o.e.m.c.i.e.AbstractTransferListenerAdapter - Downloaded https://repo.maven.apache.org/maven2/org/wildfly/security/wildfly-elytron-jacc/1.19.0.Final/wildfly-elytron-jacc-1.19.0.Final.pom
2025-07-17 19:53:41,292 [Worker-39: Updating Maven Dependencies] INFO  o.e.m.c.i.e.AbstractTransferListenerAdapter - Downloading https://repo.maven.apache.org/maven2/org/wildfly/security/wildfly-elytron-jaspi/1.19.0.Final/wildfly-elytron-jaspi-1.19.0.Final.pom
2025-07-17 19:53:41,330 [Worker-39: Updating Maven Dependencies] INFO  o.e.m.c.i.e.AbstractTransferListenerAdapter - Downloaded https://repo.maven.apache.org/maven2/org/wildfly/security/wildfly-elytron-jaspi/1.19.0.Final/wildfly-elytron-jaspi-1.19.0.Final.pom
2025-07-17 19:53:41,464 [Worker-39: Updating Maven Dependencies] INFO  o.e.m.c.i.e.AbstractTransferListenerAdapter - Downloading https://repo.maven.apache.org/maven2/org/wildfly/security/wildfly-elytron-realm/1.19.0.Final/wildfly-elytron-realm-1.19.0.Final.pom
2025-07-17 19:53:41,505 [Worker-39: Updating Maven Dependencies] INFO  o.e.m.c.i.e.AbstractTransferListenerAdapter - Downloaded https://repo.maven.apache.org/maven2/org/wildfly/security/wildfly-elytron-realm/1.19.0.Final/wildfly-elytron-realm-1.19.0.Final.pom
2025-07-17 19:53:41,589 [Worker-39: Updating Maven Dependencies] INFO  o.e.m.c.i.e.AbstractTransferListenerAdapter - Downloading https://repo.maven.apache.org/maven2/org/wildfly/security/wildfly-elytron-json-util/1.19.0.Final/wildfly-elytron-json-util-1.19.0.Final.pom
2025-07-17 19:53:41,615 [Worker-39: Updating Maven Dependencies] INFO  o.e.m.c.i.e.AbstractTransferListenerAdapter - Downloaded https://repo.maven.apache.org/maven2/org/wildfly/security/wildfly-elytron-json-util/1.19.0.Final/wildfly-elytron-json-util-1.19.0.Final.pom
2025-07-17 19:53:41,683 [Worker-39: Updating Maven Dependencies] INFO  o.e.m.c.i.e.AbstractTransferListenerAdapter - Downloading https://repo.maven.apache.org/maven2/org/wildfly/security/wildfly-elytron-mechanism-oauth2/1.19.0.Final/wildfly-elytron-mechanism-oauth2-1.19.0.Final.pom
2025-07-17 19:53:41,719 [Worker-39: Updating Maven Dependencies] INFO  o.e.m.c.i.e.AbstractTransferListenerAdapter - Downloaded https://repo.maven.apache.org/maven2/org/wildfly/security/wildfly-elytron-mechanism-oauth2/1.19.0.Final/wildfly-elytron-mechanism-oauth2-1.19.0.Final.pom
2025-07-17 19:53:41,799 [Worker-39: Updating Maven Dependencies] INFO  o.e.m.c.i.e.AbstractTransferListenerAdapter - Downloading https://repo.maven.apache.org/maven2/org/wildfly/security/wildfly-elytron-mechanism-scram/1.19.0.Final/wildfly-elytron-mechanism-scram-1.19.0.Final.pom
2025-07-17 19:53:41,832 [Worker-39: Updating Maven Dependencies] INFO  o.e.m.c.i.e.AbstractTransferListenerAdapter - Downloaded https://repo.maven.apache.org/maven2/org/wildfly/security/wildfly-elytron-mechanism-scram/1.19.0.Final/wildfly-elytron-mechanism-scram-1.19.0.Final.pom
2025-07-17 19:53:41,883 [Worker-39: Updating Maven Dependencies] INFO  o.e.m.c.i.e.AbstractTransferListenerAdapter - Downloading https://repo.maven.apache.org/maven2/org/wildfly/security/wildfly-elytron-realm-jdbc/1.19.0.Final/wildfly-elytron-realm-jdbc-1.19.0.Final.pom
2025-07-17 19:53:41,911 [Worker-39: Updating Maven Dependencies] INFO  o.e.m.c.i.e.AbstractTransferListenerAdapter - Downloaded https://repo.maven.apache.org/maven2/org/wildfly/security/wildfly-elytron-realm-jdbc/1.19.0.Final/wildfly-elytron-realm-jdbc-1.19.0.Final.pom
2025-07-17 19:53:41,981 [Worker-39: Updating Maven Dependencies] INFO  o.e.m.c.i.e.AbstractTransferListenerAdapter - Downloading https://repo.maven.apache.org/maven2/org/wildfly/security/wildfly-elytron-realm-ldap/1.19.0.Final/wildfly-elytron-realm-ldap-1.19.0.Final.pom
2025-07-17 19:53:42,006 [Worker-39: Updating Maven Dependencies] INFO  o.e.m.c.i.e.AbstractTransferListenerAdapter - Downloaded https://repo.maven.apache.org/maven2/org/wildfly/security/wildfly-elytron-realm-ldap/1.19.0.Final/wildfly-elytron-realm-ldap-1.19.0.Final.pom
2025-07-17 19:53:42,085 [Worker-39: Updating Maven Dependencies] INFO  o.e.m.c.i.e.AbstractTransferListenerAdapter - Downloading https://repo.maven.apache.org/maven2/org/wildfly/security/wildfly-elytron-realm-token/1.19.0.Final/wildfly-elytron-realm-token-1.19.0.Final.pom
2025-07-17 19:53:42,118 [Worker-39: Updating Maven Dependencies] INFO  o.e.m.c.i.e.AbstractTransferListenerAdapter - Downloaded https://repo.maven.apache.org/maven2/org/wildfly/security/wildfly-elytron-realm-token/1.19.0.Final/wildfly-elytron-realm-token-1.19.0.Final.pom
2025-07-17 19:53:42,215 [Worker-39: Updating Maven Dependencies] INFO  o.e.m.c.i.e.AbstractTransferListenerAdapter - Downloading https://repo.maven.apache.org/maven2/org/wildfly/security/wildfly-elytron-sasl-anonymous/1.19.0.Final/wildfly-elytron-sasl-anonymous-1.19.0.Final.pom
2025-07-17 19:53:42,260 [Worker-39: Updating Maven Dependencies] INFO  o.e.m.c.i.e.AbstractTransferListenerAdapter - Downloaded https://repo.maven.apache.org/maven2/org/wildfly/security/wildfly-elytron-sasl-anonymous/1.19.0.Final/wildfly-elytron-sasl-anonymous-1.19.0.Final.pom
2025-07-17 19:53:42,386 [Worker-39: Updating Maven Dependencies] INFO  o.e.m.c.i.e.AbstractTransferListenerAdapter - Downloading https://repo.maven.apache.org/maven2/org/wildfly/security/wildfly-elytron-sasl-auth-util/1.19.0.Final/wildfly-elytron-sasl-auth-util-1.19.0.Final.pom
2025-07-17 19:53:42,412 [Worker-39: Updating Maven Dependencies] INFO  o.e.m.c.i.e.AbstractTransferListenerAdapter - Downloaded https://repo.maven.apache.org/maven2/org/wildfly/security/wildfly-elytron-sasl-auth-util/1.19.0.Final/wildfly-elytron-sasl-auth-util-1.19.0.Final.pom
2025-07-17 19:53:42,504 [Worker-39: Updating Maven Dependencies] INFO  o.e.m.c.i.e.AbstractTransferListenerAdapter - Downloading https://repo.maven.apache.org/maven2/org/wildfly/security/wildfly-elytron-sasl-digest/1.19.0.Final/wildfly-elytron-sasl-digest-1.19.0.Final.pom
2025-07-17 19:53:42,526 [Worker-39: Updating Maven Dependencies] INFO  o.e.m.c.i.e.AbstractTransferListenerAdapter - Downloaded https://repo.maven.apache.org/maven2/org/wildfly/security/wildfly-elytron-sasl-digest/1.19.0.Final/wildfly-elytron-sasl-digest-1.19.0.Final.pom
2025-07-17 19:53:42,613 [Worker-39: Updating Maven Dependencies] INFO  o.e.m.c.i.e.AbstractTransferListenerAdapter - Downloading https://repo.maven.apache.org/maven2/org/wildfly/security/wildfly-elytron-sasl-entity/1.19.0.Final/wildfly-elytron-sasl-entity-1.19.0.Final.pom
2025-07-17 19:53:42,646 [Worker-39: Updating Maven Dependencies] INFO  o.e.m.c.i.e.AbstractTransferListenerAdapter - Downloaded https://repo.maven.apache.org/maven2/org/wildfly/security/wildfly-elytron-sasl-entity/1.19.0.Final/wildfly-elytron-sasl-entity-1.19.0.Final.pom
2025-07-17 19:53:42,739 [Worker-39: Updating Maven Dependencies] INFO  o.e.m.c.i.e.AbstractTransferListenerAdapter - Downloading https://repo.maven.apache.org/maven2/org/wildfly/security/wildfly-elytron-sasl-external/1.19.0.Final/wildfly-elytron-sasl-external-1.19.0.Final.pom
2025-07-17 19:53:42,774 [Worker-39: Updating Maven Dependencies] INFO  o.e.m.c.i.e.AbstractTransferListenerAdapter - Downloaded https://repo.maven.apache.org/maven2/org/wildfly/security/wildfly-elytron-sasl-external/1.19.0.Final/wildfly-elytron-sasl-external-1.19.0.Final.pom
2025-07-17 19:53:42,875 [Worker-39: Updating Maven Dependencies] INFO  o.e.m.c.i.e.AbstractTransferListenerAdapter - Downloading https://repo.maven.apache.org/maven2/org/wildfly/security/wildfly-elytron-sasl-gs2/1.19.0.Final/wildfly-elytron-sasl-gs2-1.19.0.Final.pom
2025-07-17 19:53:42,901 [Worker-39: Updating Maven Dependencies] INFO  o.e.m.c.i.e.AbstractTransferListenerAdapter - Downloaded https://repo.maven.apache.org/maven2/org/wildfly/security/wildfly-elytron-sasl-gs2/1.19.0.Final/wildfly-elytron-sasl-gs2-1.19.0.Final.pom
2025-07-17 19:53:42,992 [Worker-39: Updating Maven Dependencies] INFO  o.e.m.c.i.e.AbstractTransferListenerAdapter - Downloading https://repo.maven.apache.org/maven2/org/wildfly/security/wildfly-elytron-sasl-gssapi/1.19.0.Final/wildfly-elytron-sasl-gssapi-1.19.0.Final.pom
2025-07-17 19:53:43,021 [Worker-39: Updating Maven Dependencies] INFO  o.e.m.c.i.e.AbstractTransferListenerAdapter - Downloaded https://repo.maven.apache.org/maven2/org/wildfly/security/wildfly-elytron-sasl-gssapi/1.19.0.Final/wildfly-elytron-sasl-gssapi-1.19.0.Final.pom
2025-07-17 19:53:43,108 [Worker-39: Updating Maven Dependencies] INFO  o.e.m.c.i.e.AbstractTransferListenerAdapter - Downloading https://repo.maven.apache.org/maven2/org/wildfly/security/wildfly-elytron-sasl-localuser/1.19.0.Final/wildfly-elytron-sasl-localuser-1.19.0.Final.pom
2025-07-17 19:53:43,149 [Worker-39: Updating Maven Dependencies] INFO  o.e.m.c.i.e.AbstractTransferListenerAdapter - Downloaded https://repo.maven.apache.org/maven2/org/wildfly/security/wildfly-elytron-sasl-localuser/1.19.0.Final/wildfly-elytron-sasl-localuser-1.19.0.Final.pom
2025-07-17 19:53:43,628 [Worker-39: Updating Maven Dependencies] INFO  o.e.m.c.i.e.AbstractTransferListenerAdapter - Downloading https://repo.maven.apache.org/maven2/org/wildfly/security/wildfly-elytron-sasl-oauth2/1.19.0.Final/wildfly-elytron-sasl-oauth2-1.19.0.Final.pom
2025-07-17 19:53:43,658 [Worker-39: Updating Maven Dependencies] INFO  o.e.m.c.i.e.AbstractTransferListenerAdapter - Downloaded https://repo.maven.apache.org/maven2/org/wildfly/security/wildfly-elytron-sasl-oauth2/1.19.0.Final/wildfly-elytron-sasl-oauth2-1.19.0.Final.pom
2025-07-17 19:53:43,773 [Worker-39: Updating Maven Dependencies] INFO  o.e.m.c.i.e.AbstractTransferListenerAdapter - Downloading https://repo.maven.apache.org/maven2/org/wildfly/security/wildfly-elytron-sasl-otp/1.19.0.Final/wildfly-elytron-sasl-otp-1.19.0.Final.pom
2025-07-17 19:53:43,796 [Worker-39: Updating Maven Dependencies] INFO  o.e.m.c.i.e.AbstractTransferListenerAdapter - Downloaded https://repo.maven.apache.org/maven2/org/wildfly/security/wildfly-elytron-sasl-otp/1.19.0.Final/wildfly-elytron-sasl-otp-1.19.0.Final.pom
2025-07-17 19:53:43,926 [Worker-39: Updating Maven Dependencies] INFO  o.e.m.c.i.e.AbstractTransferListenerAdapter - Downloading https://repo.maven.apache.org/maven2/org/wildfly/security/wildfly-elytron-sasl-plain/1.19.0.Final/wildfly-elytron-sasl-plain-1.19.0.Final.pom
2025-07-17 19:53:43,951 [Worker-39: Updating Maven Dependencies] INFO  o.e.m.c.i.e.AbstractTransferListenerAdapter - Downloaded https://repo.maven.apache.org/maven2/org/wildfly/security/wildfly-elytron-sasl-plain/1.19.0.Final/wildfly-elytron-sasl-plain-1.19.0.Final.pom
2025-07-17 19:53:44,073 [Worker-39: Updating Maven Dependencies] INFO  o.e.m.c.i.e.AbstractTransferListenerAdapter - Downloading https://repo.maven.apache.org/maven2/org/wildfly/security/wildfly-elytron-sasl-scram/1.19.0.Final/wildfly-elytron-sasl-scram-1.19.0.Final.pom
2025-07-17 19:53:44,119 [Worker-39: Updating Maven Dependencies] INFO  o.e.m.c.i.e.AbstractTransferListenerAdapter - Downloaded https://repo.maven.apache.org/maven2/org/wildfly/security/wildfly-elytron-sasl-scram/1.19.0.Final/wildfly-elytron-sasl-scram-1.19.0.Final.pom
2025-07-17 19:53:44,242 [Worker-39: Updating Maven Dependencies] INFO  o.e.m.c.i.e.AbstractTransferListenerAdapter - Downloading https://repo.maven.apache.org/maven2/org/wildfly/security/wildfly-elytron-security-manager/1.19.0.Final/wildfly-elytron-security-manager-1.19.0.Final.pom
2025-07-17 19:53:44,266 [Worker-39: Updating Maven Dependencies] INFO  o.e.m.c.i.e.AbstractTransferListenerAdapter - Downloaded https://repo.maven.apache.org/maven2/org/wildfly/security/wildfly-elytron-security-manager/1.19.0.Final/wildfly-elytron-security-manager-1.19.0.Final.pom
2025-07-17 19:53:44,357 [Worker-39: Updating Maven Dependencies] INFO  o.e.m.c.i.e.AbstractTransferListenerAdapter - Downloading https://repo.maven.apache.org/maven2/org/wildfly/security/wildfly-elytron-x500-cert-acme/1.19.0.Final/wildfly-elytron-x500-cert-acme-1.19.0.Final.pom
2025-07-17 19:53:44,406 [Worker-39: Updating Maven Dependencies] INFO  o.e.m.c.i.e.AbstractTransferListenerAdapter - Downloaded https://repo.maven.apache.org/maven2/org/wildfly/security/wildfly-elytron-x500-cert-acme/1.19.0.Final/wildfly-elytron-x500-cert-acme-1.19.0.Final.pom
2025-07-17 19:53:44,516 [Worker-39: Updating Maven Dependencies] INFO  o.e.m.c.i.e.AbstractTransferListenerAdapter - Downloading https://repo.maven.apache.org/maven2/org/wildfly/security/wildfly-elytron-x500-principal/1.19.0.Final/wildfly-elytron-x500-principal-1.19.0.Final.pom
2025-07-17 19:53:44,552 [Worker-39: Updating Maven Dependencies] INFO  o.e.m.c.i.e.AbstractTransferListenerAdapter - Downloaded https://repo.maven.apache.org/maven2/org/wildfly/security/wildfly-elytron-x500-principal/1.19.0.Final/wildfly-elytron-x500-principal-1.19.0.Final.pom
2025-07-17 19:53:44,651 [Worker-39: Updating Maven Dependencies] INFO  o.e.m.c.i.e.AbstractTransferListenerAdapter - Downloading https://repo.maven.apache.org/maven2/org/apache/httpcomponents/httpcore/4.4.15/httpcore-4.4.15.pom
2025-07-17 19:53:44,673 [Worker-39: Updating Maven Dependencies] INFO  o.e.m.c.i.e.AbstractTransferListenerAdapter - Downloaded https://repo.maven.apache.org/maven2/org/apache/httpcomponents/httpcore/4.4.15/httpcore-4.4.15.pom
2025-07-17 19:53:44,759 [Worker-39: Updating Maven Dependencies] INFO  o.e.m.c.i.e.AbstractTransferListenerAdapter - Downloading https://repo.maven.apache.org/maven2/org/apache/httpcomponents/httpcomponents-core/4.4.15/httpcomponents-core-4.4.15.pom
2025-07-17 19:53:44,787 [Worker-39: Updating Maven Dependencies] INFO  o.e.m.c.i.e.AbstractTransferListenerAdapter - Downloaded https://repo.maven.apache.org/maven2/org/apache/httpcomponents/httpcomponents-core/4.4.15/httpcomponents-core-4.4.15.pom
2025-07-17 19:53:44,895 [Worker-39: Updating Maven Dependencies] INFO  o.e.m.c.i.e.AbstractTransferListenerAdapter - Downloading https://repo.maven.apache.org/maven2/commons-codec/commons-codec/1.15/commons-codec-1.15.pom
2025-07-17 19:53:44,934 [Worker-39: Updating Maven Dependencies] INFO  o.e.m.c.i.e.AbstractTransferListenerAdapter - Downloaded https://repo.maven.apache.org/maven2/commons-codec/commons-codec/1.15/commons-codec-1.15.pom
2025-07-17 19:53:45,040 [Worker-39: Updating Maven Dependencies] INFO  o.e.m.c.i.e.AbstractTransferListenerAdapter - Downloading https://repo.maven.apache.org/maven2/org/bitbucket/b_c/jose4j/0.7.11/jose4j-0.7.11.pom
2025-07-17 19:53:45,080 [Worker-39: Updating Maven Dependencies] INFO  o.e.m.c.i.e.AbstractTransferListenerAdapter - Downloaded https://repo.maven.apache.org/maven2/org/bitbucket/b_c/jose4j/0.7.11/jose4j-0.7.11.pom
2025-07-17 19:53:45,201 [Worker-36: Building] INFO  o.e.m.c.i.e.AbstractTransferListenerAdapter - Downloading https://repo.maven.apache.org/maven2/com/fasterxml/jackson/core/jackson-annotations/2.12.6/jackson-annotations-2.12.6.pom
2025-07-17 19:53:45,226 [Worker-36: Building] INFO  o.e.m.c.i.e.AbstractTransferListenerAdapter - Downloaded https://repo.maven.apache.org/maven2/com/fasterxml/jackson/core/jackson-annotations/2.12.6/jackson-annotations-2.12.6.pom
2025-07-17 19:53:45,342 [Worker-36: Building] INFO  o.e.m.c.i.e.AbstractTransferListenerAdapter - Downloading https://repo.maven.apache.org/maven2/com/fasterxml/jackson/jackson-parent/2.12/jackson-parent-2.12.pom
2025-07-17 19:53:45,376 [Worker-36: Building] INFO  o.e.m.c.i.e.AbstractTransferListenerAdapter - Downloaded https://repo.maven.apache.org/maven2/com/fasterxml/jackson/jackson-parent/2.12/jackson-parent-2.12.pom
2025-07-17 19:53:45,492 [Worker-36: Building] INFO  o.e.m.c.i.e.AbstractTransferListenerAdapter - Downloading https://repo.maven.apache.org/maven2/com/fasterxml/oss-parent/41/oss-parent-41.pom
2025-07-17 19:53:45,527 [Worker-36: Building] INFO  o.e.m.c.i.e.AbstractTransferListenerAdapter - Downloaded https://repo.maven.apache.org/maven2/com/fasterxml/oss-parent/41/oss-parent-41.pom
2025-07-17 19:53:45,648 [Worker-39: Updating Maven Dependencies] INFO  o.e.m.c.i.e.AbstractTransferListenerAdapter - Downloading https://repo.maven.apache.org/maven2/com/fasterxml/jackson/core/jackson-core/2.12.6/jackson-core-2.12.6.pom
2025-07-17 19:53:45,694 [Worker-39: Updating Maven Dependencies] INFO  o.e.m.c.i.e.AbstractTransferListenerAdapter - Downloaded https://repo.maven.apache.org/maven2/com/fasterxml/jackson/core/jackson-core/2.12.6/jackson-core-2.12.6.pom
2025-07-17 19:53:45,824 [Worker-39: Updating Maven Dependencies] INFO  o.e.m.c.i.e.AbstractTransferListenerAdapter - Downloading https://repo.maven.apache.org/maven2/com/fasterxml/jackson/jackson-base/2.12.6/jackson-base-2.12.6.pom
2025-07-17 19:53:45,852 [Worker-39: Updating Maven Dependencies] INFO  o.e.m.c.i.e.AbstractTransferListenerAdapter - Downloaded https://repo.maven.apache.org/maven2/com/fasterxml/jackson/jackson-base/2.12.6/jackson-base-2.12.6.pom
2025-07-17 19:53:45,964 [Worker-39: Updating Maven Dependencies] INFO  o.e.m.c.i.e.AbstractTransferListenerAdapter - Downloading https://repo.maven.apache.org/maven2/com/fasterxml/jackson/jackson-bom/2.12.6/jackson-bom-2.12.6.pom
2025-07-17 19:53:45,993 [Worker-39: Updating Maven Dependencies] INFO  o.e.m.c.i.e.AbstractTransferListenerAdapter - Downloaded https://repo.maven.apache.org/maven2/com/fasterxml/jackson/jackson-bom/2.12.6/jackson-bom-2.12.6.pom
2025-07-17 19:53:46,092 [Worker-39: Updating Maven Dependencies] INFO  o.e.m.c.i.e.AbstractTransferListenerAdapter - Downloading https://repo.maven.apache.org/maven2/com/fasterxml/jackson/core/jackson-databind/2.12.6.1/jackson-databind-2.12.6.1.pom
2025-07-17 19:53:46,139 [Worker-39: Updating Maven Dependencies] INFO  o.e.m.c.i.e.AbstractTransferListenerAdapter - Downloaded https://repo.maven.apache.org/maven2/com/fasterxml/jackson/core/jackson-databind/2.12.6.1/jackson-databind-2.12.6.1.pom
2025-07-17 19:53:46,277 [Worker-36: Building] INFO  o.e.m.c.i.e.AbstractTransferListenerAdapter - Downloading https://repo.maven.apache.org/maven2/org/jboss/logging/jboss-logging/3.4.3.Final/jboss-logging-3.4.3.Final.pom
2025-07-17 19:53:46,312 [Worker-36: Building] INFO  o.e.m.c.i.e.AbstractTransferListenerAdapter - Downloaded https://repo.maven.apache.org/maven2/org/jboss/logging/jboss-logging/3.4.3.Final/jboss-logging-3.4.3.Final.pom
2025-07-17 19:53:46,448 [Worker-36: Building] INFO  o.e.m.c.i.e.AbstractTransferListenerAdapter - Downloading https://repo.maven.apache.org/maven2/org/junit/junit-bom/5.8.2/junit-bom-5.8.2.pom
2025-07-17 19:53:46,479 [Worker-36: Building] INFO  o.e.m.c.i.e.AbstractTransferListenerAdapter - Downloaded https://repo.maven.apache.org/maven2/org/junit/junit-bom/5.8.2/junit-bom-5.8.2.pom
2025-07-17 19:53:46,620 [Worker-36: Building] INFO  o.e.m.c.i.e.AbstractTransferListenerAdapter - Downloading https://repo.maven.apache.org/maven2/org/wildfly/common/wildfly-common/1.6.0.Final/wildfly-common-1.6.0.Final.pom
2025-07-17 19:53:46,660 [Worker-36: Building] INFO  o.e.m.c.i.e.AbstractTransferListenerAdapter - Downloaded https://repo.maven.apache.org/maven2/org/wildfly/common/wildfly-common/1.6.0.Final/wildfly-common-1.6.0.Final.pom
2025-07-17 19:53:46,804 [Worker-36: Building] INFO  o.e.m.c.i.e.AbstractTransferListenerAdapter - Downloading https://repo.maven.apache.org/maven2/org/slf4j/jcl-over-slf4j/1.7.36/jcl-over-slf4j-1.7.36.pom
2025-07-17 19:53:46,845 [Worker-36: Building] INFO  o.e.m.c.i.e.AbstractTransferListenerAdapter - Downloaded https://repo.maven.apache.org/maven2/org/slf4j/jcl-over-slf4j/1.7.36/jcl-over-slf4j-1.7.36.pom
2025-07-17 19:53:47,000 [Worker-36: Building] INFO  o.e.m.c.i.e.AbstractTransferListenerAdapter - Downloading https://repo.maven.apache.org/maven2/org/wildfly/wildfly-naming-client/1.0.15.Final/wildfly-naming-client-1.0.15.Final.pom
2025-07-17 19:53:47,023 [Worker-36: Building] INFO  o.e.m.c.i.e.AbstractTransferListenerAdapter - Downloaded https://repo.maven.apache.org/maven2/org/wildfly/wildfly-naming-client/1.0.15.Final/wildfly-naming-client-1.0.15.Final.pom
2025-07-17 19:53:47,187 [Worker-36: Building] INFO  o.e.m.c.i.e.AbstractTransferListenerAdapter - Downloading https://repo.maven.apache.org/maven2/org/wildfly/security/wildfly-elytron-auth/1.17.1.Final/wildfly-elytron-auth-1.17.1.Final.pom
2025-07-17 19:53:47,208 [Worker-36: Building] INFO  o.e.m.c.i.e.AbstractTransferListenerAdapter - Downloaded https://repo.maven.apache.org/maven2/org/wildfly/security/wildfly-elytron-auth/1.17.1.Final/wildfly-elytron-auth-1.17.1.Final.pom
2025-07-17 19:53:47,305 [Worker-36: Building] INFO  o.e.m.c.i.e.AbstractTransferListenerAdapter - Downloading https://repo.maven.apache.org/maven2/org/wildfly/security/wildfly-elytron-parent/1.17.1.Final/wildfly-elytron-parent-1.17.1.Final.pom
2025-07-17 19:53:47,373 [Worker-36: Building] INFO  o.e.m.c.i.e.AbstractTransferListenerAdapter - Downloaded https://repo.maven.apache.org/maven2/org/wildfly/security/wildfly-elytron-parent/1.17.1.Final/wildfly-elytron-parent-1.17.1.Final.pom
2025-07-17 19:53:47,547 [Worker-36: Building] INFO  o.e.m.c.i.e.AbstractTransferListenerAdapter - Downloading https://repo.maven.apache.org/maven2/org/wildfly/security/wildfly-elytron-util/1.17.1.Final/wildfly-elytron-util-1.17.1.Final.pom
2025-07-17 19:53:47,594 [Worker-36: Building] INFO  o.e.m.c.i.e.AbstractTransferListenerAdapter - Downloaded https://repo.maven.apache.org/maven2/org/wildfly/security/wildfly-elytron-util/1.17.1.Final/wildfly-elytron-util-1.17.1.Final.pom
2025-07-17 19:53:47,666 [Worker-36: Building] INFO  o.e.m.c.i.e.AbstractTransferListenerAdapter - Downloading https://repo.maven.apache.org/maven2/org/wildfly/security/wildfly-elytron-asn1/1.17.1.Final/wildfly-elytron-asn1-1.17.1.Final.pom
2025-07-17 19:53:47,688 [Worker-36: Building] INFO  o.e.m.c.i.e.AbstractTransferListenerAdapter - Downloaded https://repo.maven.apache.org/maven2/org/wildfly/security/wildfly-elytron-asn1/1.17.1.Final/wildfly-elytron-asn1-1.17.1.Final.pom
2025-07-17 19:53:47,762 [Worker-36: Building] INFO  o.e.m.c.i.e.AbstractTransferListenerAdapter - Downloading https://repo.maven.apache.org/maven2/org/wildfly/security/wildfly-elytron-base/1.17.1.Final/wildfly-elytron-base-1.17.1.Final.pom
2025-07-17 19:53:47,803 [Worker-36: Building] INFO  o.e.m.c.i.e.AbstractTransferListenerAdapter - Downloaded https://repo.maven.apache.org/maven2/org/wildfly/security/wildfly-elytron-base/1.17.1.Final/wildfly-elytron-base-1.17.1.Final.pom
2025-07-17 19:53:47,874 [Worker-36: Building] INFO  o.e.m.c.i.e.AbstractTransferListenerAdapter - Downloading https://repo.maven.apache.org/maven2/org/wildfly/security/wildfly-elytron-auth-server/1.17.1.Final/wildfly-elytron-auth-server-1.17.1.Final.pom
2025-07-17 19:53:47,906 [Worker-36: Building] INFO  o.e.m.c.i.e.AbstractTransferListenerAdapter - Downloaded https://repo.maven.apache.org/maven2/org/wildfly/security/wildfly-elytron-auth-server/1.17.1.Final/wildfly-elytron-auth-server-1.17.1.Final.pom
2025-07-17 19:53:47,969 [Worker-36: Building] INFO  o.e.m.c.i.e.AbstractTransferListenerAdapter - Downloading https://repo.maven.apache.org/maven2/org/wildfly/security/wildfly-elytron-credential/1.17.1.Final/wildfly-elytron-credential-1.17.1.Final.pom
2025-07-17 19:53:47,997 [Worker-36: Building] INFO  o.e.m.c.i.e.AbstractTransferListenerAdapter - Downloaded https://repo.maven.apache.org/maven2/org/wildfly/security/wildfly-elytron-credential/1.17.1.Final/wildfly-elytron-credential-1.17.1.Final.pom
2025-07-17 19:53:48,047 [Worker-36: Building] INFO  o.e.m.c.i.e.AbstractTransferListenerAdapter - Downloading https://repo.maven.apache.org/maven2/org/wildfly/security/wildfly-elytron-keystore/1.17.1.Final/wildfly-elytron-keystore-1.17.1.Final.pom
2025-07-17 19:53:48,084 [Worker-36: Building] INFO  o.e.m.c.i.e.AbstractTransferListenerAdapter - Downloaded https://repo.maven.apache.org/maven2/org/wildfly/security/wildfly-elytron-keystore/1.17.1.Final/wildfly-elytron-keystore-1.17.1.Final.pom
2025-07-17 19:53:48,138 [Worker-36: Building] INFO  o.e.m.c.i.e.AbstractTransferListenerAdapter - Downloading https://repo.maven.apache.org/maven2/org/wildfly/security/wildfly-elytron-provider-util/1.17.1.Final/wildfly-elytron-provider-util-1.17.1.Final.pom
2025-07-17 19:53:48,165 [Worker-36: Building] INFO  o.e.m.c.i.e.AbstractTransferListenerAdapter - Downloaded https://repo.maven.apache.org/maven2/org/wildfly/security/wildfly-elytron-provider-util/1.17.1.Final/wildfly-elytron-provider-util-1.17.1.Final.pom
2025-07-17 19:53:48,210 [Worker-36: Building] INFO  o.e.m.c.i.e.AbstractTransferListenerAdapter - Downloading https://repo.maven.apache.org/maven2/org/wildfly/security/wildfly-elytron-x500/1.17.1.Final/wildfly-elytron-x500-1.17.1.Final.pom
2025-07-17 19:53:48,234 [Worker-36: Building] INFO  o.e.m.c.i.e.AbstractTransferListenerAdapter - Downloaded https://repo.maven.apache.org/maven2/org/wildfly/security/wildfly-elytron-x500/1.17.1.Final/wildfly-elytron-x500-1.17.1.Final.pom
2025-07-17 19:53:48,279 [Worker-36: Building] INFO  o.e.m.c.i.e.AbstractTransferListenerAdapter - Downloading https://repo.maven.apache.org/maven2/org/wildfly/security/wildfly-elytron-permission/1.17.1.Final/wildfly-elytron-permission-1.17.1.Final.pom
2025-07-17 19:53:48,319 [Worker-36: Building] INFO  o.e.m.c.i.e.AbstractTransferListenerAdapter - Downloaded https://repo.maven.apache.org/maven2/org/wildfly/security/wildfly-elytron-permission/1.17.1.Final/wildfly-elytron-permission-1.17.1.Final.pom
2025-07-17 19:53:48,375 [Worker-36: Building] INFO  o.e.m.c.i.e.AbstractTransferListenerAdapter - Downloading https://repo.maven.apache.org/maven2/org/wildfly/security/wildfly-elytron-client/1.17.1.Final/wildfly-elytron-client-1.17.1.Final.pom
2025-07-17 19:53:48,396 [Worker-36: Building] INFO  o.e.m.c.i.e.AbstractTransferListenerAdapter - Downloaded https://repo.maven.apache.org/maven2/org/wildfly/security/wildfly-elytron-client/1.17.1.Final/wildfly-elytron-client-1.17.1.Final.pom
2025-07-17 19:53:48,474 [Worker-36: Building] INFO  o.e.m.c.i.e.AbstractTransferListenerAdapter - Downloading https://repo.maven.apache.org/maven2/org/wildfly/security/wildfly-elytron-auth-util/1.17.1.Final/wildfly-elytron-auth-util-1.17.1.Final.pom
2025-07-17 19:53:48,497 [Worker-36: Building] INFO  o.e.m.c.i.e.AbstractTransferListenerAdapter - Downloaded https://repo.maven.apache.org/maven2/org/wildfly/security/wildfly-elytron-auth-util/1.17.1.Final/wildfly-elytron-auth-util-1.17.1.Final.pom
2025-07-17 19:53:48,565 [Worker-36: Building] INFO  o.e.m.c.i.e.AbstractTransferListenerAdapter - Downloading https://repo.maven.apache.org/maven2/org/wildfly/security/wildfly-elytron-mechanism-gssapi/1.17.1.Final/wildfly-elytron-mechanism-gssapi-1.17.1.Final.pom
2025-07-17 19:53:48,585 [Worker-36: Building] INFO  o.e.m.c.i.e.AbstractTransferListenerAdapter - Downloaded https://repo.maven.apache.org/maven2/org/wildfly/security/wildfly-elytron-mechanism-gssapi/1.17.1.Final/wildfly-elytron-mechanism-gssapi-1.17.1.Final.pom
2025-07-17 19:53:48,655 [Worker-36: Building] INFO  o.e.m.c.i.e.AbstractTransferListenerAdapter - Downloading https://repo.maven.apache.org/maven2/org/wildfly/security/wildfly-elytron-security-manager-action/1.17.1.Final/wildfly-elytron-security-manager-action-1.17.1.Final.pom
2025-07-17 19:53:48,685 [Worker-36: Building] INFO  o.e.m.c.i.e.AbstractTransferListenerAdapter - Downloaded https://repo.maven.apache.org/maven2/org/wildfly/security/wildfly-elytron-security-manager-action/1.17.1.Final/wildfly-elytron-security-manager-action-1.17.1.Final.pom
2025-07-17 19:53:48,745 [Worker-36: Building] INFO  o.e.m.c.i.e.AbstractTransferListenerAdapter - Downloading https://repo.maven.apache.org/maven2/org/wildfly/security/wildfly-elytron-credential-source-impl/1.17.1.Final/wildfly-elytron-credential-source-impl-1.17.1.Final.pom
2025-07-17 19:53:48,782 [Worker-36: Building] INFO  o.e.m.c.i.e.AbstractTransferListenerAdapter - Downloaded https://repo.maven.apache.org/maven2/org/wildfly/security/wildfly-elytron-credential-source-impl/1.17.1.Final/wildfly-elytron-credential-source-impl-1.17.1.Final.pom
2025-07-17 19:53:48,842 [Worker-36: Building] INFO  o.e.m.c.i.e.AbstractTransferListenerAdapter - Downloading https://repo.maven.apache.org/maven2/org/wildfly/security/wildfly-elytron-credential-store/1.17.1.Final/wildfly-elytron-credential-store-1.17.1.Final.pom
2025-07-17 19:53:48,872 [Worker-36: Building] INFO  o.e.m.c.i.e.AbstractTransferListenerAdapter - Downloaded https://repo.maven.apache.org/maven2/org/wildfly/security/wildfly-elytron-credential-store/1.17.1.Final/wildfly-elytron-credential-store-1.17.1.Final.pom
2025-07-17 19:53:48,933 [Worker-36: Building] INFO  o.e.m.c.i.e.AbstractTransferListenerAdapter - Downloading https://repo.maven.apache.org/maven2/org/wildfly/security/wildfly-elytron-encryption/1.17.1.Final/wildfly-elytron-encryption-1.17.1.Final.pom
2025-07-17 19:53:48,975 [Worker-36: Building] INFO  o.e.m.c.i.e.AbstractTransferListenerAdapter - Downloaded https://repo.maven.apache.org/maven2/org/wildfly/security/wildfly-elytron-encryption/1.17.1.Final/wildfly-elytron-encryption-1.17.1.Final.pom
2025-07-17 19:53:49,043 [Worker-36: Building] INFO  o.e.m.c.i.e.AbstractTransferListenerAdapter - Downloading https://repo.maven.apache.org/maven2/org/wildfly/security/wildfly-elytron-mechanism/1.17.1.Final/wildfly-elytron-mechanism-1.17.1.Final.pom
2025-07-17 19:53:49,082 [Worker-36: Building] INFO  o.e.m.c.i.e.AbstractTransferListenerAdapter - Downloaded https://repo.maven.apache.org/maven2/org/wildfly/security/wildfly-elytron-mechanism/1.17.1.Final/wildfly-elytron-mechanism-1.17.1.Final.pom
2025-07-17 19:53:49,119 [Worker-36: Building] INFO  o.e.m.c.i.e.AbstractTransferListenerAdapter - Downloading https://repo.maven.apache.org/maven2/org/wildfly/security/wildfly-elytron-http/1.17.1.Final/wildfly-elytron-http-1.17.1.Final.pom
2025-07-17 19:53:49,146 [Worker-36: Building] INFO  o.e.m.c.i.e.AbstractTransferListenerAdapter - Downloaded https://repo.maven.apache.org/maven2/org/wildfly/security/wildfly-elytron-http/1.17.1.Final/wildfly-elytron-http-1.17.1.Final.pom
2025-07-17 19:53:49,184 [Worker-36: Building] INFO  o.e.m.c.i.e.AbstractTransferListenerAdapter - Downloading https://repo.maven.apache.org/maven2/org/wildfly/security/wildfly-elytron-password-impl/1.17.1.Final/wildfly-elytron-password-impl-1.17.1.Final.pom
2025-07-17 19:53:49,208 [Worker-36: Building] INFO  o.e.m.c.i.e.AbstractTransferListenerAdapter - Downloaded https://repo.maven.apache.org/maven2/org/wildfly/security/wildfly-elytron-password-impl/1.17.1.Final/wildfly-elytron-password-impl-1.17.1.Final.pom
2025-07-17 19:53:49,252 [Worker-36: Building] INFO  o.e.m.c.i.e.AbstractTransferListenerAdapter - Downloading https://repo.maven.apache.org/maven2/org/wildfly/security/wildfly-elytron-sasl/1.17.1.Final/wildfly-elytron-sasl-1.17.1.Final.pom
2025-07-17 19:53:49,273 [Worker-36: Building] INFO  o.e.m.c.i.e.AbstractTransferListenerAdapter - Downloaded https://repo.maven.apache.org/maven2/org/wildfly/security/wildfly-elytron-sasl/1.17.1.Final/wildfly-elytron-sasl-1.17.1.Final.pom
2025-07-17 19:53:49,405 [Worker-36: Building] INFO  o.e.m.c.i.e.AbstractTransferListenerAdapter - Downloading https://repo.maven.apache.org/maven2/org/wildfly/security/wildfly-elytron-ssl/1.17.1.Final/wildfly-elytron-ssl-1.17.1.Final.pom
2025-07-17 19:53:49,428 [Worker-36: Building] INFO  o.e.m.c.i.e.AbstractTransferListenerAdapter - Downloaded https://repo.maven.apache.org/maven2/org/wildfly/security/wildfly-elytron-ssl/1.17.1.Final/wildfly-elytron-ssl-1.17.1.Final.pom
2025-07-17 19:53:49,459 [Worker-36: Building] INFO  o.e.m.c.i.e.AbstractTransferListenerAdapter - Downloading https://repo.maven.apache.org/maven2/org/wildfly/security/wildfly-elytron-x500-cert/1.17.1.Final/wildfly-elytron-x500-cert-1.17.1.Final.pom
2025-07-17 19:53:49,497 [Worker-36: Building] INFO  o.e.m.c.i.e.AbstractTransferListenerAdapter - Downloaded https://repo.maven.apache.org/maven2/org/wildfly/security/wildfly-elytron-x500-cert/1.17.1.Final/wildfly-elytron-x500-cert-1.17.1.Final.pom
2025-07-17 19:53:49,537 [Worker-36: Building] INFO  o.e.m.c.i.e.AbstractTransferListenerAdapter - Downloading https://repo.maven.apache.org/maven2/org/wildfly/security/wildfly-elytron-x500-cert-util/1.17.1.Final/wildfly-elytron-x500-cert-util-1.17.1.Final.pom
2025-07-17 19:53:49,560 [Worker-36: Building] INFO  o.e.m.c.i.e.AbstractTransferListenerAdapter - Downloaded https://repo.maven.apache.org/maven2/org/wildfly/security/wildfly-elytron-x500-cert-util/1.17.1.Final/wildfly-elytron-x500-cert-util-1.17.1.Final.pom
2025-07-17 19:53:49,593 [Worker-36: Building] INFO  o.e.m.c.i.e.AbstractTransferListenerAdapter - Downloading https://repo.maven.apache.org/maven2/org/wildfly/security/wildfly-elytron-security-manager/1.17.1.Final/wildfly-elytron-security-manager-1.17.1.Final.pom
2025-07-17 19:53:49,621 [Worker-36: Building] INFO  o.e.m.c.i.e.AbstractTransferListenerAdapter - Downloaded https://repo.maven.apache.org/maven2/org/wildfly/security/wildfly-elytron-security-manager/1.17.1.Final/wildfly-elytron-security-manager-1.17.1.Final.pom
2025-07-17 19:53:49,653 [Worker-36: Building] INFO  o.e.m.c.i.e.AbstractTransferListenerAdapter - Downloading https://repo.maven.apache.org/maven2/org/wildfly/security/wildfly-elytron-realm/1.17.1.Final/wildfly-elytron-realm-1.17.1.Final.pom
2025-07-17 19:53:49,677 [Worker-36: Building] INFO  o.e.m.c.i.e.AbstractTransferListenerAdapter - Downloaded https://repo.maven.apache.org/maven2/org/wildfly/security/wildfly-elytron-realm/1.17.1.Final/wildfly-elytron-realm-1.17.1.Final.pom
2025-07-17 19:53:49,711 [Worker-36: Building] INFO  o.e.m.c.i.e.AbstractTransferListenerAdapter - Downloading https://repo.maven.apache.org/maven2/org/wildfly/security/wildfly-elytron-sasl-anonymous/1.17.1.Final/wildfly-elytron-sasl-anonymous-1.17.1.Final.pom
2025-07-17 19:53:49,733 [Worker-36: Building] INFO  o.e.m.c.i.e.AbstractTransferListenerAdapter - Downloaded https://repo.maven.apache.org/maven2/org/wildfly/security/wildfly-elytron-sasl-anonymous/1.17.1.Final/wildfly-elytron-sasl-anonymous-1.17.1.Final.pom
2025-07-17 19:53:49,765 [Worker-36: Building] INFO  o.e.m.c.i.e.AbstractTransferListenerAdapter - Downloading https://repo.maven.apache.org/maven2/org/wildfly/security/wildfly-elytron-sasl-localuser/1.17.1.Final/wildfly-elytron-sasl-localuser-1.17.1.Final.pom
2025-07-17 19:53:49,790 [Worker-36: Building] INFO  o.e.m.c.i.e.AbstractTransferListenerAdapter - Downloaded https://repo.maven.apache.org/maven2/org/wildfly/security/wildfly-elytron-sasl-localuser/1.17.1.Final/wildfly-elytron-sasl-localuser-1.17.1.Final.pom
2025-07-17 19:53:49,833 [Worker-36: Building] INFO  o.e.m.c.i.e.AbstractTransferListenerAdapter - Downloading https://repo.maven.apache.org/maven2/org/wildfly/security/wildfly-elytron-sasl-auth-util/1.17.1.Final/wildfly-elytron-sasl-auth-util-1.17.1.Final.pom
2025-07-17 19:53:49,854 [Worker-36: Building] INFO  o.e.m.c.i.e.AbstractTransferListenerAdapter - Downloaded https://repo.maven.apache.org/maven2/org/wildfly/security/wildfly-elytron-sasl-auth-util/1.17.1.Final/wildfly-elytron-sasl-auth-util-1.17.1.Final.pom
2025-07-17 19:53:49,906 [Worker-36: Building] INFO  o.e.m.c.i.e.AbstractTransferListenerAdapter - Downloading https://repo.maven.apache.org/maven2/org/jboss/ejb3/jboss-ejb3-ext-api/2.3.0.Final/jboss-ejb3-ext-api-2.3.0.Final.pom
2025-07-17 19:53:49,927 [Worker-36: Building] INFO  o.e.m.c.i.e.AbstractTransferListenerAdapter - Downloaded https://repo.maven.apache.org/maven2/org/jboss/ejb3/jboss-ejb3-ext-api/2.3.0.Final/jboss-ejb3-ext-api-2.3.0.Final.pom
2025-07-17 19:53:50,006 [Worker-36: Building] INFO  o.e.m.c.i.e.AbstractTransferListenerAdapter - Downloading https://repo.maven.apache.org/maven2/org/jboss/spec/javax/resource/jboss-connector-api_1.7_spec/2.0.0.Final/jboss-connector-api_1.7_spec-2.0.0.Final.pom
2025-07-17 19:53:50,041 [Worker-36: Building] INFO  o.e.m.c.i.e.AbstractTransferListenerAdapter - Downloaded https://repo.maven.apache.org/maven2/org/jboss/spec/javax/resource/jboss-connector-api_1.7_spec/2.0.0.Final/jboss-connector-api_1.7_spec-2.0.0.Final.pom
2025-07-17 19:53:50,407 [Worker-39: Updating Maven Dependencies] INFO  o.e.m.c.i.e.AbstractTransferListenerAdapter - Downloading https://repo.maven.apache.org/maven2/org/wildfly/wildfly-http-client/wildfly-http-ejb-client/1.1.11.Final/wildfly-http-ejb-client-1.1.11.Final.pom
2025-07-17 19:53:50,437 [Worker-39: Updating Maven Dependencies] INFO  o.e.m.c.i.e.AbstractTransferListenerAdapter - Downloaded https://repo.maven.apache.org/maven2/org/wildfly/wildfly-http-client/wildfly-http-ejb-client/1.1.11.Final/wildfly-http-ejb-client-1.1.11.Final.pom
2025-07-17 19:53:50,507 [Worker-39: Updating Maven Dependencies] INFO  o.e.m.c.i.e.AbstractTransferListenerAdapter - Downloading https://repo.maven.apache.org/maven2/org/wildfly/wildfly-http-client/wildfly-http-client-parent/1.1.11.Final/wildfly-http-client-parent-1.1.11.Final.pom
2025-07-17 19:53:50,542 [Worker-39: Updating Maven Dependencies] INFO  o.e.m.c.i.e.AbstractTransferListenerAdapter - Downloaded https://repo.maven.apache.org/maven2/org/wildfly/wildfly-http-client/wildfly-http-client-parent/1.1.11.Final/wildfly-http-client-parent-1.1.11.Final.pom
2025-07-17 19:53:50,630 [Worker-39: Updating Maven Dependencies] INFO  o.e.m.c.i.e.AbstractTransferListenerAdapter - Downloading https://repo.maven.apache.org/maven2/io/undertow/undertow-core/2.2.17.Final/undertow-core-2.2.17.Final.pom
2025-07-17 19:53:50,683 [Worker-39: Updating Maven Dependencies] INFO  o.e.m.c.i.e.AbstractTransferListenerAdapter - Downloaded https://repo.maven.apache.org/maven2/io/undertow/undertow-core/2.2.17.Final/undertow-core-2.2.17.Final.pom
2025-07-17 19:53:50,733 [Worker-39: Updating Maven Dependencies] INFO  o.e.m.c.i.e.AbstractTransferListenerAdapter - Downloading https://repo.maven.apache.org/maven2/io/undertow/undertow-parent/2.2.17.Final/undertow-parent-2.2.17.Final.pom
2025-07-17 19:53:50,784 [Worker-39: Updating Maven Dependencies] INFO  o.e.m.c.i.e.AbstractTransferListenerAdapter - Downloaded https://repo.maven.apache.org/maven2/io/undertow/undertow-parent/2.2.17.Final/undertow-parent-2.2.17.Final.pom
2025-07-17 19:53:50,835 [Worker-39: Updating Maven Dependencies] INFO  o.e.m.c.i.e.AbstractTransferListenerAdapter - Downloading https://repo.maven.apache.org/maven2/org/jboss/xnio/xnio-api/3.8.6.Final/xnio-api-3.8.6.Final.pom
2025-07-17 19:53:50,885 [Worker-39: Updating Maven Dependencies] INFO  o.e.m.c.i.e.AbstractTransferListenerAdapter - Downloaded https://repo.maven.apache.org/maven2/org/jboss/xnio/xnio-api/3.8.6.Final/xnio-api-3.8.6.Final.pom
2025-07-17 19:53:50,944 [Worker-39: Updating Maven Dependencies] INFO  o.e.m.c.i.e.AbstractTransferListenerAdapter - Downloading https://repo.maven.apache.org/maven2/org/jboss/xnio/xnio-all/3.8.6.Final/xnio-all-3.8.6.Final.pom
2025-07-17 19:53:50,987 [Worker-39: Updating Maven Dependencies] INFO  o.e.m.c.i.e.AbstractTransferListenerAdapter - Downloaded https://repo.maven.apache.org/maven2/org/jboss/xnio/xnio-all/3.8.6.Final/xnio-all-3.8.6.Final.pom
2025-07-17 19:53:51,038 [Worker-39: Updating Maven Dependencies] INFO  o.e.m.c.i.e.AbstractTransferListenerAdapter - Downloading https://repo.maven.apache.org/maven2/org/jboss/xnio/xnio-nio/3.8.6.Final/xnio-nio-3.8.6.Final.pom
2025-07-17 19:53:51,058 [Worker-39: Updating Maven Dependencies] INFO  o.e.m.c.i.e.AbstractTransferListenerAdapter - Downloaded https://repo.maven.apache.org/maven2/org/jboss/xnio/xnio-nio/3.8.6.Final/xnio-nio-3.8.6.Final.pom
2025-07-17 19:53:51,096 [Worker-39: Updating Maven Dependencies] INFO  o.e.m.c.i.e.AbstractTransferListenerAdapter - Downloading https://repo.maven.apache.org/maven2/org/jboss/threads/jboss-threads/3.1.0.Final/jboss-threads-3.1.0.Final.pom
2025-07-17 19:53:51,124 [Worker-39: Updating Maven Dependencies] INFO  o.e.m.c.i.e.AbstractTransferListenerAdapter - Downloaded https://repo.maven.apache.org/maven2/org/jboss/threads/jboss-threads/3.1.0.Final/jboss-threads-3.1.0.Final.pom
2025-07-17 19:53:51,156 [Worker-39: Updating Maven Dependencies] INFO  o.e.m.c.i.e.AbstractTransferListenerAdapter - Downloading https://repo.maven.apache.org/maven2/org/jboss/jboss-parent/36/jboss-parent-36.pom
2025-07-17 19:53:51,238 [Worker-39: Updating Maven Dependencies] INFO  o.e.m.c.i.e.AbstractTransferListenerAdapter - Downloaded https://repo.maven.apache.org/maven2/org/jboss/jboss-parent/36/jboss-parent-36.pom
2025-07-17 19:53:51,290 [Worker-36: Building] INFO  o.e.m.c.i.e.AbstractTransferListenerAdapter - Downloading https://repo.maven.apache.org/maven2/org/wildfly/wildfly-http-client/wildfly-http-client-common/1.1.11.Final/wildfly-http-client-common-1.1.11.Final.pom
2025-07-17 19:53:51,332 [Worker-36: Building] INFO  o.e.m.c.i.e.AbstractTransferListenerAdapter - Downloaded https://repo.maven.apache.org/maven2/org/wildfly/wildfly-http-client/wildfly-http-client-common/1.1.11.Final/wildfly-http-client-common-1.1.11.Final.pom
2025-07-17 19:53:51,377 [Worker-36: Building] INFO  o.e.m.c.i.e.AbstractTransferListenerAdapter - Downloading https://repo.maven.apache.org/maven2/org/jboss/marshalling/jboss-marshalling-river/2.0.9.Final/jboss-marshalling-river-2.0.9.Final.pom
2025-07-17 19:53:51,416 [Worker-36: Building] INFO  o.e.m.c.i.e.AbstractTransferListenerAdapter - Downloaded https://repo.maven.apache.org/maven2/org/jboss/marshalling/jboss-marshalling-river/2.0.9.Final/jboss-marshalling-river-2.0.9.Final.pom
2025-07-17 19:53:51,525 [Worker-36: Building] INFO  o.e.m.c.i.e.AbstractTransferListenerAdapter - Downloading https://repo.maven.apache.org/maven2/org/jboss/marshalling/jboss-marshalling-parent/2.0.9.Final/jboss-marshalling-parent-2.0.9.Final.pom
2025-07-17 19:53:51,565 [Worker-36: Building] INFO  o.e.m.c.i.e.AbstractTransferListenerAdapter - Downloaded https://repo.maven.apache.org/maven2/org/jboss/marshalling/jboss-marshalling-parent/2.0.9.Final/jboss-marshalling-parent-2.0.9.Final.pom
2025-07-17 19:53:51,637 [Worker-36: Building] INFO  o.e.m.c.i.e.AbstractTransferListenerAdapter - Downloading https://repo.maven.apache.org/maven2/org/jboss/marshalling/jboss-marshalling/2.0.9.Final/jboss-marshalling-2.0.9.Final.pom
2025-07-17 19:53:51,682 [Worker-36: Building] INFO  o.e.m.c.i.e.AbstractTransferListenerAdapter - Downloaded https://repo.maven.apache.org/maven2/org/jboss/marshalling/jboss-marshalling/2.0.9.Final/jboss-marshalling-2.0.9.Final.pom
2025-07-17 19:53:51,727 [Worker-39: Updating Maven Dependencies] INFO  o.e.m.c.i.e.AbstractTransferListenerAdapter - Downloading https://repo.maven.apache.org/maven2/org/wildfly/security/wildfly-elytron-auth/1.15.1.Final/wildfly-elytron-auth-1.15.1.Final.pom
2025-07-17 19:53:51,768 [Worker-39: Updating Maven Dependencies] INFO  o.e.m.c.i.e.AbstractTransferListenerAdapter - Downloaded https://repo.maven.apache.org/maven2/org/wildfly/security/wildfly-elytron-auth/1.15.1.Final/wildfly-elytron-auth-1.15.1.Final.pom
2025-07-17 19:53:51,806 [Worker-39: Updating Maven Dependencies] INFO  o.e.m.c.i.e.AbstractTransferListenerAdapter - Downloading https://repo.maven.apache.org/maven2/org/wildfly/security/wildfly-elytron-parent/1.15.1.Final/wildfly-elytron-parent-1.15.1.Final.pom
2025-07-17 19:53:51,859 [Worker-39: Updating Maven Dependencies] INFO  o.e.m.c.i.e.AbstractTransferListenerAdapter - Downloaded https://repo.maven.apache.org/maven2/org/wildfly/security/wildfly-elytron-parent/1.15.1.Final/wildfly-elytron-parent-1.15.1.Final.pom
2025-07-17 19:53:51,909 [Worker-39: Updating Maven Dependencies] INFO  o.e.m.c.i.e.AbstractTransferListenerAdapter - Downloading https://repo.maven.apache.org/maven2/org/wildfly/security/wildfly-elytron-util/1.15.1.Final/wildfly-elytron-util-1.15.1.Final.pom
2025-07-17 19:53:51,938 [Worker-39: Updating Maven Dependencies] INFO  o.e.m.c.i.e.AbstractTransferListenerAdapter - Downloaded https://repo.maven.apache.org/maven2/org/wildfly/security/wildfly-elytron-util/1.15.1.Final/wildfly-elytron-util-1.15.1.Final.pom
2025-07-17 19:53:51,972 [Worker-39: Updating Maven Dependencies] INFO  o.e.m.c.i.e.AbstractTransferListenerAdapter - Downloading https://repo.maven.apache.org/maven2/org/wildfly/security/wildfly-elytron-asn1/1.15.1.Final/wildfly-elytron-asn1-1.15.1.Final.pom
2025-07-17 19:53:52,009 [Worker-39: Updating Maven Dependencies] INFO  o.e.m.c.i.e.AbstractTransferListenerAdapter - Downloaded https://repo.maven.apache.org/maven2/org/wildfly/security/wildfly-elytron-asn1/1.15.1.Final/wildfly-elytron-asn1-1.15.1.Final.pom
2025-07-17 19:53:52,045 [Worker-39: Updating Maven Dependencies] INFO  o.e.m.c.i.e.AbstractTransferListenerAdapter - Downloading https://repo.maven.apache.org/maven2/org/wildfly/security/wildfly-elytron-base/1.15.1.Final/wildfly-elytron-base-1.15.1.Final.pom
2025-07-17 19:53:52,074 [Worker-39: Updating Maven Dependencies] INFO  o.e.m.c.i.e.AbstractTransferListenerAdapter - Downloaded https://repo.maven.apache.org/maven2/org/wildfly/security/wildfly-elytron-base/1.15.1.Final/wildfly-elytron-base-1.15.1.Final.pom
2025-07-17 19:53:52,107 [Worker-39: Updating Maven Dependencies] INFO  o.e.m.c.i.e.AbstractTransferListenerAdapter - Downloading https://repo.maven.apache.org/maven2/org/wildfly/security/wildfly-elytron-auth-server/1.15.1.Final/wildfly-elytron-auth-server-1.15.1.Final.pom
2025-07-17 19:53:52,141 [Worker-39: Updating Maven Dependencies] INFO  o.e.m.c.i.e.AbstractTransferListenerAdapter - Downloaded https://repo.maven.apache.org/maven2/org/wildfly/security/wildfly-elytron-auth-server/1.15.1.Final/wildfly-elytron-auth-server-1.15.1.Final.pom
2025-07-17 19:53:52,180 [Worker-39: Updating Maven Dependencies] INFO  o.e.m.c.i.e.AbstractTransferListenerAdapter - Downloading https://repo.maven.apache.org/maven2/org/wildfly/security/wildfly-elytron-credential/1.15.1.Final/wildfly-elytron-credential-1.15.1.Final.pom
2025-07-17 19:53:52,207 [Worker-39: Updating Maven Dependencies] INFO  o.e.m.c.i.e.AbstractTransferListenerAdapter - Downloaded https://repo.maven.apache.org/maven2/org/wildfly/security/wildfly-elytron-credential/1.15.1.Final/wildfly-elytron-credential-1.15.1.Final.pom
2025-07-17 19:53:52,236 [Worker-39: Updating Maven Dependencies] INFO  o.e.m.c.i.e.AbstractTransferListenerAdapter - Downloading https://repo.maven.apache.org/maven2/org/wildfly/security/wildfly-elytron-keystore/1.15.1.Final/wildfly-elytron-keystore-1.15.1.Final.pom
2025-07-17 19:53:52,260 [Worker-39: Updating Maven Dependencies] INFO  o.e.m.c.i.e.AbstractTransferListenerAdapter - Downloaded https://repo.maven.apache.org/maven2/org/wildfly/security/wildfly-elytron-keystore/1.15.1.Final/wildfly-elytron-keystore-1.15.1.Final.pom
2025-07-17 19:53:52,290 [Worker-39: Updating Maven Dependencies] INFO  o.e.m.c.i.e.AbstractTransferListenerAdapter - Downloading https://repo.maven.apache.org/maven2/org/wildfly/security/wildfly-elytron-provider-util/1.15.1.Final/wildfly-elytron-provider-util-1.15.1.Final.pom
2025-07-17 19:53:52,313 [Worker-39: Updating Maven Dependencies] INFO  o.e.m.c.i.e.AbstractTransferListenerAdapter - Downloaded https://repo.maven.apache.org/maven2/org/wildfly/security/wildfly-elytron-provider-util/1.15.1.Final/wildfly-elytron-provider-util-1.15.1.Final.pom
2025-07-17 19:53:52,347 [Worker-39: Updating Maven Dependencies] INFO  o.e.m.c.i.e.AbstractTransferListenerAdapter - Downloading https://repo.maven.apache.org/maven2/org/wildfly/security/wildfly-elytron-x500/1.15.1.Final/wildfly-elytron-x500-1.15.1.Final.pom
2025-07-17 19:53:52,369 [Worker-39: Updating Maven Dependencies] INFO  o.e.m.c.i.e.AbstractTransferListenerAdapter - Downloaded https://repo.maven.apache.org/maven2/org/wildfly/security/wildfly-elytron-x500/1.15.1.Final/wildfly-elytron-x500-1.15.1.Final.pom
2025-07-17 19:53:52,414 [Worker-39: Updating Maven Dependencies] INFO  o.e.m.c.i.e.AbstractTransferListenerAdapter - Downloading https://repo.maven.apache.org/maven2/org/wildfly/security/wildfly-elytron-permission/1.15.1.Final/wildfly-elytron-permission-1.15.1.Final.pom
2025-07-17 19:53:52,436 [Worker-39: Updating Maven Dependencies] INFO  o.e.m.c.i.e.AbstractTransferListenerAdapter - Downloaded https://repo.maven.apache.org/maven2/org/wildfly/security/wildfly-elytron-permission/1.15.1.Final/wildfly-elytron-permission-1.15.1.Final.pom
2025-07-17 19:53:52,471 [Worker-39: Updating Maven Dependencies] INFO  o.e.m.c.i.e.AbstractTransferListenerAdapter - Downloading https://repo.maven.apache.org/maven2/org/wildfly/security/wildfly-elytron-auth-server-http/1.15.1.Final/wildfly-elytron-auth-server-http-1.15.1.Final.pom
2025-07-17 19:53:52,511 [Worker-39: Updating Maven Dependencies] INFO  o.e.m.c.i.e.AbstractTransferListenerAdapter - Downloaded https://repo.maven.apache.org/maven2/org/wildfly/security/wildfly-elytron-auth-server-http/1.15.1.Final/wildfly-elytron-auth-server-http-1.15.1.Final.pom
2025-07-17 19:53:52,546 [Worker-39: Updating Maven Dependencies] INFO  o.e.m.c.i.e.AbstractTransferListenerAdapter - Downloading https://repo.maven.apache.org/maven2/org/wildfly/security/wildfly-elytron-http/1.15.1.Final/wildfly-elytron-http-1.15.1.Final.pom
2025-07-17 19:53:52,576 [Worker-39: Updating Maven Dependencies] INFO  o.e.m.c.i.e.AbstractTransferListenerAdapter - Downloaded https://repo.maven.apache.org/maven2/org/wildfly/security/wildfly-elytron-http/1.15.1.Final/wildfly-elytron-http-1.15.1.Final.pom
2025-07-17 19:53:52,627 [Worker-39: Updating Maven Dependencies] INFO  o.e.m.c.i.e.AbstractTransferListenerAdapter - Downloading https://repo.maven.apache.org/maven2/org/wildfly/security/wildfly-elytron-client/1.15.1.Final/wildfly-elytron-client-1.15.1.Final.pom
2025-07-17 19:53:52,667 [Worker-39: Updating Maven Dependencies] INFO  o.e.m.c.i.e.AbstractTransferListenerAdapter - Downloaded https://repo.maven.apache.org/maven2/org/wildfly/security/wildfly-elytron-client/1.15.1.Final/wildfly-elytron-client-1.15.1.Final.pom
2025-07-17 19:53:52,705 [Worker-39: Updating Maven Dependencies] INFO  o.e.m.c.i.e.AbstractTransferListenerAdapter - Downloading https://repo.maven.apache.org/maven2/org/wildfly/security/wildfly-elytron-auth-util/1.15.1.Final/wildfly-elytron-auth-util-1.15.1.Final.pom
2025-07-17 19:53:52,743 [Worker-39: Updating Maven Dependencies] INFO  o.e.m.c.i.e.AbstractTransferListenerAdapter - Downloaded https://repo.maven.apache.org/maven2/org/wildfly/security/wildfly-elytron-auth-util/1.15.1.Final/wildfly-elytron-auth-util-1.15.1.Final.pom
2025-07-17 19:53:52,788 [Worker-39: Updating Maven Dependencies] INFO  o.e.m.c.i.e.AbstractTransferListenerAdapter - Downloading https://repo.maven.apache.org/maven2/org/wildfly/security/wildfly-elytron-mechanism-gssapi/1.15.1.Final/wildfly-elytron-mechanism-gssapi-1.15.1.Final.pom
2025-07-17 19:53:52,817 [Worker-39: Updating Maven Dependencies] INFO  o.e.m.c.i.e.AbstractTransferListenerAdapter - Downloaded https://repo.maven.apache.org/maven2/org/wildfly/security/wildfly-elytron-mechanism-gssapi/1.15.1.Final/wildfly-elytron-mechanism-gssapi-1.15.1.Final.pom
2025-07-17 19:53:52,850 [Worker-39: Updating Maven Dependencies] INFO  o.e.m.c.i.e.AbstractTransferListenerAdapter - Downloading https://repo.maven.apache.org/maven2/org/wildfly/security/wildfly-elytron-security-manager-action/1.15.1.Final/wildfly-elytron-security-manager-action-1.15.1.Final.pom
2025-07-17 19:53:52,879 [Worker-39: Updating Maven Dependencies] INFO  o.e.m.c.i.e.AbstractTransferListenerAdapter - Downloaded https://repo.maven.apache.org/maven2/org/wildfly/security/wildfly-elytron-security-manager-action/1.15.1.Final/wildfly-elytron-security-manager-action-1.15.1.Final.pom
2025-07-17 19:53:52,910 [Worker-39: Updating Maven Dependencies] INFO  o.e.m.c.i.e.AbstractTransferListenerAdapter - Downloading https://repo.maven.apache.org/maven2/org/wildfly/security/wildfly-elytron-credential-source-impl/1.15.1.Final/wildfly-elytron-credential-source-impl-1.15.1.Final.pom
2025-07-17 19:53:52,958 [Worker-39: Updating Maven Dependencies] INFO  o.e.m.c.i.e.AbstractTransferListenerAdapter - Downloaded https://repo.maven.apache.org/maven2/org/wildfly/security/wildfly-elytron-credential-source-impl/1.15.1.Final/wildfly-elytron-credential-source-impl-1.15.1.Final.pom
2025-07-17 19:53:53,013 [Worker-39: Updating Maven Dependencies] INFO  o.e.m.c.i.e.AbstractTransferListenerAdapter - Downloading https://repo.maven.apache.org/maven2/org/wildfly/security/wildfly-elytron-credential-store/1.15.1.Final/wildfly-elytron-credential-store-1.15.1.Final.pom
2025-07-17 19:53:53,056 [Worker-39: Updating Maven Dependencies] INFO  o.e.m.c.i.e.AbstractTransferListenerAdapter - Downloaded https://repo.maven.apache.org/maven2/org/wildfly/security/wildfly-elytron-credential-store/1.15.1.Final/wildfly-elytron-credential-store-1.15.1.Final.pom
2025-07-17 19:53:53,093 [Worker-39: Updating Maven Dependencies] INFO  o.e.m.c.i.e.AbstractTransferListenerAdapter - Downloading https://repo.maven.apache.org/maven2/org/wildfly/security/wildfly-elytron-encryption/1.15.1.Final/wildfly-elytron-encryption-1.15.1.Final.pom
2025-07-17 19:53:53,132 [Worker-39: Updating Maven Dependencies] INFO  o.e.m.c.i.e.AbstractTransferListenerAdapter - Downloaded https://repo.maven.apache.org/maven2/org/wildfly/security/wildfly-elytron-encryption/1.15.1.Final/wildfly-elytron-encryption-1.15.1.Final.pom
2025-07-17 19:53:53,177 [Worker-39: Updating Maven Dependencies] INFO  o.e.m.c.i.e.AbstractTransferListenerAdapter - Downloading https://repo.maven.apache.org/maven2/org/wildfly/security/wildfly-elytron-mechanism/1.15.1.Final/wildfly-elytron-mechanism-1.15.1.Final.pom
2025-07-17 19:53:53,223 [Worker-39: Updating Maven Dependencies] INFO  o.e.m.c.i.e.AbstractTransferListenerAdapter - Downloaded https://repo.maven.apache.org/maven2/org/wildfly/security/wildfly-elytron-mechanism/1.15.1.Final/wildfly-elytron-mechanism-1.15.1.Final.pom
2025-07-17 19:53:53,263 [Worker-39: Updating Maven Dependencies] INFO  o.e.m.c.i.e.AbstractTransferListenerAdapter - Downloading https://repo.maven.apache.org/maven2/org/wildfly/security/wildfly-elytron-password-impl/1.15.1.Final/wildfly-elytron-password-impl-1.15.1.Final.pom
2025-07-17 19:53:53,302 [Worker-39: Updating Maven Dependencies] INFO  o.e.m.c.i.e.AbstractTransferListenerAdapter - Downloaded https://repo.maven.apache.org/maven2/org/wildfly/security/wildfly-elytron-password-impl/1.15.1.Final/wildfly-elytron-password-impl-1.15.1.Final.pom
2025-07-17 19:53:53,341 [Worker-39: Updating Maven Dependencies] INFO  o.e.m.c.i.e.AbstractTransferListenerAdapter - Downloading https://repo.maven.apache.org/maven2/org/wildfly/security/wildfly-elytron-sasl/1.15.1.Final/wildfly-elytron-sasl-1.15.1.Final.pom
2025-07-17 19:53:53,380 [Worker-39: Updating Maven Dependencies] INFO  o.e.m.c.i.e.AbstractTransferListenerAdapter - Downloaded https://repo.maven.apache.org/maven2/org/wildfly/security/wildfly-elytron-sasl/1.15.1.Final/wildfly-elytron-sasl-1.15.1.Final.pom
2025-07-17 19:53:53,421 [Worker-39: Updating Maven Dependencies] INFO  o.e.m.c.i.e.AbstractTransferListenerAdapter - Downloading https://repo.maven.apache.org/maven2/org/wildfly/security/wildfly-elytron-ssl/1.15.1.Final/wildfly-elytron-ssl-1.15.1.Final.pom
2025-07-17 19:53:53,462 [Worker-39: Updating Maven Dependencies] INFO  o.e.m.c.i.e.AbstractTransferListenerAdapter - Downloaded https://repo.maven.apache.org/maven2/org/wildfly/security/wildfly-elytron-ssl/1.15.1.Final/wildfly-elytron-ssl-1.15.1.Final.pom
2025-07-17 19:53:53,804 [Worker-39: Updating Maven Dependencies] INFO  o.e.m.c.i.e.AbstractTransferListenerAdapter - Downloading https://repo.maven.apache.org/maven2/org/wildfly/security/wildfly-elytron-x500-cert/1.15.1.Final/wildfly-elytron-x500-cert-1.15.1.Final.pom
2025-07-17 19:53:53,828 [Worker-39: Updating Maven Dependencies] INFO  o.e.m.c.i.e.AbstractTransferListenerAdapter - Downloaded https://repo.maven.apache.org/maven2/org/wildfly/security/wildfly-elytron-x500-cert/1.15.1.Final/wildfly-elytron-x500-cert-1.15.1.Final.pom
2025-07-17 19:53:53,862 [Worker-39: Updating Maven Dependencies] INFO  o.e.m.c.i.e.AbstractTransferListenerAdapter - Downloading https://repo.maven.apache.org/maven2/org/wildfly/security/wildfly-elytron-x500-cert-util/1.15.1.Final/wildfly-elytron-x500-cert-util-1.15.1.Final.pom
2025-07-17 19:53:53,886 [Worker-39: Updating Maven Dependencies] INFO  o.e.m.c.i.e.AbstractTransferListenerAdapter - Downloaded https://repo.maven.apache.org/maven2/org/wildfly/security/wildfly-elytron-x500-cert-util/1.15.1.Final/wildfly-elytron-x500-cert-util-1.15.1.Final.pom
2025-07-17 19:53:54,263 [Worker-39: Updating Maven Dependencies] INFO  o.e.m.c.i.e.AbstractTransferListenerAdapter - Downloading https://repo.maven.apache.org/maven2/org/wildfly/security/wildfly-elytron-http-basic/1.15.1.Final/wildfly-elytron-http-basic-1.15.1.Final.pom
2025-07-17 19:53:54,301 [Worker-39: Updating Maven Dependencies] INFO  o.e.m.c.i.e.AbstractTransferListenerAdapter - Downloaded https://repo.maven.apache.org/maven2/org/wildfly/security/wildfly-elytron-http-basic/1.15.1.Final/wildfly-elytron-http-basic-1.15.1.Final.pom
2025-07-17 19:53:54,500 [Worker-39: Updating Maven Dependencies] INFO  o.e.m.c.i.e.AbstractTransferListenerAdapter - Downloading https://repo.maven.apache.org/maven2/org/wildfly/security/wildfly-elytron-mechanism-http/1.15.1.Final/wildfly-elytron-mechanism-http-1.15.1.Final.pom
2025-07-17 19:53:54,539 [Worker-39: Updating Maven Dependencies] INFO  o.e.m.c.i.e.AbstractTransferListenerAdapter - Downloaded https://repo.maven.apache.org/maven2/org/wildfly/security/wildfly-elytron-mechanism-http/1.15.1.Final/wildfly-elytron-mechanism-http-1.15.1.Final.pom
2025-07-17 19:53:54,593 [Worker-39: Updating Maven Dependencies] INFO  o.e.m.c.i.e.AbstractTransferListenerAdapter - Downloading https://repo.maven.apache.org/maven2/org/wildfly/security/wildfly-elytron-http-cert/1.15.1.Final/wildfly-elytron-http-cert-1.15.1.Final.pom
2025-07-17 19:53:54,637 [Worker-39: Updating Maven Dependencies] INFO  o.e.m.c.i.e.AbstractTransferListenerAdapter - Downloaded https://repo.maven.apache.org/maven2/org/wildfly/security/wildfly-elytron-http-cert/1.15.1.Final/wildfly-elytron-http-cert-1.15.1.Final.pom
2025-07-17 19:53:55,000 [Worker-39: Updating Maven Dependencies] INFO  o.e.m.c.i.e.AbstractTransferListenerAdapter - Downloading https://repo.maven.apache.org/maven2/org/wildfly/security/wildfly-elytron-http-digest/1.15.1.Final/wildfly-elytron-http-digest-1.15.1.Final.pom
2025-07-17 19:53:55,042 [Worker-39: Updating Maven Dependencies] INFO  o.e.m.c.i.e.AbstractTransferListenerAdapter - Downloaded https://repo.maven.apache.org/maven2/org/wildfly/security/wildfly-elytron-http-digest/1.15.1.Final/wildfly-elytron-http-digest-1.15.1.Final.pom
2025-07-17 19:53:55,114 [Worker-39: Updating Maven Dependencies] INFO  o.e.m.c.i.e.AbstractTransferListenerAdapter - Downloading https://repo.maven.apache.org/maven2/org/wildfly/security/wildfly-elytron-mechanism-digest/1.15.1.Final/wildfly-elytron-mechanism-digest-1.15.1.Final.pom
2025-07-17 19:53:55,141 [Worker-39: Updating Maven Dependencies] INFO  o.e.m.c.i.e.AbstractTransferListenerAdapter - Downloaded https://repo.maven.apache.org/maven2/org/wildfly/security/wildfly-elytron-mechanism-digest/1.15.1.Final/wildfly-elytron-mechanism-digest-1.15.1.Final.pom
2025-07-17 19:53:55,499 [Worker-39: Updating Maven Dependencies] INFO  o.e.m.c.i.e.AbstractTransferListenerAdapter - Downloading https://repo.maven.apache.org/maven2/org/wildfly/security/wildfly-elytron-http-util/1.15.1.Final/wildfly-elytron-http-util-1.15.1.Final.pom
2025-07-17 19:53:55,537 [Worker-39: Updating Maven Dependencies] INFO  o.e.m.c.i.e.AbstractTransferListenerAdapter - Downloaded https://repo.maven.apache.org/maven2/org/wildfly/security/wildfly-elytron-http-util/1.15.1.Final/wildfly-elytron-http-util-1.15.1.Final.pom
2025-07-17 19:53:55,629 [Worker-39: Updating Maven Dependencies] INFO  o.e.m.c.i.e.AbstractTransferListenerAdapter - Downloading https://repo.maven.apache.org/maven2/org/wildfly/security/wildfly-elytron-security-manager/1.15.1.Final/wildfly-elytron-security-manager-1.15.1.Final.pom
2025-07-17 19:53:55,675 [Worker-39: Updating Maven Dependencies] INFO  o.e.m.c.i.e.AbstractTransferListenerAdapter - Downloaded https://repo.maven.apache.org/maven2/org/wildfly/security/wildfly-elytron-security-manager/1.15.1.Final/wildfly-elytron-security-manager-1.15.1.Final.pom
2025-07-17 19:53:55,761 [Worker-39: Updating Maven Dependencies] INFO  o.e.m.c.i.e.AbstractTransferListenerAdapter - Downloading https://repo.maven.apache.org/maven2/org/wildfly/security/wildfly-elytron-realm/1.15.1.Final/wildfly-elytron-realm-1.15.1.Final.pom
2025-07-17 19:53:55,795 [Worker-39: Updating Maven Dependencies] INFO  o.e.m.c.i.e.AbstractTransferListenerAdapter - Downloaded https://repo.maven.apache.org/maven2/org/wildfly/security/wildfly-elytron-realm/1.15.1.Final/wildfly-elytron-realm-1.15.1.Final.pom
2025-07-17 19:53:55,869 [Worker-39: Updating Maven Dependencies] INFO  o.e.m.c.i.e.AbstractTransferListenerAdapter - Downloading https://repo.maven.apache.org/maven2/org/wildfly/wildfly-http-client/wildfly-http-naming-client/1.1.11.Final/wildfly-http-naming-client-1.1.11.Final.pom
2025-07-17 19:53:55,893 [Worker-39: Updating Maven Dependencies] INFO  o.e.m.c.i.e.AbstractTransferListenerAdapter - Downloaded https://repo.maven.apache.org/maven2/org/wildfly/wildfly-http-client/wildfly-http-naming-client/1.1.11.Final/wildfly-http-naming-client-1.1.11.Final.pom
2025-07-17 19:53:56,001 [Worker-39: Updating Maven Dependencies] INFO  o.e.m.c.i.e.AbstractTransferListenerAdapter - Downloading https://repo.maven.apache.org/maven2/org/wildfly/wildfly-naming-client/1.0.12.Final/wildfly-naming-client-1.0.12.Final.pom
2025-07-17 19:53:56,037 [Worker-39: Updating Maven Dependencies] INFO  o.e.m.c.i.e.AbstractTransferListenerAdapter - Downloaded https://repo.maven.apache.org/maven2/org/wildfly/wildfly-naming-client/1.0.12.Final/wildfly-naming-client-1.0.12.Final.pom
2025-07-17 19:53:56,457 [Worker-39: Updating Maven Dependencies] INFO  o.e.m.c.i.e.AbstractTransferListenerAdapter - Downloading https://repo.maven.apache.org/maven2/org/wildfly/wildfly-http-client/wildfly-http-transaction-client/1.1.11.Final/wildfly-http-transaction-client-1.1.11.Final.pom
2025-07-17 19:53:56,491 [Worker-39: Updating Maven Dependencies] INFO  o.e.m.c.i.e.AbstractTransferListenerAdapter - Downloaded https://repo.maven.apache.org/maven2/org/wildfly/wildfly-http-client/wildfly-http-transaction-client/1.1.11.Final/wildfly-http-transaction-client-1.1.11.Final.pom
2025-07-17 19:53:56,534 [Worker-39: Updating Maven Dependencies] INFO  o.e.m.c.i.e.AbstractTransferListenerAdapter - Downloading https://repo.maven.apache.org/maven2/org/kohsuke/metainf-services/metainf-services/1.7/metainf-services-1.7.pom
2025-07-17 19:53:56,563 [Worker-39: Updating Maven Dependencies] INFO  o.e.m.c.i.e.AbstractTransferListenerAdapter - Downloaded https://repo.maven.apache.org/maven2/org/kohsuke/metainf-services/metainf-services/1.7/metainf-services-1.7.pom
2025-07-17 19:53:56,662 [Worker-39: Updating Maven Dependencies] INFO  o.e.m.c.i.e.AbstractTransferListenerAdapter - Downloading https://repo.maven.apache.org/maven2/org/kohsuke/pom/14/pom-14.pom
2025-07-17 19:53:56,686 [Worker-39: Updating Maven Dependencies] INFO  o.e.m.c.i.e.AbstractTransferListenerAdapter - Downloaded https://repo.maven.apache.org/maven2/org/kohsuke/pom/14/pom-14.pom
2025-07-17 19:53:56,808 [Worker-39: Updating Maven Dependencies] INFO  o.e.m.c.i.e.AbstractTransferListenerAdapter - Downloading https://repo.maven.apache.org/maven2/org/hibernate/hibernate-core/4.3.5.Final/hibernate-core-4.3.5.Final.pom
2025-07-17 19:53:56,838 [Worker-39: Updating Maven Dependencies] INFO  o.e.m.c.i.e.AbstractTransferListenerAdapter - Downloaded https://repo.maven.apache.org/maven2/org/hibernate/hibernate-core/4.3.5.Final/hibernate-core-4.3.5.Final.pom
2025-07-17 19:53:56,974 [Worker-39: Updating Maven Dependencies] INFO  o.e.m.c.i.e.AbstractTransferListenerAdapter - Downloading https://repo.maven.apache.org/maven2/org/jboss/logging/jboss-logging/3.1.3.GA/jboss-logging-3.1.3.GA.pom
2025-07-17 19:53:57,005 [Worker-39: Updating Maven Dependencies] INFO  o.e.m.c.i.e.AbstractTransferListenerAdapter - Downloaded https://repo.maven.apache.org/maven2/org/jboss/logging/jboss-logging/3.1.3.GA/jboss-logging-3.1.3.GA.pom
2025-07-17 19:53:57,136 [Worker-39: Updating Maven Dependencies] INFO  o.e.m.c.i.e.AbstractTransferListenerAdapter - Downloading https://repo.maven.apache.org/maven2/org/jboss/logging/jboss-logging-annotations/1.2.0.Beta1/jboss-logging-annotations-1.2.0.Beta1.pom
2025-07-17 19:53:57,163 [Worker-39: Updating Maven Dependencies] INFO  o.e.m.c.i.e.AbstractTransferListenerAdapter - Downloaded https://repo.maven.apache.org/maven2/org/jboss/logging/jboss-logging-annotations/1.2.0.Beta1/jboss-logging-annotations-1.2.0.Beta1.pom
2025-07-17 19:53:57,236 [Worker-39: Updating Maven Dependencies] INFO  o.e.m.c.i.e.AbstractTransferListenerAdapter - Downloading https://repo.maven.apache.org/maven2/org/jboss/logging/jboss-logging-tools-parent/1.2.0.Beta1/jboss-logging-tools-parent-1.2.0.Beta1.pom
2025-07-17 19:53:57,263 [Worker-39: Updating Maven Dependencies] INFO  o.e.m.c.i.e.AbstractTransferListenerAdapter - Downloaded https://repo.maven.apache.org/maven2/org/jboss/logging/jboss-logging-tools-parent/1.2.0.Beta1/jboss-logging-tools-parent-1.2.0.Beta1.pom
2025-07-17 19:53:57,364 [Worker-39: Updating Maven Dependencies] INFO  o.e.m.c.i.e.AbstractTransferListenerAdapter - Downloading https://repo.maven.apache.org/maven2/org/jboss/spec/javax/transaction/jboss-transaction-api_1.2_spec/1.0.0.Final/jboss-transaction-api_1.2_spec-1.0.0.Final.pom
2025-07-17 19:53:57,393 [Worker-39: Updating Maven Dependencies] INFO  o.e.m.c.i.e.AbstractTransferListenerAdapter - Downloaded https://repo.maven.apache.org/maven2/org/jboss/spec/javax/transaction/jboss-transaction-api_1.2_spec/1.0.0.Final/jboss-transaction-api_1.2_spec-1.0.0.Final.pom
2025-07-17 19:53:57,521 [Worker-39: Updating Maven Dependencies] INFO  o.e.m.c.i.e.AbstractTransferListenerAdapter - Downloading https://repo.maven.apache.org/maven2/dom4j/dom4j/1.6.1/dom4j-1.6.1.pom
2025-07-17 19:53:57,551 [Worker-39: Updating Maven Dependencies] INFO  o.e.m.c.i.e.AbstractTransferListenerAdapter - Downloaded https://repo.maven.apache.org/maven2/dom4j/dom4j/1.6.1/dom4j-1.6.1.pom
2025-07-17 19:53:57,653 [Worker-39: Updating Maven Dependencies] INFO  o.e.m.c.i.e.AbstractTransferListenerAdapter - Downloading https://repo.maven.apache.org/maven2/xml-apis/xml-apis/1.0.b2/xml-apis-1.0.b2.pom
2025-07-17 19:53:57,682 [Worker-39: Updating Maven Dependencies] INFO  o.e.m.c.i.e.AbstractTransferListenerAdapter - Downloaded https://repo.maven.apache.org/maven2/xml-apis/xml-apis/1.0.b2/xml-apis-1.0.b2.pom
2025-07-17 19:53:57,813 [Worker-39: Updating Maven Dependencies] INFO  o.e.m.c.i.e.AbstractTransferListenerAdapter - Downloading https://repo.maven.apache.org/maven2/org/hibernate/common/hibernate-commons-annotations/4.0.4.Final/hibernate-commons-annotations-4.0.4.Final.pom
2025-07-17 19:53:57,838 [Worker-39: Updating Maven Dependencies] INFO  o.e.m.c.i.e.AbstractTransferListenerAdapter - Downloaded https://repo.maven.apache.org/maven2/org/hibernate/common/hibernate-commons-annotations/4.0.4.Final/hibernate-commons-annotations-4.0.4.Final.pom
2025-07-17 19:53:57,951 [Worker-39: Updating Maven Dependencies] INFO  o.e.m.c.i.e.AbstractTransferListenerAdapter - Downloading https://repo.maven.apache.org/maven2/org/hibernate/javax/persistence/hibernate-jpa-2.1-api/1.0.0.Final/hibernate-jpa-2.1-api-1.0.0.Final.pom
2025-07-17 19:53:57,975 [Worker-39: Updating Maven Dependencies] INFO  o.e.m.c.i.e.AbstractTransferListenerAdapter - Downloaded https://repo.maven.apache.org/maven2/org/hibernate/javax/persistence/hibernate-jpa-2.1-api/1.0.0.Final/hibernate-jpa-2.1-api-1.0.0.Final.pom
2025-07-17 19:53:58,078 [Worker-39: Updating Maven Dependencies] INFO  o.e.m.c.i.e.AbstractTransferListenerAdapter - Downloading https://repo.maven.apache.org/maven2/org/javassist/javassist/3.18.1-GA/javassist-3.18.1-GA.pom
2025-07-17 19:53:58,107 [Worker-39: Updating Maven Dependencies] INFO  o.e.m.c.i.e.AbstractTransferListenerAdapter - Downloaded https://repo.maven.apache.org/maven2/org/javassist/javassist/3.18.1-GA/javassist-3.18.1-GA.pom
2025-07-17 19:53:58,122 [Worker-36: Building] WARN  o.a.m.r.i.DefaultArtifactDescriptorReader - 1 problem was encountered while building the effective model for org.javassist:javassist:jar:3.18.1-GA during dependency collection step for project (use -X to see details)
2025-07-17 19:53:58,122 [Worker-39: Updating Maven Dependencies] WARN  o.a.m.r.i.DefaultArtifactDescriptorReader - 1 problem was encountered while building the effective model for org.javassist:javassist:jar:3.18.1-GA during dependency collection step for project (use -X to see details)
2025-07-17 19:53:58,261 [Worker-39: Updating Maven Dependencies] INFO  o.e.m.c.i.e.AbstractTransferListenerAdapter - Downloading https://repo.maven.apache.org/maven2/antlr/antlr/2.7.7/antlr-2.7.7.pom
2025-07-17 19:53:58,294 [Worker-39: Updating Maven Dependencies] INFO  o.e.m.c.i.e.AbstractTransferListenerAdapter - Downloaded https://repo.maven.apache.org/maven2/antlr/antlr/2.7.7/antlr-2.7.7.pom
2025-07-17 19:53:58,383 [Worker-39: Updating Maven Dependencies] INFO  o.e.m.c.i.e.AbstractTransferListenerAdapter - Downloading https://repo.maven.apache.org/maven2/org/jboss/jandex/1.1.0.Final/jandex-1.1.0.Final.pom
2025-07-17 19:53:58,408 [Worker-39: Updating Maven Dependencies] INFO  o.e.m.c.i.e.AbstractTransferListenerAdapter - Downloaded https://repo.maven.apache.org/maven2/org/jboss/jandex/1.1.0.Final/jandex-1.1.0.Final.pom
2025-07-17 19:53:58,499 [Worker-39: Updating Maven Dependencies] INFO  o.e.m.c.i.e.AbstractTransferListenerAdapter - Downloading https://repo.maven.apache.org/maven2/org/jboss/jboss-parent/5/jboss-parent-5.pom
2025-07-17 19:53:58,522 [Worker-39: Updating Maven Dependencies] INFO  o.e.m.c.i.e.AbstractTransferListenerAdapter - Downloaded https://repo.maven.apache.org/maven2/org/jboss/jboss-parent/5/jboss-parent-5.pom
2025-07-17 19:53:58,632 [Worker-36: Building] INFO  o.e.m.c.i.e.AbstractTransferListenerAdapter - Downloading https://repo.maven.apache.org/maven2/mysql/mysql-connector-java/8.0.30/mysql-connector-java-8.0.30.pom
2025-07-17 19:53:58,660 [Worker-36: Building] INFO  o.e.m.c.i.e.AbstractTransferListenerAdapter - Downloaded https://repo.maven.apache.org/maven2/mysql/mysql-connector-java/8.0.30/mysql-connector-java-8.0.30.pom
2025-07-17 19:53:58,745 [Worker-36: Building] INFO  o.e.m.c.i.e.AbstractTransferListenerAdapter - Downloading https://repo.maven.apache.org/maven2/com/google/protobuf/protobuf-java/3.19.4/protobuf-java-3.19.4.pom
2025-07-17 19:53:58,776 [Worker-36: Building] INFO  o.e.m.c.i.e.AbstractTransferListenerAdapter - Downloaded https://repo.maven.apache.org/maven2/com/google/protobuf/protobuf-java/3.19.4/protobuf-java-3.19.4.pom
2025-07-17 19:53:58,852 [Worker-36: Building] INFO  o.e.m.c.i.e.AbstractTransferListenerAdapter - Downloading https://repo.maven.apache.org/maven2/com/google/protobuf/protobuf-parent/3.19.4/protobuf-parent-3.19.4.pom
2025-07-17 19:53:58,898 [Worker-36: Building] INFO  o.e.m.c.i.e.AbstractTransferListenerAdapter - Downloaded https://repo.maven.apache.org/maven2/com/google/protobuf/protobuf-parent/3.19.4/protobuf-parent-3.19.4.pom
2025-07-17 19:53:58,983 [Worker-36: Building] INFO  o.e.m.c.i.e.AbstractTransferListenerAdapter - Downloading https://repo.maven.apache.org/maven2/com/google/protobuf/protobuf-bom/3.19.4/protobuf-bom-3.19.4.pom
2025-07-17 19:53:59,031 [Worker-36: Building] INFO  o.e.m.c.i.e.AbstractTransferListenerAdapter - Downloaded https://repo.maven.apache.org/maven2/com/google/protobuf/protobuf-bom/3.19.4/protobuf-bom-3.19.4.pom
2025-07-17 19:53:59,107 [Worker-36: Building] INFO  o.e.m.c.i.e.AbstractTransferListenerAdapter - Downloading https://repo.maven.apache.org/maven2/log4j/log4j/1.2.17/log4j-1.2.17.pom
2025-07-17 19:53:59,179 [Worker-36: Building] INFO  o.e.m.c.i.e.AbstractTransferListenerAdapter - Downloaded https://repo.maven.apache.org/maven2/log4j/log4j/1.2.17/log4j-1.2.17.pom
2025-07-17 19:53:59,361 [Worker-39: Updating Maven Dependencies] INFO  o.e.m.c.i.e.AbstractTransferListenerAdapter - Downloading https://repo.maven.apache.org/maven2/com/google/guava/guava/17.0/guava-17.0.pom
2025-07-17 19:53:59,391 [Worker-39: Updating Maven Dependencies] INFO  o.e.m.c.i.e.AbstractTransferListenerAdapter - Downloaded https://repo.maven.apache.org/maven2/com/google/guava/guava/17.0/guava-17.0.pom
2025-07-17 19:53:59,488 [Worker-39: Updating Maven Dependencies] INFO  o.e.m.c.i.e.AbstractTransferListenerAdapter - Downloading https://repo.maven.apache.org/maven2/com/google/guava/guava-parent/17.0/guava-parent-17.0.pom
2025-07-17 19:53:59,514 [Worker-39: Updating Maven Dependencies] INFO  o.e.m.c.i.e.AbstractTransferListenerAdapter - Downloaded https://repo.maven.apache.org/maven2/com/google/guava/guava-parent/17.0/guava-parent-17.0.pom
2025-07-17 19:53:59,553 [Worker-39: Updating Maven Dependencies] INFO  o.e.m.c.i.e.AbstractTransferListenerAdapter - Downloading https://repo.maven.apache.org/maven2/org/sonatype/oss/oss-parent/7/oss-parent-7.pom
2025-07-17 19:53:59,574 [Worker-39: Updating Maven Dependencies] INFO  o.e.m.c.i.e.AbstractTransferListenerAdapter - Downloaded https://repo.maven.apache.org/maven2/org/sonatype/oss/oss-parent/7/oss-parent-7.pom
2025-07-17 19:53:59,698 [Worker-39: Updating Maven Dependencies] INFO  o.e.m.c.i.e.AbstractTransferListenerAdapter - Downloading https://repo.maven.apache.org/maven2/org/glassfish/jersey/containers/jersey-container-servlet-core/4.0.0-M2/jersey-container-servlet-core-4.0.0-M2.pom
2025-07-17 19:53:59,723 [Worker-39: Updating Maven Dependencies] INFO  o.e.m.c.i.e.AbstractTransferListenerAdapter - Downloaded https://repo.maven.apache.org/maven2/org/glassfish/jersey/containers/jersey-container-servlet-core/4.0.0-M2/jersey-container-servlet-core-4.0.0-M2.pom
2025-07-17 19:53:59,786 [Worker-39: Updating Maven Dependencies] INFO  o.e.m.c.i.e.AbstractTransferListenerAdapter - Downloading https://repo.maven.apache.org/maven2/org/glassfish/jersey/containers/project/4.0.0-M2/project-4.0.0-M2.pom
2025-07-17 19:53:59,807 [Worker-39: Updating Maven Dependencies] INFO  o.e.m.c.i.e.AbstractTransferListenerAdapter - Downloaded https://repo.maven.apache.org/maven2/org/glassfish/jersey/containers/project/4.0.0-M2/project-4.0.0-M2.pom
2025-07-17 19:54:00,010 [Worker-39: Updating Maven Dependencies] INFO  o.e.m.c.i.e.AbstractTransferListenerAdapter - Downloading https://repo.maven.apache.org/maven2/org/glassfish/jersey/project/4.0.0-M2/project-4.0.0-M2.pom
2025-07-17 19:54:00,082 [Worker-39: Updating Maven Dependencies] INFO  o.e.m.c.i.e.AbstractTransferListenerAdapter - Downloaded https://repo.maven.apache.org/maven2/org/glassfish/jersey/project/4.0.0-M2/project-4.0.0-M2.pom
2025-07-17 19:54:00,144 [Worker-36: Building] INFO  o.e.m.c.i.e.AbstractTransferListenerAdapter - Downloading https://repo.maven.apache.org/maven2/org/junit/junit-bom/5.11.4/junit-bom-5.11.4.pom
2025-07-17 19:54:00,166 [Worker-36: Building] INFO  o.e.m.c.i.e.AbstractTransferListenerAdapter - Downloaded https://repo.maven.apache.org/maven2/org/junit/junit-bom/5.11.4/junit-bom-5.11.4.pom
2025-07-17 19:54:00,213 [Worker-36: Building] INFO  o.e.m.c.i.e.AbstractTransferListenerAdapter - Downloading https://repo.maven.apache.org/maven2/jakarta/inject/jakarta.inject-api/2.0.1/jakarta.inject-api-2.0.1.pom
2025-07-17 19:54:00,234 [Worker-36: Building] INFO  o.e.m.c.i.e.AbstractTransferListenerAdapter - Downloaded https://repo.maven.apache.org/maven2/jakarta/inject/jakarta.inject-api/2.0.1/jakarta.inject-api-2.0.1.pom
2025-07-17 19:54:00,270 [Worker-36: Building] INFO  o.e.m.c.i.e.AbstractTransferListenerAdapter - Downloading https://repo.maven.apache.org/maven2/org/eclipse/ee4j/project/1.0.6/project-1.0.6.pom
2025-07-17 19:54:00,298 [Worker-36: Building] INFO  o.e.m.c.i.e.AbstractTransferListenerAdapter - Downloaded https://repo.maven.apache.org/maven2/org/eclipse/ee4j/project/1.0.6/project-1.0.6.pom
2025-07-17 19:54:00,345 [Worker-36: Building] INFO  o.e.m.c.i.e.AbstractTransferListenerAdapter - Downloading https://repo.maven.apache.org/maven2/org/glassfish/jersey/core/jersey-common/4.0.0-M2/jersey-common-4.0.0-M2.pom
2025-07-17 19:54:00,367 [Worker-36: Building] INFO  o.e.m.c.i.e.AbstractTransferListenerAdapter - Downloaded https://repo.maven.apache.org/maven2/org/glassfish/jersey/core/jersey-common/4.0.0-M2/jersey-common-4.0.0-M2.pom
2025-07-17 19:54:00,428 [Worker-36: Building] INFO  o.e.m.c.i.e.AbstractTransferListenerAdapter - Downloading https://repo.maven.apache.org/maven2/jakarta/ws/rs/jakarta.ws.rs-api/4.0.0/jakarta.ws.rs-api-4.0.0.pom
2025-07-17 19:54:00,447 [Worker-36: Building] INFO  o.e.m.c.i.e.AbstractTransferListenerAdapter - Downloaded https://repo.maven.apache.org/maven2/jakarta/ws/rs/jakarta.ws.rs-api/4.0.0/jakarta.ws.rs-api-4.0.0.pom
2025-07-17 19:54:00,491 [Worker-36: Building] INFO  o.e.m.c.i.e.AbstractTransferListenerAdapter - Downloading https://repo.maven.apache.org/maven2/jakarta/ws/rs/all/4.0.0/all-4.0.0.pom
2025-07-17 19:54:00,526 [Worker-36: Building] INFO  o.e.m.c.i.e.AbstractTransferListenerAdapter - Downloaded https://repo.maven.apache.org/maven2/jakarta/ws/rs/all/4.0.0/all-4.0.0.pom
2025-07-17 19:54:00,577 [Worker-39: Updating Maven Dependencies] INFO  o.e.m.c.i.e.AbstractTransferListenerAdapter - Downloading https://repo.maven.apache.org/maven2/jakarta/annotation/jakarta.annotation-api/3.0.0/jakarta.annotation-api-3.0.0.pom
2025-07-17 19:54:00,607 [Worker-39: Updating Maven Dependencies] INFO  o.e.m.c.i.e.AbstractTransferListenerAdapter - Downloaded https://repo.maven.apache.org/maven2/jakarta/annotation/jakarta.annotation-api/3.0.0/jakarta.annotation-api-3.0.0.pom
2025-07-17 19:54:00,660 [Worker-36: Building] INFO  o.e.m.c.i.e.AbstractTransferListenerAdapter - Downloading https://repo.maven.apache.org/maven2/org/glassfish/hk2/osgi-resource-locator/1.0.3/osgi-resource-locator-1.0.3.pom
2025-07-17 19:54:00,682 [Worker-36: Building] INFO  o.e.m.c.i.e.AbstractTransferListenerAdapter - Downloaded https://repo.maven.apache.org/maven2/org/glassfish/hk2/osgi-resource-locator/1.0.3/osgi-resource-locator-1.0.3.pom
2025-07-17 19:54:00,723 [Worker-36: Building] INFO  o.e.m.c.i.e.AbstractTransferListenerAdapter - Downloading https://repo.maven.apache.org/maven2/org/eclipse/ee4j/project/1.0.5/project-1.0.5.pom
2025-07-17 19:54:00,756 [Worker-36: Building] INFO  o.e.m.c.i.e.AbstractTransferListenerAdapter - Downloaded https://repo.maven.apache.org/maven2/org/eclipse/ee4j/project/1.0.5/project-1.0.5.pom
2025-07-17 19:54:00,809 [Worker-39: Updating Maven Dependencies] INFO  o.e.m.c.i.e.AbstractTransferListenerAdapter - Downloading https://repo.maven.apache.org/maven2/org/glassfish/jersey/core/jersey-server/4.0.0-M2/jersey-server-4.0.0-M2.pom
2025-07-17 19:54:00,837 [Worker-39: Updating Maven Dependencies] INFO  o.e.m.c.i.e.AbstractTransferListenerAdapter - Downloaded https://repo.maven.apache.org/maven2/org/glassfish/jersey/core/jersey-server/4.0.0-M2/jersey-server-4.0.0-M2.pom
2025-07-17 19:54:00,893 [Worker-36: Building] INFO  o.e.m.c.i.e.AbstractTransferListenerAdapter - Downloading https://repo.maven.apache.org/maven2/org/glassfish/jersey/core/jersey-client/4.0.0-M2/jersey-client-4.0.0-M2.pom
2025-07-17 19:54:00,913 [Worker-36: Building] INFO  o.e.m.c.i.e.AbstractTransferListenerAdapter - Downloaded https://repo.maven.apache.org/maven2/org/glassfish/jersey/core/jersey-client/4.0.0-M2/jersey-client-4.0.0-M2.pom
2025-07-17 19:54:00,957 [Worker-36: Building] INFO  o.e.m.c.i.e.AbstractTransferListenerAdapter - Downloading https://repo.maven.apache.org/maven2/jakarta/validation/jakarta.validation-api/3.1.0/jakarta.validation-api-3.1.0.pom
2025-07-17 19:54:00,985 [Worker-36: Building] INFO  o.e.m.c.i.e.AbstractTransferListenerAdapter - Downloaded https://repo.maven.apache.org/maven2/jakarta/validation/jakarta.validation-api/3.1.0/jakarta.validation-api-3.1.0.pom
2025-07-17 19:54:01,113 [Worker-39: Updating Maven Dependencies] INFO  o.e.m.c.i.e.AbstractTransferListenerAdapter - Downloading https://repo.maven.apache.org/maven2/org/glassfish/jersey/inject/jersey-hk2/4.0.0-M2/jersey-hk2-4.0.0-M2.pom
2025-07-17 19:54:01,132 [Worker-39: Updating Maven Dependencies] INFO  o.e.m.c.i.e.AbstractTransferListenerAdapter - Downloaded https://repo.maven.apache.org/maven2/org/glassfish/jersey/inject/jersey-hk2/4.0.0-M2/jersey-hk2-4.0.0-M2.pom
2025-07-17 19:54:01,196 [Worker-39: Updating Maven Dependencies] INFO  o.e.m.c.i.e.AbstractTransferListenerAdapter - Downloading https://repo.maven.apache.org/maven2/org/glassfish/jersey/inject/project/4.0.0-M2/project-4.0.0-M2.pom
2025-07-17 19:54:01,216 [Worker-39: Updating Maven Dependencies] INFO  o.e.m.c.i.e.AbstractTransferListenerAdapter - Downloaded https://repo.maven.apache.org/maven2/org/glassfish/jersey/inject/project/4.0.0-M2/project-4.0.0-M2.pom
2025-07-17 19:54:01,328 [Worker-39: Updating Maven Dependencies] INFO  o.e.m.c.i.e.AbstractTransferListenerAdapter - Downloading https://repo.maven.apache.org/maven2/org/glassfish/hk2/hk2-locator/4.0.0-M3/hk2-locator-4.0.0-M3.pom
2025-07-17 19:54:01,351 [Worker-39: Updating Maven Dependencies] INFO  o.e.m.c.i.e.AbstractTransferListenerAdapter - Downloaded https://repo.maven.apache.org/maven2/org/glassfish/hk2/hk2-locator/4.0.0-M3/hk2-locator-4.0.0-M3.pom
2025-07-17 19:54:01,474 [Worker-39: Updating Maven Dependencies] INFO  o.e.m.c.i.e.AbstractTransferListenerAdapter - Downloading https://repo.maven.apache.org/maven2/org/glassfish/hk2/hk2-parent/4.0.0-M3/hk2-parent-4.0.0-M3.pom
2025-07-17 19:54:01,521 [Worker-39: Updating Maven Dependencies] INFO  o.e.m.c.i.e.AbstractTransferListenerAdapter - Downloaded https://repo.maven.apache.org/maven2/org/glassfish/hk2/hk2-parent/4.0.0-M3/hk2-parent-4.0.0-M3.pom
2025-07-17 19:54:01,636 [Worker-39: Updating Maven Dependencies] INFO  o.e.m.c.i.e.AbstractTransferListenerAdapter - Downloading https://repo.maven.apache.org/maven2/org/glassfish/hk2/external/aopalliance-repackaged/4.0.0-M3/aopalliance-repackaged-4.0.0-M3.pom
2025-07-17 19:54:01,659 [Worker-39: Updating Maven Dependencies] INFO  o.e.m.c.i.e.AbstractTransferListenerAdapter - Downloaded https://repo.maven.apache.org/maven2/org/glassfish/hk2/external/aopalliance-repackaged/4.0.0-M3/aopalliance-repackaged-4.0.0-M3.pom
2025-07-17 19:54:01,893 [Worker-39: Updating Maven Dependencies] INFO  o.e.m.c.i.e.AbstractTransferListenerAdapter - Downloading https://repo.maven.apache.org/maven2/org/glassfish/hk2/external/4.0.0-M3/external-4.0.0-M3.pom
2025-07-17 19:54:01,915 [Worker-39: Updating Maven Dependencies] INFO  o.e.m.c.i.e.AbstractTransferListenerAdapter - Downloaded https://repo.maven.apache.org/maven2/org/glassfish/hk2/external/4.0.0-M3/external-4.0.0-M3.pom
2025-07-17 19:54:02,008 [Worker-39: Updating Maven Dependencies] INFO  o.e.m.c.i.e.AbstractTransferListenerAdapter - Downloading https://repo.maven.apache.org/maven2/org/glassfish/hk2/hk2-api/4.0.0-M3/hk2-api-4.0.0-M3.pom
2025-07-17 19:54:02,039 [Worker-39: Updating Maven Dependencies] INFO  o.e.m.c.i.e.AbstractTransferListenerAdapter - Downloaded https://repo.maven.apache.org/maven2/org/glassfish/hk2/hk2-api/4.0.0-M3/hk2-api-4.0.0-M3.pom
2025-07-17 19:54:02,144 [Worker-39: Updating Maven Dependencies] INFO  o.e.m.c.i.e.AbstractTransferListenerAdapter - Downloading https://repo.maven.apache.org/maven2/org/glassfish/hk2/hk2-utils/4.0.0-M3/hk2-utils-4.0.0-M3.pom
2025-07-17 19:54:02,168 [Worker-39: Updating Maven Dependencies] INFO  o.e.m.c.i.e.AbstractTransferListenerAdapter - Downloaded https://repo.maven.apache.org/maven2/org/glassfish/hk2/hk2-utils/4.0.0-M3/hk2-utils-4.0.0-M3.pom
2025-07-17 19:54:02,293 [Worker-39: Updating Maven Dependencies] INFO  o.e.m.c.i.e.AbstractTransferListenerAdapter - Downloading https://repo.maven.apache.org/maven2/org/javassist/javassist/3.30.2-GA/javassist-3.30.2-GA.pom
2025-07-17 19:54:02,329 [Worker-39: Updating Maven Dependencies] INFO  o.e.m.c.i.e.AbstractTransferListenerAdapter - Downloaded https://repo.maven.apache.org/maven2/org/javassist/javassist/3.30.2-GA/javassist-3.30.2-GA.pom
2025-07-17 19:54:02,454 [Worker-36: Building] INFO  o.e.m.c.i.e.AbstractTransferListenerAdapter - Downloading https://repo.maven.apache.org/maven2/javax/ws/rs/javax.ws.rs-api/2.0.1/javax.ws.rs-api-2.0.1.jar
2025-07-17 19:54:02,530 [Worker-36: Building] INFO  o.e.m.c.i.e.AbstractTransferListenerAdapter - Downloaded https://repo.maven.apache.org/maven2/javax/ws/rs/javax.ws.rs-api/2.0.1/javax.ws.rs-api-2.0.1.jar
2025-07-17 19:54:02,557 [BasicRepositoryConnector-repo.maven.apache.org-1-2] INFO  o.e.m.c.i.e.AbstractTransferListenerAdapter - Downloading https://repo.maven.apache.org/maven2/com/sun/faces/jsf-impl/2.2.14/jsf-impl-2.2.14.jar
2025-07-17 19:54:03,003 [BasicRepositoryConnector-repo.maven.apache.org-1-0] INFO  o.e.m.c.i.e.AbstractTransferListenerAdapter - Downloading https://repo.maven.apache.org/maven2/javax/servlet/servlet-api/2.5/servlet-api-2.5.jar
2025-07-17 19:54:03,004 [BasicRepositoryConnector-repo.maven.apache.org-1-3] INFO  o.e.m.c.i.e.AbstractTransferListenerAdapter - Downloading https://repo.maven.apache.org/maven2/javax/servlet/jstl/1.2/jstl-1.2.jar
2025-07-17 19:54:03,004 [BasicRepositoryConnector-repo.maven.apache.org-1-1] INFO  o.e.m.c.i.e.AbstractTransferListenerAdapter - Downloading https://repo.maven.apache.org/maven2/com/sun/faces/jsf-api/2.2.20/jsf-api-2.2.20.jar
2025-07-17 19:54:03,018 [BasicRepositoryConnector-repo.maven.apache.org-1-4] INFO  o.e.m.c.i.e.AbstractTransferListenerAdapter - Downloading https://repo.maven.apache.org/maven2/javax/javaee-api/7.0/javaee-api-7.0.jar
2025-07-17 19:54:03,152 [BasicRepositoryConnector-repo.maven.apache.org-1-0] INFO  o.e.m.c.i.e.AbstractTransferListenerAdapter - Downloaded https://repo.maven.apache.org/maven2/javax/servlet/servlet-api/2.5/servlet-api-2.5.jar
2025-07-17 19:54:03,281 [BasicRepositoryConnector-repo.maven.apache.org-1-0] INFO  o.e.m.c.i.e.AbstractTransferListenerAdapter - Downloading https://repo.maven.apache.org/maven2/com/sun/mail/javax.mail/1.5.0/javax.mail-1.5.0.jar
2025-07-17 19:54:03,354 [BasicRepositoryConnector-repo.maven.apache.org-1-3] INFO  o.e.m.c.i.e.AbstractTransferListenerAdapter - Downloaded https://repo.maven.apache.org/maven2/javax/servlet/jstl/1.2/jstl-1.2.jar
2025-07-17 19:54:03,484 [BasicRepositoryConnector-repo.maven.apache.org-1-3] INFO  o.e.m.c.i.e.AbstractTransferListenerAdapter - Downloading https://repo.maven.apache.org/maven2/javax/activation/activation/1.1/activation-1.1.jar
2025-07-17 19:54:03,535 [BasicRepositoryConnector-repo.maven.apache.org-1-3] INFO  o.e.m.c.i.e.AbstractTransferListenerAdapter - Downloaded https://repo.maven.apache.org/maven2/javax/activation/activation/1.1/activation-1.1.jar
2025-07-17 19:54:03,539 [BasicRepositoryConnector-repo.maven.apache.org-1-1] INFO  o.e.m.c.i.e.AbstractTransferListenerAdapter - Downloaded https://repo.maven.apache.org/maven2/com/sun/faces/jsf-api/2.2.20/jsf-api-2.2.20.jar
2025-07-17 19:54:03,627 [BasicRepositoryConnector-repo.maven.apache.org-1-1] INFO  o.e.m.c.i.e.AbstractTransferListenerAdapter - Downloading https://repo.maven.apache.org/maven2/org/jboss/spec/javax/ejb/jboss-ejb-api_3.2_spec/2.0.0.Final/jboss-ejb-api_3.2_spec-2.0.0.Final.jar
2025-07-17 19:54:03,679 [BasicRepositoryConnector-repo.maven.apache.org-1-1] INFO  o.e.m.c.i.e.AbstractTransferListenerAdapter - Downloaded https://repo.maven.apache.org/maven2/org/jboss/spec/javax/ejb/jboss-ejb-api_3.2_spec/2.0.0.Final/jboss-ejb-api_3.2_spec-2.0.0.Final.jar
2025-07-17 19:54:03,679 [BasicRepositoryConnector-repo.maven.apache.org-1-0] INFO  o.e.m.c.i.e.AbstractTransferListenerAdapter - Downloaded https://repo.maven.apache.org/maven2/com/sun/mail/javax.mail/1.5.0/javax.mail-1.5.0.jar
2025-07-17 19:54:03,711 [BasicRepositoryConnector-repo.maven.apache.org-1-0] INFO  o.e.m.c.i.e.AbstractTransferListenerAdapter - Downloading https://repo.maven.apache.org/maven2/org/jboss/marshalling/jboss-marshalling/2.0.12.Final/jboss-marshalling-2.0.12.Final.jar
2025-07-17 19:54:03,716 [BasicRepositoryConnector-repo.maven.apache.org-1-2] INFO  o.e.m.c.i.e.AbstractTransferListenerAdapter - Downloaded https://repo.maven.apache.org/maven2/com/sun/faces/jsf-impl/2.2.14/jsf-impl-2.2.14.jar
2025-07-17 19:54:03,729 [BasicRepositoryConnector-repo.maven.apache.org-1-1] INFO  o.e.m.c.i.e.AbstractTransferListenerAdapter - Downloading https://repo.maven.apache.org/maven2/org/wildfly/transaction/wildfly-transaction-client/2.0.1.Final/wildfly-transaction-client-2.0.1.Final.jar
2025-07-17 19:54:03,762 [BasicRepositoryConnector-repo.maven.apache.org-1-2] INFO  o.e.m.c.i.e.AbstractTransferListenerAdapter - Downloading https://repo.maven.apache.org/maven2/org/jboss/marshalling/jboss-marshalling-river/2.0.12.Final/jboss-marshalling-river-2.0.12.Final.jar
2025-07-17 19:54:03,839 [BasicRepositoryConnector-repo.maven.apache.org-1-0] INFO  o.e.m.c.i.e.AbstractTransferListenerAdapter - Downloaded https://repo.maven.apache.org/maven2/org/jboss/marshalling/jboss-marshalling/2.0.12.Final/jboss-marshalling-2.0.12.Final.jar
2025-07-17 19:54:03,849 [BasicRepositoryConnector-repo.maven.apache.org-1-1] INFO  o.e.m.c.i.e.AbstractTransferListenerAdapter - Downloaded https://repo.maven.apache.org/maven2/org/wildfly/transaction/wildfly-transaction-client/2.0.1.Final/wildfly-transaction-client-2.0.1.Final.jar
2025-07-17 19:54:03,855 [BasicRepositoryConnector-repo.maven.apache.org-1-2] INFO  o.e.m.c.i.e.AbstractTransferListenerAdapter - Downloaded https://repo.maven.apache.org/maven2/org/jboss/marshalling/jboss-marshalling-river/2.0.12.Final/jboss-marshalling-river-2.0.12.Final.jar
2025-07-17 19:54:03,886 [BasicRepositoryConnector-repo.maven.apache.org-1-0] INFO  o.e.m.c.i.e.AbstractTransferListenerAdapter - Downloading https://repo.maven.apache.org/maven2/org/jboss/xnio/xnio-api/3.8.7.Final/xnio-api-3.8.7.Final.jar
2025-07-17 19:54:03,894 [BasicRepositoryConnector-repo.maven.apache.org-1-1] INFO  o.e.m.c.i.e.AbstractTransferListenerAdapter - Downloading https://repo.maven.apache.org/maven2/org/jboss/threads/jboss-threads/2.4.0.Final/jboss-threads-2.4.0.Final.jar
2025-07-17 19:54:03,899 [BasicRepositoryConnector-repo.maven.apache.org-1-2] INFO  o.e.m.c.i.e.AbstractTransferListenerAdapter - Downloading https://repo.maven.apache.org/maven2/org/jboss/xnio/xnio-nio/3.8.7.Final/xnio-nio-3.8.7.Final.jar
2025-07-17 19:54:03,975 [BasicRepositoryConnector-repo.maven.apache.org-1-2] INFO  o.e.m.c.i.e.AbstractTransferListenerAdapter - Downloaded https://repo.maven.apache.org/maven2/org/jboss/xnio/xnio-nio/3.8.7.Final/xnio-nio-3.8.7.Final.jar
2025-07-17 19:54:03,993 [BasicRepositoryConnector-repo.maven.apache.org-1-1] INFO  o.e.m.c.i.e.AbstractTransferListenerAdapter - Downloaded https://repo.maven.apache.org/maven2/org/jboss/threads/jboss-threads/2.4.0.Final/jboss-threads-2.4.0.Final.jar
2025-07-17 19:54:04,035 [BasicRepositoryConnector-repo.maven.apache.org-1-3] INFO  o.e.m.c.i.e.AbstractTransferListenerAdapter - Downloading https://repo.maven.apache.org/maven2/org/jboss/jboss-ejb-client/4.0.44.Final/jboss-ejb-client-4.0.44.Final.jar
2025-07-17 19:54:04,046 [BasicRepositoryConnector-repo.maven.apache.org-1-2] INFO  o.e.m.c.i.e.AbstractTransferListenerAdapter - Downloading https://repo.maven.apache.org/maven2/org/jboss/remoting/jboss-remoting/5.0.24.Final/jboss-remoting-5.0.24.Final.jar
2025-07-17 19:54:04,072 [BasicRepositoryConnector-repo.maven.apache.org-1-1] INFO  o.e.m.c.i.e.AbstractTransferListenerAdapter - Downloading https://repo.maven.apache.org/maven2/org/wildfly/security/wildfly-elytron/1.19.0.Final/wildfly-elytron-1.19.0.Final.jar
2025-07-17 19:54:04,185 [BasicRepositoryConnector-repo.maven.apache.org-1-0] INFO  o.e.m.c.i.e.AbstractTransferListenerAdapter - Downloaded https://repo.maven.apache.org/maven2/org/jboss/xnio/xnio-api/3.8.7.Final/xnio-api-3.8.7.Final.jar
2025-07-17 19:54:04,210 [BasicRepositoryConnector-repo.maven.apache.org-1-4] INFO  o.e.m.c.i.e.AbstractTransferListenerAdapter - Downloaded https://repo.maven.apache.org/maven2/javax/javaee-api/7.0/javaee-api-7.0.jar
2025-07-17 19:54:04,248 [BasicRepositoryConnector-repo.maven.apache.org-1-2] INFO  o.e.m.c.i.e.AbstractTransferListenerAdapter - Downloaded https://repo.maven.apache.org/maven2/org/jboss/remoting/jboss-remoting/5.0.24.Final/jboss-remoting-5.0.24.Final.jar
2025-07-17 19:54:04,268 [BasicRepositoryConnector-repo.maven.apache.org-1-0] INFO  o.e.m.c.i.e.AbstractTransferListenerAdapter - Downloading https://repo.maven.apache.org/maven2/org/wildfly/security/wildfly-elytron-audit/1.19.0.Final/wildfly-elytron-audit-1.19.0.Final.jar
2025-07-17 19:54:04,282 [BasicRepositoryConnector-repo.maven.apache.org-1-4] INFO  o.e.m.c.i.e.AbstractTransferListenerAdapter - Downloading https://repo.maven.apache.org/maven2/org/wildfly/security/wildfly-elytron-auth-server-deprecated/1.19.0.Final/wildfly-elytron-auth-server-deprecated-1.19.0.Final.jar
2025-07-17 19:54:04,302 [BasicRepositoryConnector-repo.maven.apache.org-1-3] INFO  o.e.m.c.i.e.AbstractTransferListenerAdapter - Downloaded https://repo.maven.apache.org/maven2/org/jboss/jboss-ejb-client/4.0.44.Final/jboss-ejb-client-4.0.44.Final.jar
2025-07-17 19:54:04,312 [BasicRepositoryConnector-repo.maven.apache.org-1-2] INFO  o.e.m.c.i.e.AbstractTransferListenerAdapter - Downloading https://repo.maven.apache.org/maven2/org/wildfly/security/wildfly-elytron-auth-server-sasl/1.19.0.Final/wildfly-elytron-auth-server-sasl-1.19.0.Final.jar
2025-07-17 19:54:04,340 [BasicRepositoryConnector-repo.maven.apache.org-1-3] INFO  o.e.m.c.i.e.AbstractTransferListenerAdapter - Downloading https://repo.maven.apache.org/maven2/org/wildfly/security/wildfly-elytron-digest/1.19.0.Final/wildfly-elytron-digest-1.19.0.Final.jar
2025-07-17 19:54:04,484 [BasicRepositoryConnector-repo.maven.apache.org-1-2] INFO  o.e.m.c.i.e.AbstractTransferListenerAdapter - Downloaded https://repo.maven.apache.org/maven2/org/wildfly/security/wildfly-elytron-auth-server-sasl/1.19.0.Final/wildfly-elytron-auth-server-sasl-1.19.0.Final.jar
2025-07-17 19:54:04,499 [BasicRepositoryConnector-repo.maven.apache.org-1-3] INFO  o.e.m.c.i.e.AbstractTransferListenerAdapter - Downloaded https://repo.maven.apache.org/maven2/org/wildfly/security/wildfly-elytron-digest/1.19.0.Final/wildfly-elytron-digest-1.19.0.Final.jar
2025-07-17 19:54:04,522 [BasicRepositoryConnector-repo.maven.apache.org-1-2] INFO  o.e.m.c.i.e.AbstractTransferListenerAdapter - Downloading https://repo.maven.apache.org/maven2/org/wildfly/security/wildfly-elytron-http-bearer/1.19.0.Final/wildfly-elytron-http-bearer-1.19.0.Final.jar
2025-07-17 19:54:04,534 [BasicRepositoryConnector-repo.maven.apache.org-1-3] INFO  o.e.m.c.i.e.AbstractTransferListenerAdapter - Downloading https://repo.maven.apache.org/maven2/org/wildfly/security/wildfly-elytron-http-external/1.19.0.Final/wildfly-elytron-http-external-1.19.0.Final.jar
2025-07-17 19:54:04,555 [BasicRepositoryConnector-repo.maven.apache.org-1-4] INFO  o.e.m.c.i.e.AbstractTransferListenerAdapter - Downloaded https://repo.maven.apache.org/maven2/org/wildfly/security/wildfly-elytron-auth-server-deprecated/1.19.0.Final/wildfly-elytron-auth-server-deprecated-1.19.0.Final.jar
2025-07-17 19:54:04,605 [BasicRepositoryConnector-repo.maven.apache.org-1-4] INFO  o.e.m.c.i.e.AbstractTransferListenerAdapter - Downloading https://repo.maven.apache.org/maven2/org/wildfly/security/wildfly-elytron-http-form/1.19.0.Final/wildfly-elytron-http-form-1.19.0.Final.jar
2025-07-17 19:54:04,632 [BasicRepositoryConnector-repo.maven.apache.org-1-3] INFO  o.e.m.c.i.e.AbstractTransferListenerAdapter - Downloaded https://repo.maven.apache.org/maven2/org/wildfly/security/wildfly-elytron-http-external/1.19.0.Final/wildfly-elytron-http-external-1.19.0.Final.jar
2025-07-17 19:54:04,668 [BasicRepositoryConnector-repo.maven.apache.org-1-3] INFO  o.e.m.c.i.e.AbstractTransferListenerAdapter - Downloading https://repo.maven.apache.org/maven2/org/wildfly/security/wildfly-elytron-http-oidc/1.19.0.Final/wildfly-elytron-http-oidc-1.19.0.Final.jar
2025-07-17 19:54:04,706 [BasicRepositoryConnector-repo.maven.apache.org-1-2] INFO  o.e.m.c.i.e.AbstractTransferListenerAdapter - Downloaded https://repo.maven.apache.org/maven2/org/wildfly/security/wildfly-elytron-http-bearer/1.19.0.Final/wildfly-elytron-http-bearer-1.19.0.Final.jar
2025-07-17 19:54:04,734 [BasicRepositoryConnector-repo.maven.apache.org-1-2] INFO  o.e.m.c.i.e.AbstractTransferListenerAdapter - Downloading https://repo.maven.apache.org/maven2/org/apache/httpcomponents/httpclient/4.5.13/httpclient-4.5.13.jar
2025-07-17 19:54:04,764 [BasicRepositoryConnector-repo.maven.apache.org-1-3] INFO  o.e.m.c.i.e.AbstractTransferListenerAdapter - Downloaded https://repo.maven.apache.org/maven2/org/wildfly/security/wildfly-elytron-http-oidc/1.19.0.Final/wildfly-elytron-http-oidc-1.19.0.Final.jar
2025-07-17 19:54:04,800 [BasicRepositoryConnector-repo.maven.apache.org-1-0] INFO  o.e.m.c.i.e.AbstractTransferListenerAdapter - Downloaded https://repo.maven.apache.org/maven2/org/wildfly/security/wildfly-elytron-audit/1.19.0.Final/wildfly-elytron-audit-1.19.0.Final.jar
2025-07-17 19:54:04,849 [BasicRepositoryConnector-repo.maven.apache.org-1-3] INFO  o.e.m.c.i.e.AbstractTransferListenerAdapter - Downloading https://repo.maven.apache.org/maven2/org/apache/httpcomponents/httpcore/4.4.15/httpcore-4.4.15.jar
2025-07-17 19:54:04,855 [BasicRepositoryConnector-repo.maven.apache.org-1-4] INFO  o.e.m.c.i.e.AbstractTransferListenerAdapter - Downloaded https://repo.maven.apache.org/maven2/org/wildfly/security/wildfly-elytron-http-form/1.19.0.Final/wildfly-elytron-http-form-1.19.0.Final.jar
2025-07-17 19:54:04,891 [BasicRepositoryConnector-repo.maven.apache.org-1-0] INFO  o.e.m.c.i.e.AbstractTransferListenerAdapter - Downloading https://repo.maven.apache.org/maven2/commons-codec/commons-codec/1.15/commons-codec-1.15.jar
2025-07-17 19:54:04,975 [BasicRepositoryConnector-repo.maven.apache.org-1-4] INFO  o.e.m.c.i.e.AbstractTransferListenerAdapter - Downloading https://repo.maven.apache.org/maven2/org/bitbucket/b_c/jose4j/0.7.11/jose4j-0.7.11.jar
2025-07-17 19:54:05,043 [BasicRepositoryConnector-repo.maven.apache.org-1-3] INFO  o.e.m.c.i.e.AbstractTransferListenerAdapter - Downloaded https://repo.maven.apache.org/maven2/org/apache/httpcomponents/httpcore/4.4.15/httpcore-4.4.15.jar
2025-07-17 19:54:05,121 [BasicRepositoryConnector-repo.maven.apache.org-1-0] INFO  o.e.m.c.i.e.AbstractTransferListenerAdapter - Downloaded https://repo.maven.apache.org/maven2/commons-codec/commons-codec/1.15/commons-codec-1.15.jar
2025-07-17 19:54:05,151 [BasicRepositoryConnector-repo.maven.apache.org-1-2] INFO  o.e.m.c.i.e.AbstractTransferListenerAdapter - Downloaded https://repo.maven.apache.org/maven2/org/apache/httpcomponents/httpclient/4.5.13/httpclient-4.5.13.jar
2025-07-17 19:54:05,163 [BasicRepositoryConnector-repo.maven.apache.org-1-3] INFO  o.e.m.c.i.e.AbstractTransferListenerAdapter - Downloading https://repo.maven.apache.org/maven2/org/wildfly/security/wildfly-elytron-http-spnego/1.19.0.Final/wildfly-elytron-http-spnego-1.19.0.Final.jar
2025-07-17 19:54:05,178 [BasicRepositoryConnector-repo.maven.apache.org-1-4] INFO  o.e.m.c.i.e.AbstractTransferListenerAdapter - Downloaded https://repo.maven.apache.org/maven2/org/bitbucket/b_c/jose4j/0.7.11/jose4j-0.7.11.jar
2025-07-17 19:54:05,233 [BasicRepositoryConnector-repo.maven.apache.org-1-2] INFO  o.e.m.c.i.e.AbstractTransferListenerAdapter - Downloading https://repo.maven.apache.org/maven2/org/wildfly/security/wildfly-elytron-jaspi/1.19.0.Final/wildfly-elytron-jaspi-1.19.0.Final.jar
2025-07-17 19:54:05,245 [BasicRepositoryConnector-repo.maven.apache.org-1-4] INFO  o.e.m.c.i.e.AbstractTransferListenerAdapter - Downloading https://repo.maven.apache.org/maven2/org/wildfly/security/wildfly-elytron-json-util/1.19.0.Final/wildfly-elytron-json-util-1.19.0.Final.jar
2025-07-17 19:54:05,327 [BasicRepositoryConnector-repo.maven.apache.org-1-4] INFO  o.e.m.c.i.e.AbstractTransferListenerAdapter - Downloaded https://repo.maven.apache.org/maven2/org/wildfly/security/wildfly-elytron-json-util/1.19.0.Final/wildfly-elytron-json-util-1.19.0.Final.jar
2025-07-17 19:54:05,375 [BasicRepositoryConnector-repo.maven.apache.org-1-4] INFO  o.e.m.c.i.e.AbstractTransferListenerAdapter - Downloading https://repo.maven.apache.org/maven2/org/wildfly/security/wildfly-elytron-jose-jwk/1.19.0.Final/wildfly-elytron-jose-jwk-1.19.0.Final.jar
2025-07-17 19:54:05,378 [BasicRepositoryConnector-repo.maven.apache.org-1-3] INFO  o.e.m.c.i.e.AbstractTransferListenerAdapter - Downloaded https://repo.maven.apache.org/maven2/org/wildfly/security/wildfly-elytron-http-spnego/1.19.0.Final/wildfly-elytron-http-spnego-1.19.0.Final.jar
2025-07-17 19:54:05,472 [BasicRepositoryConnector-repo.maven.apache.org-1-3] INFO  o.e.m.c.i.e.AbstractTransferListenerAdapter - Downloading https://repo.maven.apache.org/maven2/com/fasterxml/jackson/core/jackson-annotations/2.12.6/jackson-annotations-2.12.6.jar
2025-07-17 19:54:05,486 [BasicRepositoryConnector-repo.maven.apache.org-1-0] INFO  o.e.m.c.i.e.AbstractTransferListenerAdapter - Downloading https://repo.maven.apache.org/maven2/org/wildfly/security/wildfly-elytron-jacc/1.19.0.Final/wildfly-elytron-jacc-1.19.0.Final.jar
2025-07-17 19:54:05,502 [BasicRepositoryConnector-repo.maven.apache.org-1-3] INFO  o.e.m.c.i.e.AbstractTransferListenerAdapter - Downloaded https://repo.maven.apache.org/maven2/com/fasterxml/jackson/core/jackson-annotations/2.12.6/jackson-annotations-2.12.6.jar
2025-07-17 19:54:05,537 [BasicRepositoryConnector-repo.maven.apache.org-1-3] INFO  o.e.m.c.i.e.AbstractTransferListenerAdapter - Downloading https://repo.maven.apache.org/maven2/org/wildfly/security/wildfly-elytron-jose-util/1.19.0.Final/wildfly-elytron-jose-util-1.19.0.Final.jar
2025-07-17 19:54:05,630 [BasicRepositoryConnector-repo.maven.apache.org-1-4] INFO  o.e.m.c.i.e.AbstractTransferListenerAdapter - Downloaded https://repo.maven.apache.org/maven2/org/wildfly/security/wildfly-elytron-jose-jwk/1.19.0.Final/wildfly-elytron-jose-jwk-1.19.0.Final.jar
2025-07-17 19:54:05,674 [BasicRepositoryConnector-repo.maven.apache.org-1-4] INFO  o.e.m.c.i.e.AbstractTransferListenerAdapter - Downloading https://repo.maven.apache.org/maven2/com/fasterxml/jackson/core/jackson-core/2.12.6/jackson-core-2.12.6.jar
2025-07-17 19:54:05,717 [BasicRepositoryConnector-repo.maven.apache.org-1-2] INFO  o.e.m.c.i.e.AbstractTransferListenerAdapter - Downloaded https://repo.maven.apache.org/maven2/org/wildfly/security/wildfly-elytron-jaspi/1.19.0.Final/wildfly-elytron-jaspi-1.19.0.Final.jar
2025-07-17 19:54:05,745 [BasicRepositoryConnector-repo.maven.apache.org-1-3] INFO  o.e.m.c.i.e.AbstractTransferListenerAdapter - Downloaded https://repo.maven.apache.org/maven2/org/wildfly/security/wildfly-elytron-jose-util/1.19.0.Final/wildfly-elytron-jose-util-1.19.0.Final.jar
2025-07-17 19:54:05,799 [BasicRepositoryConnector-repo.maven.apache.org-1-2] INFO  o.e.m.c.i.e.AbstractTransferListenerAdapter - Downloading https://repo.maven.apache.org/maven2/com/fasterxml/jackson/core/jackson-databind/2.12.6.1/jackson-databind-2.12.6.1.jar
2025-07-17 19:54:05,828 [BasicRepositoryConnector-repo.maven.apache.org-1-3] INFO  o.e.m.c.i.e.AbstractTransferListenerAdapter - Downloading https://repo.maven.apache.org/maven2/org/wildfly/security/wildfly-elytron-mechanism-digest/1.19.0.Final/wildfly-elytron-mechanism-digest-1.19.0.Final.jar
2025-07-17 19:54:05,834 [BasicRepositoryConnector-repo.maven.apache.org-1-0] INFO  o.e.m.c.i.e.AbstractTransferListenerAdapter - Downloaded https://repo.maven.apache.org/maven2/org/wildfly/security/wildfly-elytron-jacc/1.19.0.Final/wildfly-elytron-jacc-1.19.0.Final.jar
2025-07-17 19:54:05,835 [BasicRepositoryConnector-repo.maven.apache.org-1-4] INFO  o.e.m.c.i.e.AbstractTransferListenerAdapter - Downloaded https://repo.maven.apache.org/maven2/com/fasterxml/jackson/core/jackson-core/2.12.6/jackson-core-2.12.6.jar
2025-07-17 19:54:05,890 [BasicRepositoryConnector-repo.maven.apache.org-1-0] INFO  o.e.m.c.i.e.AbstractTransferListenerAdapter - Downloading https://repo.maven.apache.org/maven2/org/wildfly/security/wildfly-elytron-mechanism-gssapi/1.19.0.Final/wildfly-elytron-mechanism-gssapi-1.19.0.Final.jar
2025-07-17 19:54:05,890 [BasicRepositoryConnector-repo.maven.apache.org-1-4] INFO  o.e.m.c.i.e.AbstractTransferListenerAdapter - Downloading https://repo.maven.apache.org/maven2/org/wildfly/security/wildfly-elytron-mechanism-http/1.19.0.Final/wildfly-elytron-mechanism-http-1.19.0.Final.jar
2025-07-17 19:54:05,983 [BasicRepositoryConnector-repo.maven.apache.org-1-3] INFO  o.e.m.c.i.e.AbstractTransferListenerAdapter - Downloaded https://repo.maven.apache.org/maven2/org/wildfly/security/wildfly-elytron-mechanism-digest/1.19.0.Final/wildfly-elytron-mechanism-digest-1.19.0.Final.jar
2025-07-17 19:54:05,989 [BasicRepositoryConnector-repo.maven.apache.org-1-4] INFO  o.e.m.c.i.e.AbstractTransferListenerAdapter - Downloaded https://repo.maven.apache.org/maven2/org/wildfly/security/wildfly-elytron-mechanism-http/1.19.0.Final/wildfly-elytron-mechanism-http-1.19.0.Final.jar
2025-07-17 19:54:06,059 [BasicRepositoryConnector-repo.maven.apache.org-1-3] INFO  o.e.m.c.i.e.AbstractTransferListenerAdapter - Downloading https://repo.maven.apache.org/maven2/org/wildfly/security/wildfly-elytron-mechanism-oauth2/1.19.0.Final/wildfly-elytron-mechanism-oauth2-1.19.0.Final.jar
2025-07-17 19:54:06,088 [BasicRepositoryConnector-repo.maven.apache.org-1-0] INFO  o.e.m.c.i.e.AbstractTransferListenerAdapter - Downloaded https://repo.maven.apache.org/maven2/org/wildfly/security/wildfly-elytron-mechanism-gssapi/1.19.0.Final/wildfly-elytron-mechanism-gssapi-1.19.0.Final.jar
2025-07-17 19:54:06,143 [BasicRepositoryConnector-repo.maven.apache.org-1-0] INFO  o.e.m.c.i.e.AbstractTransferListenerAdapter - Downloading https://repo.maven.apache.org/maven2/org/wildfly/security/wildfly-elytron-realm-jdbc/1.19.0.Final/wildfly-elytron-realm-jdbc-1.19.0.Final.jar
2025-07-17 19:54:06,172 [BasicRepositoryConnector-repo.maven.apache.org-1-1] INFO  o.e.m.c.i.e.AbstractTransferListenerAdapter - Downloaded https://repo.maven.apache.org/maven2/org/wildfly/security/wildfly-elytron/1.19.0.Final/wildfly-elytron-1.19.0.Final.jar
2025-07-17 19:54:06,194 [BasicRepositoryConnector-repo.maven.apache.org-1-3] INFO  o.e.m.c.i.e.AbstractTransferListenerAdapter - Downloaded https://repo.maven.apache.org/maven2/org/wildfly/security/wildfly-elytron-mechanism-oauth2/1.19.0.Final/wildfly-elytron-mechanism-oauth2-1.19.0.Final.jar
2025-07-17 19:54:06,212 [BasicRepositoryConnector-repo.maven.apache.org-1-1] INFO  o.e.m.c.i.e.AbstractTransferListenerAdapter - Downloading https://repo.maven.apache.org/maven2/org/wildfly/security/wildfly-elytron-realm-ldap/1.19.0.Final/wildfly-elytron-realm-ldap-1.19.0.Final.jar
2025-07-17 19:54:06,267 [BasicRepositoryConnector-repo.maven.apache.org-1-1] INFO  o.e.m.c.i.e.AbstractTransferListenerAdapter - Downloaded https://repo.maven.apache.org/maven2/org/wildfly/security/wildfly-elytron-realm-ldap/1.19.0.Final/wildfly-elytron-realm-ldap-1.19.0.Final.jar
2025-07-17 19:54:06,290 [BasicRepositoryConnector-repo.maven.apache.org-1-3] INFO  o.e.m.c.i.e.AbstractTransferListenerAdapter - Downloading https://repo.maven.apache.org/maven2/org/wildfly/security/wildfly-elytron-realm-token/1.19.0.Final/wildfly-elytron-realm-token-1.19.0.Final.jar
2025-07-17 19:54:06,345 [BasicRepositoryConnector-repo.maven.apache.org-1-1] INFO  o.e.m.c.i.e.AbstractTransferListenerAdapter - Downloading https://repo.maven.apache.org/maven2/org/wildfly/security/wildfly-elytron-sasl-digest/1.19.0.Final/wildfly-elytron-sasl-digest-1.19.0.Final.jar
2025-07-17 19:54:06,352 [BasicRepositoryConnector-repo.maven.apache.org-1-2] INFO  o.e.m.c.i.e.AbstractTransferListenerAdapter - Downloaded https://repo.maven.apache.org/maven2/com/fasterxml/jackson/core/jackson-databind/2.12.6.1/jackson-databind-2.12.6.1.jar
2025-07-17 19:54:06,364 [BasicRepositoryConnector-repo.maven.apache.org-1-4] INFO  o.e.m.c.i.e.AbstractTransferListenerAdapter - Downloading https://repo.maven.apache.org/maven2/org/wildfly/security/wildfly-elytron-mechanism-scram/1.19.0.Final/wildfly-elytron-mechanism-scram-1.19.0.Final.jar
2025-07-17 19:54:06,390 [BasicRepositoryConnector-repo.maven.apache.org-1-2] INFO  o.e.m.c.i.e.AbstractTransferListenerAdapter - Downloading https://repo.maven.apache.org/maven2/org/wildfly/security/wildfly-elytron-sasl-entity/1.19.0.Final/wildfly-elytron-sasl-entity-1.19.0.Final.jar
2025-07-17 19:54:06,475 [BasicRepositoryConnector-repo.maven.apache.org-1-0] INFO  o.e.m.c.i.e.AbstractTransferListenerAdapter - Downloaded https://repo.maven.apache.org/maven2/org/wildfly/security/wildfly-elytron-realm-jdbc/1.19.0.Final/wildfly-elytron-realm-jdbc-1.19.0.Final.jar
2025-07-17 19:54:06,555 [BasicRepositoryConnector-repo.maven.apache.org-1-0] INFO  o.e.m.c.i.e.AbstractTransferListenerAdapter - Downloading https://repo.maven.apache.org/maven2/org/wildfly/security/wildfly-elytron-sasl-external/1.19.0.Final/wildfly-elytron-sasl-external-1.19.0.Final.jar
2025-07-17 19:54:06,645 [BasicRepositoryConnector-repo.maven.apache.org-1-4] INFO  o.e.m.c.i.e.AbstractTransferListenerAdapter - Downloaded https://repo.maven.apache.org/maven2/org/wildfly/security/wildfly-elytron-mechanism-scram/1.19.0.Final/wildfly-elytron-mechanism-scram-1.19.0.Final.jar
2025-07-17 19:54:06,695 [BasicRepositoryConnector-repo.maven.apache.org-1-2] INFO  o.e.m.c.i.e.AbstractTransferListenerAdapter - Downloaded https://repo.maven.apache.org/maven2/org/wildfly/security/wildfly-elytron-sasl-entity/1.19.0.Final/wildfly-elytron-sasl-entity-1.19.0.Final.jar
2025-07-17 19:54:06,725 [BasicRepositoryConnector-repo.maven.apache.org-1-3] INFO  o.e.m.c.i.e.AbstractTransferListenerAdapter - Downloaded https://repo.maven.apache.org/maven2/org/wildfly/security/wildfly-elytron-realm-token/1.19.0.Final/wildfly-elytron-realm-token-1.19.0.Final.jar
2025-07-17 19:54:06,731 [BasicRepositoryConnector-repo.maven.apache.org-1-1] INFO  o.e.m.c.i.e.AbstractTransferListenerAdapter - Downloaded https://repo.maven.apache.org/maven2/org/wildfly/security/wildfly-elytron-sasl-digest/1.19.0.Final/wildfly-elytron-sasl-digest-1.19.0.Final.jar
2025-07-17 19:54:06,765 [BasicRepositoryConnector-repo.maven.apache.org-1-3] INFO  o.e.m.c.i.e.AbstractTransferListenerAdapter - Downloading https://repo.maven.apache.org/maven2/org/wildfly/security/wildfly-elytron-sasl-oauth2/1.19.0.Final/wildfly-elytron-sasl-oauth2-1.19.0.Final.jar
2025-07-17 19:54:06,797 [BasicRepositoryConnector-repo.maven.apache.org-1-1] INFO  o.e.m.c.i.e.AbstractTransferListenerAdapter - Downloading https://repo.maven.apache.org/maven2/org/wildfly/security/wildfly-elytron-sasl-otp/1.19.0.Final/wildfly-elytron-sasl-otp-1.19.0.Final.jar
2025-07-17 19:54:06,810 [BasicRepositoryConnector-repo.maven.apache.org-1-0] INFO  o.e.m.c.i.e.AbstractTransferListenerAdapter - Downloaded https://repo.maven.apache.org/maven2/org/wildfly/security/wildfly-elytron-sasl-external/1.19.0.Final/wildfly-elytron-sasl-external-1.19.0.Final.jar
2025-07-17 19:54:06,880 [BasicRepositoryConnector-repo.maven.apache.org-1-0] INFO  o.e.m.c.i.e.AbstractTransferListenerAdapter - Downloading https://repo.maven.apache.org/maven2/org/wildfly/security/wildfly-elytron-sasl-plain/1.19.0.Final/wildfly-elytron-sasl-plain-1.19.0.Final.jar
2025-07-17 19:54:06,980 [BasicRepositoryConnector-repo.maven.apache.org-1-3] INFO  o.e.m.c.i.e.AbstractTransferListenerAdapter - Downloaded https://repo.maven.apache.org/maven2/org/wildfly/security/wildfly-elytron-sasl-oauth2/1.19.0.Final/wildfly-elytron-sasl-oauth2-1.19.0.Final.jar
2025-07-17 19:54:07,069 [BasicRepositoryConnector-repo.maven.apache.org-1-1] INFO  o.e.m.c.i.e.AbstractTransferListenerAdapter - Downloaded https://repo.maven.apache.org/maven2/org/wildfly/security/wildfly-elytron-sasl-otp/1.19.0.Final/wildfly-elytron-sasl-otp-1.19.0.Final.jar
2025-07-17 19:54:07,080 [BasicRepositoryConnector-repo.maven.apache.org-1-0] INFO  o.e.m.c.i.e.AbstractTransferListenerAdapter - Downloaded https://repo.maven.apache.org/maven2/org/wildfly/security/wildfly-elytron-sasl-plain/1.19.0.Final/wildfly-elytron-sasl-plain-1.19.0.Final.jar
2025-07-17 19:54:07,083 [BasicRepositoryConnector-repo.maven.apache.org-1-3] INFO  o.e.m.c.i.e.AbstractTransferListenerAdapter - Downloading https://repo.maven.apache.org/maven2/org/wildfly/security/wildfly-elytron-sasl-scram/1.19.0.Final/wildfly-elytron-sasl-scram-1.19.0.Final.jar
2025-07-17 19:54:07,085 [BasicRepositoryConnector-repo.maven.apache.org-1-2] INFO  o.e.m.c.i.e.AbstractTransferListenerAdapter - Downloading https://repo.maven.apache.org/maven2/org/wildfly/security/wildfly-elytron-sasl-gssapi/1.19.0.Final/wildfly-elytron-sasl-gssapi-1.19.0.Final.jar
2025-07-17 19:54:07,088 [BasicRepositoryConnector-repo.maven.apache.org-1-4] INFO  o.e.m.c.i.e.AbstractTransferListenerAdapter - Downloading https://repo.maven.apache.org/maven2/org/wildfly/security/wildfly-elytron-sasl-gs2/1.19.0.Final/wildfly-elytron-sasl-gs2-1.19.0.Final.jar
2025-07-17 19:54:07,118 [BasicRepositoryConnector-repo.maven.apache.org-1-0] INFO  o.e.m.c.i.e.AbstractTransferListenerAdapter - Downloading https://repo.maven.apache.org/maven2/org/wildfly/security/wildfly-elytron-x500-cert-util/1.19.0.Final/wildfly-elytron-x500-cert-util-1.19.0.Final.jar
2025-07-17 19:54:07,166 [BasicRepositoryConnector-repo.maven.apache.org-1-1] INFO  o.e.m.c.i.e.AbstractTransferListenerAdapter - Downloading https://repo.maven.apache.org/maven2/org/wildfly/security/wildfly-elytron-x500-cert-acme/1.19.0.Final/wildfly-elytron-x500-cert-acme-1.19.0.Final.jar
2025-07-17 19:54:07,219 [BasicRepositoryConnector-repo.maven.apache.org-1-0] INFO  o.e.m.c.i.e.AbstractTransferListenerAdapter - Downloaded https://repo.maven.apache.org/maven2/org/wildfly/security/wildfly-elytron-x500-cert-util/1.19.0.Final/wildfly-elytron-x500-cert-util-1.19.0.Final.jar
2025-07-17 19:54:07,326 [BasicRepositoryConnector-repo.maven.apache.org-1-3] INFO  o.e.m.c.i.e.AbstractTransferListenerAdapter - Downloaded https://repo.maven.apache.org/maven2/org/wildfly/security/wildfly-elytron-sasl-scram/1.19.0.Final/wildfly-elytron-sasl-scram-1.19.0.Final.jar
2025-07-17 19:54:07,366 [BasicRepositoryConnector-repo.maven.apache.org-1-4] INFO  o.e.m.c.i.e.AbstractTransferListenerAdapter - Downloaded https://repo.maven.apache.org/maven2/org/wildfly/security/wildfly-elytron-sasl-gs2/1.19.0.Final/wildfly-elytron-sasl-gs2-1.19.0.Final.jar
2025-07-17 19:54:07,380 [BasicRepositoryConnector-repo.maven.apache.org-1-3] INFO  o.e.m.c.i.e.AbstractTransferListenerAdapter - Downloading https://repo.maven.apache.org/maven2/org/jboss/logging/jboss-logging/3.4.3.Final/jboss-logging-3.4.3.Final.jar
2025-07-17 19:54:07,401 [BasicRepositoryConnector-repo.maven.apache.org-1-2] INFO  o.e.m.c.i.e.AbstractTransferListenerAdapter - Downloaded https://repo.maven.apache.org/maven2/org/wildfly/security/wildfly-elytron-sasl-gssapi/1.19.0.Final/wildfly-elytron-sasl-gssapi-1.19.0.Final.jar
2025-07-17 19:54:07,410 [BasicRepositoryConnector-repo.maven.apache.org-1-4] INFO  o.e.m.c.i.e.AbstractTransferListenerAdapter - Downloading https://repo.maven.apache.org/maven2/org/wildfly/client/wildfly-client-config/1.0.1.Final/wildfly-client-config-1.0.1.Final.jar
2025-07-17 19:54:07,440 [BasicRepositoryConnector-repo.maven.apache.org-1-2] INFO  o.e.m.c.i.e.AbstractTransferListenerAdapter - Downloading https://repo.maven.apache.org/maven2/org/wildfly/common/wildfly-common/1.6.0.Final/wildfly-common-1.6.0.Final.jar
2025-07-17 19:54:07,449 [BasicRepositoryConnector-repo.maven.apache.org-1-3] INFO  o.e.m.c.i.e.AbstractTransferListenerAdapter - Downloaded https://repo.maven.apache.org/maven2/org/jboss/logging/jboss-logging/3.4.3.Final/jboss-logging-3.4.3.Final.jar
2025-07-17 19:54:07,499 [BasicRepositoryConnector-repo.maven.apache.org-1-3] INFO  o.e.m.c.i.e.AbstractTransferListenerAdapter - Downloading https://repo.maven.apache.org/maven2/org/wildfly/discovery/wildfly-discovery-client/1.2.1.Final/wildfly-discovery-client-1.2.1.Final.jar
2025-07-17 19:54:07,530 [BasicRepositoryConnector-repo.maven.apache.org-1-2] INFO  o.e.m.c.i.e.AbstractTransferListenerAdapter - Downloaded https://repo.maven.apache.org/maven2/org/wildfly/common/wildfly-common/1.6.0.Final/wildfly-common-1.6.0.Final.jar
2025-07-17 19:54:07,559 [BasicRepositoryConnector-repo.maven.apache.org-1-3] INFO  o.e.m.c.i.e.AbstractTransferListenerAdapter - Downloaded https://repo.maven.apache.org/maven2/org/wildfly/discovery/wildfly-discovery-client/1.2.1.Final/wildfly-discovery-client-1.2.1.Final.jar
2025-07-17 19:54:07,614 [BasicRepositoryConnector-repo.maven.apache.org-1-1] INFO  o.e.m.c.i.e.AbstractTransferListenerAdapter - Downloaded https://repo.maven.apache.org/maven2/org/wildfly/security/wildfly-elytron-x500-cert-acme/1.19.0.Final/wildfly-elytron-x500-cert-acme-1.19.0.Final.jar
2025-07-17 19:54:07,615 [BasicRepositoryConnector-repo.maven.apache.org-1-2] INFO  o.e.m.c.i.e.AbstractTransferListenerAdapter - Downloading https://repo.maven.apache.org/maven2/org/wildfly/security/wildfly-elytron-auth/1.19.0.Final/wildfly-elytron-auth-1.19.0.Final.jar
2025-07-17 19:54:07,627 [BasicRepositoryConnector-repo.maven.apache.org-1-3] INFO  o.e.m.c.i.e.AbstractTransferListenerAdapter - Downloading https://repo.maven.apache.org/maven2/org/wildfly/security/wildfly-elytron-auth-server/1.19.0.Final/wildfly-elytron-auth-server-1.19.0.Final.jar
2025-07-17 19:54:07,644 [BasicRepositoryConnector-repo.maven.apache.org-1-0] INFO  o.e.m.c.i.e.AbstractTransferListenerAdapter - Downloading https://repo.maven.apache.org/maven2/org/wildfly/security/wildfly-elytron-x500-principal/1.19.0.Final/wildfly-elytron-x500-principal-1.19.0.Final.jar
2025-07-17 19:54:07,710 [BasicRepositoryConnector-repo.maven.apache.org-1-3] INFO  o.e.m.c.i.e.AbstractTransferListenerAdapter - Downloaded https://repo.maven.apache.org/maven2/org/wildfly/security/wildfly-elytron-auth-server/1.19.0.Final/wildfly-elytron-auth-server-1.19.0.Final.jar
2025-07-17 19:54:07,748 [BasicRepositoryConnector-repo.maven.apache.org-1-3] INFO  o.e.m.c.i.e.AbstractTransferListenerAdapter - Downloading https://repo.maven.apache.org/maven2/org/wildfly/security/wildfly-elytron-x500/1.19.0.Final/wildfly-elytron-x500-1.19.0.Final.jar
2025-07-17 19:54:07,812 [BasicRepositoryConnector-repo.maven.apache.org-1-0] INFO  o.e.m.c.i.e.AbstractTransferListenerAdapter - Downloaded https://repo.maven.apache.org/maven2/org/wildfly/security/wildfly-elytron-x500-principal/1.19.0.Final/wildfly-elytron-x500-principal-1.19.0.Final.jar
2025-07-17 19:54:07,836 [BasicRepositoryConnector-repo.maven.apache.org-1-2] INFO  o.e.m.c.i.e.AbstractTransferListenerAdapter - Downloaded https://repo.maven.apache.org/maven2/org/wildfly/security/wildfly-elytron-auth/1.19.0.Final/wildfly-elytron-auth-1.19.0.Final.jar
2025-07-17 19:54:07,850 [BasicRepositoryConnector-repo.maven.apache.org-1-4] INFO  o.e.m.c.i.e.AbstractTransferListenerAdapter - Downloaded https://repo.maven.apache.org/maven2/org/wildfly/client/wildfly-client-config/1.0.1.Final/wildfly-client-config-1.0.1.Final.jar
2025-07-17 19:54:07,851 [BasicRepositoryConnector-repo.maven.apache.org-1-0] INFO  o.e.m.c.i.e.AbstractTransferListenerAdapter - Downloading https://repo.maven.apache.org/maven2/org/wildfly/security/wildfly-elytron-credential/1.19.0.Final/wildfly-elytron-credential-1.19.0.Final.jar
2025-07-17 19:54:07,892 [BasicRepositoryConnector-repo.maven.apache.org-1-2] INFO  o.e.m.c.i.e.AbstractTransferListenerAdapter - Downloading https://repo.maven.apache.org/maven2/org/wildfly/security/wildfly-elytron-asn1/1.19.0.Final/wildfly-elytron-asn1-1.19.0.Final.jar
2025-07-17 19:54:07,927 [BasicRepositoryConnector-repo.maven.apache.org-1-0] INFO  o.e.m.c.i.e.AbstractTransferListenerAdapter - Downloaded https://repo.maven.apache.org/maven2/org/wildfly/security/wildfly-elytron-credential/1.19.0.Final/wildfly-elytron-credential-1.19.0.Final.jar
2025-07-17 19:54:07,987 [BasicRepositoryConnector-repo.maven.apache.org-1-0] INFO  o.e.m.c.i.e.AbstractTransferListenerAdapter - Downloading https://repo.maven.apache.org/maven2/org/wildfly/security/wildfly-elytron-provider-util/1.19.0.Final/wildfly-elytron-provider-util-1.19.0.Final.jar
2025-07-17 19:54:07,987 [BasicRepositoryConnector-repo.maven.apache.org-1-1] INFO  o.e.m.c.i.e.AbstractTransferListenerAdapter - Downloading https://repo.maven.apache.org/maven2/org/wildfly/security/wildfly-elytron-base/1.19.0.Final/wildfly-elytron-base-1.19.0.Final.jar
2025-07-17 19:54:08,217 [BasicRepositoryConnector-repo.maven.apache.org-1-0] INFO  o.e.m.c.i.e.AbstractTransferListenerAdapter - Downloaded https://repo.maven.apache.org/maven2/org/wildfly/security/wildfly-elytron-provider-util/1.19.0.Final/wildfly-elytron-provider-util-1.19.0.Final.jar
2025-07-17 19:54:08,220 [BasicRepositoryConnector-repo.maven.apache.org-1-4] INFO  o.e.m.c.i.e.AbstractTransferListenerAdapter - Downloading https://repo.maven.apache.org/maven2/org/wildfly/security/wildfly-elytron-keystore/1.19.0.Final/wildfly-elytron-keystore-1.19.0.Final.jar
2025-07-17 19:54:08,255 [BasicRepositoryConnector-repo.maven.apache.org-1-3] INFO  o.e.m.c.i.e.AbstractTransferListenerAdapter - Downloaded https://repo.maven.apache.org/maven2/org/wildfly/security/wildfly-elytron-x500/1.19.0.Final/wildfly-elytron-x500-1.19.0.Final.jar
2025-07-17 19:54:08,268 [BasicRepositoryConnector-repo.maven.apache.org-1-0] INFO  o.e.m.c.i.e.AbstractTransferListenerAdapter - Downloading https://repo.maven.apache.org/maven2/org/wildfly/security/wildfly-elytron-client/1.19.0.Final/wildfly-elytron-client-1.19.0.Final.jar
2025-07-17 19:54:08,291 [BasicRepositoryConnector-repo.maven.apache.org-1-2] INFO  o.e.m.c.i.e.AbstractTransferListenerAdapter - Downloaded https://repo.maven.apache.org/maven2/org/wildfly/security/wildfly-elytron-asn1/1.19.0.Final/wildfly-elytron-asn1-1.19.0.Final.jar
2025-07-17 19:54:08,329 [BasicRepositoryConnector-repo.maven.apache.org-1-3] INFO  o.e.m.c.i.e.AbstractTransferListenerAdapter - Downloading https://repo.maven.apache.org/maven2/org/wildfly/security/wildfly-elytron-auth-util/1.19.0.Final/wildfly-elytron-auth-util-1.19.0.Final.jar
2025-07-17 19:54:08,368 [BasicRepositoryConnector-repo.maven.apache.org-1-2] INFO  o.e.m.c.i.e.AbstractTransferListenerAdapter - Downloading https://repo.maven.apache.org/maven2/org/apache/sshd/sshd-common/2.7.0/sshd-common-2.7.0.jar
2025-07-17 19:54:08,394 [BasicRepositoryConnector-repo.maven.apache.org-1-0] INFO  o.e.m.c.i.e.AbstractTransferListenerAdapter - Downloaded https://repo.maven.apache.org/maven2/org/wildfly/security/wildfly-elytron-client/1.19.0.Final/wildfly-elytron-client-1.19.0.Final.jar
2025-07-17 19:54:08,434 [BasicRepositoryConnector-repo.maven.apache.org-1-0] INFO  o.e.m.c.i.e.AbstractTransferListenerAdapter - Downloading https://repo.maven.apache.org/maven2/org/slf4j/jcl-over-slf4j/1.7.36/jcl-over-slf4j-1.7.36.jar
2025-07-17 19:54:08,562 [BasicRepositoryConnector-repo.maven.apache.org-1-2] INFO  o.e.m.c.i.e.AbstractTransferListenerAdapter - Downloaded https://repo.maven.apache.org/maven2/org/apache/sshd/sshd-common/2.7.0/sshd-common-2.7.0.jar
2025-07-17 19:54:08,580 [BasicRepositoryConnector-repo.maven.apache.org-1-1] INFO  o.e.m.c.i.e.AbstractTransferListenerAdapter - Downloaded https://repo.maven.apache.org/maven2/org/wildfly/security/wildfly-elytron-base/1.19.0.Final/wildfly-elytron-base-1.19.0.Final.jar
2025-07-17 19:54:08,623 [BasicRepositoryConnector-repo.maven.apache.org-1-1] INFO  o.e.m.c.i.e.AbstractTransferListenerAdapter - Downloading https://repo.maven.apache.org/maven2/org/wildfly/security/wildfly-elytron-credential-store/1.19.0.Final/wildfly-elytron-credential-store-1.19.0.Final.jar
2025-07-17 19:54:08,687 [BasicRepositoryConnector-repo.maven.apache.org-1-1] INFO  o.e.m.c.i.e.AbstractTransferListenerAdapter - Downloaded https://repo.maven.apache.org/maven2/org/wildfly/security/wildfly-elytron-credential-store/1.19.0.Final/wildfly-elytron-credential-store-1.19.0.Final.jar
2025-07-17 19:54:08,718 [BasicRepositoryConnector-repo.maven.apache.org-1-1] INFO  o.e.m.c.i.e.AbstractTransferListenerAdapter - Downloading https://repo.maven.apache.org/maven2/org/wildfly/security/wildfly-elytron-mechanism/1.19.0.Final/wildfly-elytron-mechanism-1.19.0.Final.jar
2025-07-17 19:54:08,721 [BasicRepositoryConnector-repo.maven.apache.org-1-0] INFO  o.e.m.c.i.e.AbstractTransferListenerAdapter - Downloaded https://repo.maven.apache.org/maven2/org/slf4j/jcl-over-slf4j/1.7.36/jcl-over-slf4j-1.7.36.jar
2025-07-17 19:54:08,724 [BasicRepositoryConnector-repo.maven.apache.org-1-3] INFO  o.e.m.c.i.e.AbstractTransferListenerAdapter - Downloaded https://repo.maven.apache.org/maven2/org/wildfly/security/wildfly-elytron-auth-util/1.19.0.Final/wildfly-elytron-auth-util-1.19.0.Final.jar
2025-07-17 19:54:08,762 [BasicRepositoryConnector-repo.maven.apache.org-1-3] INFO  o.e.m.c.i.e.AbstractTransferListenerAdapter - Downloading https://repo.maven.apache.org/maven2/org/wildfly/security/wildfly-elytron-x500-cert/1.19.0.Final/wildfly-elytron-x500-cert-1.19.0.Final.jar
2025-07-17 19:54:08,762 [BasicRepositoryConnector-repo.maven.apache.org-1-0] INFO  o.e.m.c.i.e.AbstractTransferListenerAdapter - Downloading https://repo.maven.apache.org/maven2/org/wildfly/security/wildfly-elytron-password-impl/1.19.0.Final/wildfly-elytron-password-impl-1.19.0.Final.jar
2025-07-17 19:54:08,816 [BasicRepositoryConnector-repo.maven.apache.org-1-3] INFO  o.e.m.c.i.e.AbstractTransferListenerAdapter - Downloaded https://repo.maven.apache.org/maven2/org/wildfly/security/wildfly-elytron-x500-cert/1.19.0.Final/wildfly-elytron-x500-cert-1.19.0.Final.jar
2025-07-17 19:54:08,853 [BasicRepositoryConnector-repo.maven.apache.org-1-0] INFO  o.e.m.c.i.e.AbstractTransferListenerAdapter - Downloaded https://repo.maven.apache.org/maven2/org/wildfly/security/wildfly-elytron-password-impl/1.19.0.Final/wildfly-elytron-password-impl-1.19.0.Final.jar
2025-07-17 19:54:08,855 [BasicRepositoryConnector-repo.maven.apache.org-1-3] INFO  o.e.m.c.i.e.AbstractTransferListenerAdapter - Downloading https://repo.maven.apache.org/maven2/org/wildfly/security/wildfly-elytron-security-manager/1.19.0.Final/wildfly-elytron-security-manager-1.19.0.Final.jar
2025-07-17 19:54:08,887 [BasicRepositoryConnector-repo.maven.apache.org-1-0] INFO  o.e.m.c.i.e.AbstractTransferListenerAdapter - Downloading https://repo.maven.apache.org/maven2/org/wildfly/security/wildfly-elytron-security-manager-action/1.19.0.Final/wildfly-elytron-security-manager-action-1.19.0.Final.jar
2025-07-17 19:54:08,904 [BasicRepositoryConnector-repo.maven.apache.org-1-4] INFO  o.e.m.c.i.e.AbstractTransferListenerAdapter - Downloaded https://repo.maven.apache.org/maven2/org/wildfly/security/wildfly-elytron-keystore/1.19.0.Final/wildfly-elytron-keystore-1.19.0.Final.jar
2025-07-17 19:54:08,927 [BasicRepositoryConnector-repo.maven.apache.org-1-2] INFO  o.e.m.c.i.e.AbstractTransferListenerAdapter - Downloading https://repo.maven.apache.org/maven2/org/wildfly/security/wildfly-elytron-credential-source-impl/1.19.0.Final/wildfly-elytron-credential-source-impl-1.19.0.Final.jar
2025-07-17 19:54:08,964 [BasicRepositoryConnector-repo.maven.apache.org-1-4] INFO  o.e.m.c.i.e.AbstractTransferListenerAdapter - Downloading https://repo.maven.apache.org/maven2/org/wildfly/security/wildfly-elytron-permission/1.19.0.Final/wildfly-elytron-permission-1.19.0.Final.jar
2025-07-17 19:54:09,017 [BasicRepositoryConnector-repo.maven.apache.org-1-4] INFO  o.e.m.c.i.e.AbstractTransferListenerAdapter - Downloaded https://repo.maven.apache.org/maven2/org/wildfly/security/wildfly-elytron-permission/1.19.0.Final/wildfly-elytron-permission-1.19.0.Final.jar
2025-07-17 19:54:09,046 [BasicRepositoryConnector-repo.maven.apache.org-1-1] INFO  o.e.m.c.i.e.AbstractTransferListenerAdapter - Downloaded https://repo.maven.apache.org/maven2/org/wildfly/security/wildfly-elytron-mechanism/1.19.0.Final/wildfly-elytron-mechanism-1.19.0.Final.jar
2025-07-17 19:54:09,117 [BasicRepositoryConnector-repo.maven.apache.org-1-4] INFO  o.e.m.c.i.e.AbstractTransferListenerAdapter - Downloading https://repo.maven.apache.org/maven2/org/wildfly/security/wildfly-elytron-sasl/1.19.0.Final/wildfly-elytron-sasl-1.19.0.Final.jar
2025-07-17 19:54:09,132 [BasicRepositoryConnector-repo.maven.apache.org-1-1] INFO  o.e.m.c.i.e.AbstractTransferListenerAdapter - Downloading https://repo.maven.apache.org/maven2/org/wildfly/security/wildfly-elytron-ssl/1.19.0.Final/wildfly-elytron-ssl-1.19.0.Final.jar
2025-07-17 19:54:09,193 [BasicRepositoryConnector-repo.maven.apache.org-1-1] INFO  o.e.m.c.i.e.AbstractTransferListenerAdapter - Downloaded https://repo.maven.apache.org/maven2/org/wildfly/security/wildfly-elytron-ssl/1.19.0.Final/wildfly-elytron-ssl-1.19.0.Final.jar
2025-07-17 19:54:09,211 [BasicRepositoryConnector-repo.maven.apache.org-1-4] INFO  o.e.m.c.i.e.AbstractTransferListenerAdapter - Downloaded https://repo.maven.apache.org/maven2/org/wildfly/security/wildfly-elytron-sasl/1.19.0.Final/wildfly-elytron-sasl-1.19.0.Final.jar
2025-07-17 19:54:09,251 [BasicRepositoryConnector-repo.maven.apache.org-1-1] INFO  o.e.m.c.i.e.AbstractTransferListenerAdapter - Downloading https://repo.maven.apache.org/maven2/org/wildfly/security/wildfly-elytron-realm/1.19.0.Final/wildfly-elytron-realm-1.19.0.Final.jar
2025-07-17 19:54:09,267 [BasicRepositoryConnector-repo.maven.apache.org-1-4] INFO  o.e.m.c.i.e.AbstractTransferListenerAdapter - Downloading https://repo.maven.apache.org/maven2/org/wildfly/security/wildfly-elytron-encryption/1.19.0.Final/wildfly-elytron-encryption-1.19.0.Final.jar
2025-07-17 19:54:09,272 [BasicRepositoryConnector-repo.maven.apache.org-1-2] INFO  o.e.m.c.i.e.AbstractTransferListenerAdapter - Downloaded https://repo.maven.apache.org/maven2/org/wildfly/security/wildfly-elytron-credential-source-impl/1.19.0.Final/wildfly-elytron-credential-source-impl-1.19.0.Final.jar
2025-07-17 19:54:09,302 [BasicRepositoryConnector-repo.maven.apache.org-1-1] INFO  o.e.m.c.i.e.AbstractTransferListenerAdapter - Downloaded https://repo.maven.apache.org/maven2/org/wildfly/security/wildfly-elytron-realm/1.19.0.Final/wildfly-elytron-realm-1.19.0.Final.jar
2025-07-17 19:54:09,303 [BasicRepositoryConnector-repo.maven.apache.org-1-3] INFO  o.e.m.c.i.e.AbstractTransferListenerAdapter - Downloaded https://repo.maven.apache.org/maven2/org/wildfly/security/wildfly-elytron-security-manager/1.19.0.Final/wildfly-elytron-security-manager-1.19.0.Final.jar
2025-07-17 19:54:09,315 [BasicRepositoryConnector-repo.maven.apache.org-1-2] INFO  o.e.m.c.i.e.AbstractTransferListenerAdapter - Downloading https://repo.maven.apache.org/maven2/org/wildfly/security/wildfly-elytron-sasl-localuser/1.19.0.Final/wildfly-elytron-sasl-localuser-1.19.0.Final.jar
2025-07-17 19:54:09,359 [BasicRepositoryConnector-repo.maven.apache.org-1-1] INFO  o.e.m.c.i.e.AbstractTransferListenerAdapter - Downloading https://repo.maven.apache.org/maven2/org/wildfly/security/wildfly-elytron-http-sso/1.19.0.Final/wildfly-elytron-http-sso-1.19.0.Final.jar
2025-07-17 19:54:09,359 [BasicRepositoryConnector-repo.maven.apache.org-1-3] INFO  o.e.m.c.i.e.AbstractTransferListenerAdapter - Downloading https://repo.maven.apache.org/maven2/org/wildfly/security/wildfly-elytron-http/1.19.0.Final/wildfly-elytron-http-1.19.0.Final.jar
2025-07-17 19:54:09,406 [BasicRepositoryConnector-repo.maven.apache.org-1-0] INFO  o.e.m.c.i.e.AbstractTransferListenerAdapter - Downloaded https://repo.maven.apache.org/maven2/org/wildfly/security/wildfly-elytron-security-manager-action/1.19.0.Final/wildfly-elytron-security-manager-action-1.19.0.Final.jar
2025-07-17 19:54:09,507 [BasicRepositoryConnector-repo.maven.apache.org-1-4] INFO  o.e.m.c.i.e.AbstractTransferListenerAdapter - Downloaded https://repo.maven.apache.org/maven2/org/wildfly/security/wildfly-elytron-encryption/1.19.0.Final/wildfly-elytron-encryption-1.19.0.Final.jar
2025-07-17 19:54:09,538 [BasicRepositoryConnector-repo.maven.apache.org-1-4] INFO  o.e.m.c.i.e.AbstractTransferListenerAdapter - Downloading https://repo.maven.apache.org/maven2/org/wildfly/security/wildfly-elytron-util/1.19.0.Final/wildfly-elytron-util-1.19.0.Final.jar
2025-07-17 19:54:09,564 [BasicRepositoryConnector-repo.maven.apache.org-1-2] INFO  o.e.m.c.i.e.AbstractTransferListenerAdapter - Downloaded https://repo.maven.apache.org/maven2/org/wildfly/security/wildfly-elytron-sasl-localuser/1.19.0.Final/wildfly-elytron-sasl-localuser-1.19.0.Final.jar
2025-07-17 19:54:09,611 [BasicRepositoryConnector-repo.maven.apache.org-1-2] INFO  o.e.m.c.i.e.AbstractTransferListenerAdapter - Downloading https://repo.maven.apache.org/maven2/org/wildfly/wildfly-naming-client/1.0.15.Final/wildfly-naming-client-1.0.15.Final.jar
2025-07-17 19:54:09,682 [BasicRepositoryConnector-repo.maven.apache.org-1-2] INFO  o.e.m.c.i.e.AbstractTransferListenerAdapter - Downloaded https://repo.maven.apache.org/maven2/org/wildfly/wildfly-naming-client/1.0.15.Final/wildfly-naming-client-1.0.15.Final.jar
2025-07-17 19:54:09,745 [BasicRepositoryConnector-repo.maven.apache.org-1-2] INFO  o.e.m.c.i.e.AbstractTransferListenerAdapter - Downloading https://repo.maven.apache.org/maven2/org/wildfly/security/wildfly-elytron-sasl-anonymous/1.19.0.Final/wildfly-elytron-sasl-anonymous-1.19.0.Final.jar
2025-07-17 19:54:09,816 [BasicRepositoryConnector-repo.maven.apache.org-1-0] INFO  o.e.m.c.i.e.AbstractTransferListenerAdapter - Downloading https://repo.maven.apache.org/maven2/org/wildfly/security/wildfly-elytron-http-util/1.19.0.Final/wildfly-elytron-http-util-1.19.0.Final.jar
2025-07-17 19:54:09,970 [BasicRepositoryConnector-repo.maven.apache.org-1-1] INFO  o.e.m.c.i.e.AbstractTransferListenerAdapter - Downloaded https://repo.maven.apache.org/maven2/org/wildfly/security/wildfly-elytron-http-sso/1.19.0.Final/wildfly-elytron-http-sso-1.19.0.Final.jar
2025-07-17 19:54:09,992 [BasicRepositoryConnector-repo.maven.apache.org-1-2] INFO  o.e.m.c.i.e.AbstractTransferListenerAdapter - Downloaded https://repo.maven.apache.org/maven2/org/wildfly/security/wildfly-elytron-sasl-anonymous/1.19.0.Final/wildfly-elytron-sasl-anonymous-1.19.0.Final.jar
2025-07-17 19:54:09,993 [BasicRepositoryConnector-repo.maven.apache.org-1-3] INFO  o.e.m.c.i.e.AbstractTransferListenerAdapter - Downloaded https://repo.maven.apache.org/maven2/org/wildfly/security/wildfly-elytron-http/1.19.0.Final/wildfly-elytron-http-1.19.0.Final.jar
2025-07-17 19:54:09,998 [BasicRepositoryConnector-repo.maven.apache.org-1-1] INFO  o.e.m.c.i.e.AbstractTransferListenerAdapter - Downloading https://repo.maven.apache.org/maven2/org/wildfly/security/wildfly-elytron-sasl-auth-util/1.19.0.Final/wildfly-elytron-sasl-auth-util-1.19.0.Final.jar
2025-07-17 19:54:10,027 [BasicRepositoryConnector-repo.maven.apache.org-1-4] INFO  o.e.m.c.i.e.AbstractTransferListenerAdapter - Downloaded https://repo.maven.apache.org/maven2/org/wildfly/security/wildfly-elytron-util/1.19.0.Final/wildfly-elytron-util-1.19.0.Final.jar
2025-07-17 19:54:10,030 [BasicRepositoryConnector-repo.maven.apache.org-1-3] INFO  o.e.m.c.i.e.AbstractTransferListenerAdapter - Downloading https://repo.maven.apache.org/maven2/org/jboss/spec/javax/resource/jboss-connector-api_1.7_spec/2.0.0.Final/jboss-connector-api_1.7_spec-2.0.0.Final.jar
2025-07-17 19:54:10,030 [BasicRepositoryConnector-repo.maven.apache.org-1-2] INFO  o.e.m.c.i.e.AbstractTransferListenerAdapter - Downloading https://repo.maven.apache.org/maven2/org/jboss/ejb3/jboss-ejb3-ext-api/2.3.0.Final/jboss-ejb3-ext-api-2.3.0.Final.jar
2025-07-17 19:54:10,059 [BasicRepositoryConnector-repo.maven.apache.org-1-4] INFO  o.e.m.c.i.e.AbstractTransferListenerAdapter - Downloading https://repo.maven.apache.org/maven2/org/jboss/spec/javax/transaction/jboss-transaction-api_1.3_spec/2.0.0.Final/jboss-transaction-api_1.3_spec-2.0.0.Final.jar
2025-07-17 19:54:10,094 [BasicRepositoryConnector-repo.maven.apache.org-1-3] INFO  o.e.m.c.i.e.AbstractTransferListenerAdapter - Downloaded https://repo.maven.apache.org/maven2/org/jboss/spec/javax/resource/jboss-connector-api_1.7_spec/2.0.0.Final/jboss-connector-api_1.7_spec-2.0.0.Final.jar
2025-07-17 19:54:10,205 [BasicRepositoryConnector-repo.maven.apache.org-1-2] INFO  o.e.m.c.i.e.AbstractTransferListenerAdapter - Downloaded https://repo.maven.apache.org/maven2/org/jboss/ejb3/jboss-ejb3-ext-api/2.3.0.Final/jboss-ejb3-ext-api-2.3.0.Final.jar
2025-07-17 19:54:10,215 [BasicRepositoryConnector-repo.maven.apache.org-1-1] INFO  o.e.m.c.i.e.AbstractTransferListenerAdapter - Downloaded https://repo.maven.apache.org/maven2/org/wildfly/security/wildfly-elytron-sasl-auth-util/1.19.0.Final/wildfly-elytron-sasl-auth-util-1.19.0.Final.jar
2025-07-17 19:54:10,256 [BasicRepositoryConnector-repo.maven.apache.org-1-2] INFO  o.e.m.c.i.e.AbstractTransferListenerAdapter - Downloading https://repo.maven.apache.org/maven2/org/kohsuke/metainf-services/metainf-services/1.7/metainf-services-1.7.jar
2025-07-17 19:54:10,256 [BasicRepositoryConnector-repo.maven.apache.org-1-1] INFO  o.e.m.c.i.e.AbstractTransferListenerAdapter - Downloading https://repo.maven.apache.org/maven2/io/undertow/undertow-core/2.2.17.Final/undertow-core-2.2.17.Final.jar
2025-07-17 19:54:10,372 [BasicRepositoryConnector-repo.maven.apache.org-1-2] INFO  o.e.m.c.i.e.AbstractTransferListenerAdapter - Downloaded https://repo.maven.apache.org/maven2/org/kohsuke/metainf-services/metainf-services/1.7/metainf-services-1.7.jar
2025-07-17 19:54:10,381 [BasicRepositoryConnector-repo.maven.apache.org-1-0] INFO  o.e.m.c.i.e.AbstractTransferListenerAdapter - Downloaded https://repo.maven.apache.org/maven2/org/wildfly/security/wildfly-elytron-http-util/1.19.0.Final/wildfly-elytron-http-util-1.19.0.Final.jar
2025-07-17 19:54:10,405 [BasicRepositoryConnector-repo.maven.apache.org-1-2] INFO  o.e.m.c.i.e.AbstractTransferListenerAdapter - Downloading https://repo.maven.apache.org/maven2/org/wildfly/wildfly-http-client/wildfly-http-client-common/1.1.11.Final/wildfly-http-client-common-1.1.11.Final.jar
2025-07-17 19:54:10,449 [BasicRepositoryConnector-repo.maven.apache.org-1-3] INFO  o.e.m.c.i.e.AbstractTransferListenerAdapter - Downloading https://repo.maven.apache.org/maven2/org/wildfly/wildfly-http-client/wildfly-http-ejb-client/1.1.11.Final/wildfly-http-ejb-client-1.1.11.Final.jar
2025-07-17 19:54:10,479 [BasicRepositoryConnector-repo.maven.apache.org-1-4] INFO  o.e.m.c.i.e.AbstractTransferListenerAdapter - Downloaded https://repo.maven.apache.org/maven2/org/jboss/spec/javax/transaction/jboss-transaction-api_1.3_spec/2.0.0.Final/jboss-transaction-api_1.3_spec-2.0.0.Final.jar
2025-07-17 19:54:10,479 [BasicRepositoryConnector-repo.maven.apache.org-1-2] INFO  o.e.m.c.i.e.AbstractTransferListenerAdapter - Downloaded https://repo.maven.apache.org/maven2/org/wildfly/wildfly-http-client/wildfly-http-client-common/1.1.11.Final/wildfly-http-client-common-1.1.11.Final.jar
2025-07-17 19:54:10,488 [BasicRepositoryConnector-repo.maven.apache.org-1-3] INFO  o.e.m.c.i.e.AbstractTransferListenerAdapter - Downloaded https://repo.maven.apache.org/maven2/org/wildfly/wildfly-http-client/wildfly-http-ejb-client/1.1.11.Final/wildfly-http-ejb-client-1.1.11.Final.jar
2025-07-17 19:54:10,514 [BasicRepositoryConnector-repo.maven.apache.org-1-4] INFO  o.e.m.c.i.e.AbstractTransferListenerAdapter - Downloading https://repo.maven.apache.org/maven2/org/wildfly/security/wildfly-elytron-http-cert/1.19.0.Final/wildfly-elytron-http-cert-1.19.0.Final.jar
2025-07-17 19:54:10,514 [BasicRepositoryConnector-repo.maven.apache.org-1-2] INFO  o.e.m.c.i.e.AbstractTransferListenerAdapter - Downloading https://repo.maven.apache.org/maven2/org/wildfly/security/wildfly-elytron-http-basic/1.19.0.Final/wildfly-elytron-http-basic-1.19.0.Final.jar
2025-07-17 19:54:10,540 [BasicRepositoryConnector-repo.maven.apache.org-1-3] INFO  o.e.m.c.i.e.AbstractTransferListenerAdapter - Downloading https://repo.maven.apache.org/maven2/org/wildfly/security/wildfly-elytron-http-digest/1.19.0.Final/wildfly-elytron-http-digest-1.19.0.Final.jar
2025-07-17 19:54:10,675 [BasicRepositoryConnector-repo.maven.apache.org-1-2] INFO  o.e.m.c.i.e.AbstractTransferListenerAdapter - Downloaded https://repo.maven.apache.org/maven2/org/wildfly/security/wildfly-elytron-http-basic/1.19.0.Final/wildfly-elytron-http-basic-1.19.0.Final.jar
2025-07-17 19:54:10,689 [BasicRepositoryConnector-repo.maven.apache.org-1-0] INFO  o.e.m.c.i.e.AbstractTransferListenerAdapter - Downloading https://repo.maven.apache.org/maven2/org/wildfly/security/wildfly-elytron-auth-server-http/1.19.0.Final/wildfly-elytron-auth-server-http-1.19.0.Final.jar
2025-07-17 19:54:10,709 [BasicRepositoryConnector-repo.maven.apache.org-1-4] INFO  o.e.m.c.i.e.AbstractTransferListenerAdapter - Downloaded https://repo.maven.apache.org/maven2/org/wildfly/security/wildfly-elytron-http-cert/1.19.0.Final/wildfly-elytron-http-cert-1.19.0.Final.jar
2025-07-17 19:54:10,749 [BasicRepositoryConnector-repo.maven.apache.org-1-2] INFO  o.e.m.c.i.e.AbstractTransferListenerAdapter - Downloading https://repo.maven.apache.org/maven2/org/wildfly/wildfly-http-client/wildfly-http-naming-client/1.1.11.Final/wildfly-http-naming-client-1.1.11.Final.jar
2025-07-17 19:54:10,770 [BasicRepositoryConnector-repo.maven.apache.org-1-3] INFO  o.e.m.c.i.e.AbstractTransferListenerAdapter - Downloaded https://repo.maven.apache.org/maven2/org/wildfly/security/wildfly-elytron-http-digest/1.19.0.Final/wildfly-elytron-http-digest-1.19.0.Final.jar
2025-07-17 19:54:10,817 [BasicRepositoryConnector-repo.maven.apache.org-1-3] INFO  o.e.m.c.i.e.AbstractTransferListenerAdapter - Downloading https://repo.maven.apache.org/maven2/org/hibernate/hibernate-core/4.3.5.Final/hibernate-core-4.3.5.Final.jar
2025-07-17 19:54:10,920 [BasicRepositoryConnector-repo.maven.apache.org-1-0] INFO  o.e.m.c.i.e.AbstractTransferListenerAdapter - Downloaded https://repo.maven.apache.org/maven2/org/wildfly/security/wildfly-elytron-auth-server-http/1.19.0.Final/wildfly-elytron-auth-server-http-1.19.0.Final.jar
2025-07-17 19:54:11,020 [BasicRepositoryConnector-repo.maven.apache.org-1-0] INFO  o.e.m.c.i.e.AbstractTransferListenerAdapter - Downloading https://repo.maven.apache.org/maven2/org/jboss/logging/jboss-logging-annotations/1.2.0.Beta1/jboss-logging-annotations-1.2.0.Beta1.jar
2025-07-17 19:54:11,089 [BasicRepositoryConnector-repo.maven.apache.org-1-4] INFO  o.e.m.c.i.e.AbstractTransferListenerAdapter - Downloading https://repo.maven.apache.org/maven2/org/wildfly/wildfly-http-client/wildfly-http-transaction-client/1.1.11.Final/wildfly-http-transaction-client-1.1.11.Final.jar
2025-07-17 19:54:11,150 [BasicRepositoryConnector-repo.maven.apache.org-1-1] INFO  o.e.m.c.i.e.AbstractTransferListenerAdapter - Downloaded https://repo.maven.apache.org/maven2/io/undertow/undertow-core/2.2.17.Final/undertow-core-2.2.17.Final.jar
2025-07-17 19:54:11,234 [BasicRepositoryConnector-repo.maven.apache.org-1-1] INFO  o.e.m.c.i.e.AbstractTransferListenerAdapter - Downloading https://repo.maven.apache.org/maven2/org/jboss/spec/javax/transaction/jboss-transaction-api_1.2_spec/1.0.0.Final/jboss-transaction-api_1.2_spec-1.0.0.Final.jar
2025-07-17 19:54:11,284 [BasicRepositoryConnector-repo.maven.apache.org-1-0] INFO  o.e.m.c.i.e.AbstractTransferListenerAdapter - Downloaded https://repo.maven.apache.org/maven2/org/jboss/logging/jboss-logging-annotations/1.2.0.Beta1/jboss-logging-annotations-1.2.0.Beta1.jar
2025-07-17 19:54:11,331 [BasicRepositoryConnector-repo.maven.apache.org-1-0] INFO  o.e.m.c.i.e.AbstractTransferListenerAdapter - Downloading https://repo.maven.apache.org/maven2/dom4j/dom4j/1.6.1/dom4j-1.6.1.jar
2025-07-17 19:54:11,334 [BasicRepositoryConnector-repo.maven.apache.org-1-2] INFO  o.e.m.c.i.e.AbstractTransferListenerAdapter - Downloaded https://repo.maven.apache.org/maven2/org/wildfly/wildfly-http-client/wildfly-http-naming-client/1.1.11.Final/wildfly-http-naming-client-1.1.11.Final.jar
2025-07-17 19:54:11,387 [BasicRepositoryConnector-repo.maven.apache.org-1-2] INFO  o.e.m.c.i.e.AbstractTransferListenerAdapter - Downloading https://repo.maven.apache.org/maven2/xml-apis/xml-apis/1.0.b2/xml-apis-1.0.b2.jar
2025-07-17 19:54:11,470 [BasicRepositoryConnector-repo.maven.apache.org-1-2] INFO  o.e.m.c.i.e.AbstractTransferListenerAdapter - Downloaded https://repo.maven.apache.org/maven2/xml-apis/xml-apis/1.0.b2/xml-apis-1.0.b2.jar
2025-07-17 19:54:11,490 [BasicRepositoryConnector-repo.maven.apache.org-1-0] INFO  o.e.m.c.i.e.AbstractTransferListenerAdapter - Downloaded https://repo.maven.apache.org/maven2/dom4j/dom4j/1.6.1/dom4j-1.6.1.jar
2025-07-17 19:54:11,555 [BasicRepositoryConnector-repo.maven.apache.org-1-2] INFO  o.e.m.c.i.e.AbstractTransferListenerAdapter - Downloading https://repo.maven.apache.org/maven2/org/hibernate/common/hibernate-commons-annotations/4.0.4.Final/hibernate-commons-annotations-4.0.4.Final.jar
2025-07-17 19:54:11,558 [BasicRepositoryConnector-repo.maven.apache.org-1-0] INFO  o.e.m.c.i.e.AbstractTransferListenerAdapter - Downloading https://repo.maven.apache.org/maven2/org/hibernate/javax/persistence/hibernate-jpa-2.1-api/1.0.0.Final/hibernate-jpa-2.1-api-1.0.0.Final.jar
2025-07-17 19:54:11,573 [BasicRepositoryConnector-repo.maven.apache.org-1-4] INFO  o.e.m.c.i.e.AbstractTransferListenerAdapter - Downloaded https://repo.maven.apache.org/maven2/org/wildfly/wildfly-http-client/wildfly-http-transaction-client/1.1.11.Final/wildfly-http-transaction-client-1.1.11.Final.jar
2025-07-17 19:54:11,607 [BasicRepositoryConnector-repo.maven.apache.org-1-2] INFO  o.e.m.c.i.e.AbstractTransferListenerAdapter - Downloaded https://repo.maven.apache.org/maven2/org/hibernate/common/hibernate-commons-annotations/4.0.4.Final/hibernate-commons-annotations-4.0.4.Final.jar
2025-07-17 19:54:11,628 [BasicRepositoryConnector-repo.maven.apache.org-1-1] INFO  o.e.m.c.i.e.AbstractTransferListenerAdapter - Downloaded https://repo.maven.apache.org/maven2/org/jboss/spec/javax/transaction/jboss-transaction-api_1.2_spec/1.0.0.Final/jboss-transaction-api_1.2_spec-1.0.0.Final.jar
2025-07-17 19:54:11,632 [BasicRepositoryConnector-repo.maven.apache.org-1-0] INFO  o.e.m.c.i.e.AbstractTransferListenerAdapter - Downloaded https://repo.maven.apache.org/maven2/org/hibernate/javax/persistence/hibernate-jpa-2.1-api/1.0.0.Final/hibernate-jpa-2.1-api-1.0.0.Final.jar
2025-07-17 19:54:11,664 [BasicRepositoryConnector-repo.maven.apache.org-1-4] INFO  o.e.m.c.i.e.AbstractTransferListenerAdapter - Downloading https://repo.maven.apache.org/maven2/org/javassist/javassist/3.18.1-GA/javassist-3.18.1-GA.jar
2025-07-17 19:54:11,702 [BasicRepositoryConnector-repo.maven.apache.org-1-1] INFO  o.e.m.c.i.e.AbstractTransferListenerAdapter - Downloading https://repo.maven.apache.org/maven2/org/jboss/jandex/1.1.0.Final/jandex-1.1.0.Final.jar
2025-07-17 19:54:11,705 [BasicRepositoryConnector-repo.maven.apache.org-1-2] INFO  o.e.m.c.i.e.AbstractTransferListenerAdapter - Downloading https://repo.maven.apache.org/maven2/antlr/antlr/2.7.7/antlr-2.7.7.jar
2025-07-17 19:54:11,741 [BasicRepositoryConnector-repo.maven.apache.org-1-0] INFO  o.e.m.c.i.e.AbstractTransferListenerAdapter - Downloading https://repo.maven.apache.org/maven2/mysql/mysql-connector-java/8.0.30/mysql-connector-java-8.0.30.jar
2025-07-17 19:54:11,750 [BasicRepositoryConnector-repo.maven.apache.org-1-1] INFO  o.e.m.c.i.e.AbstractTransferListenerAdapter - Downloaded https://repo.maven.apache.org/maven2/org/jboss/jandex/1.1.0.Final/jandex-1.1.0.Final.jar
2025-07-17 19:54:11,948 [BasicRepositoryConnector-repo.maven.apache.org-1-1] INFO  o.e.m.c.i.e.AbstractTransferListenerAdapter - Downloading https://repo.maven.apache.org/maven2/com/google/protobuf/protobuf-java/3.19.4/protobuf-java-3.19.4.jar
2025-07-17 19:54:12,081 [BasicRepositoryConnector-repo.maven.apache.org-1-2] INFO  o.e.m.c.i.e.AbstractTransferListenerAdapter - Downloaded https://repo.maven.apache.org/maven2/antlr/antlr/2.7.7/antlr-2.7.7.jar
2025-07-17 19:54:12,302 [BasicRepositoryConnector-repo.maven.apache.org-1-2] INFO  o.e.m.c.i.e.AbstractTransferListenerAdapter - Downloading https://repo.maven.apache.org/maven2/log4j/log4j/1.2.17/log4j-1.2.17.jar
2025-07-17 19:54:12,405 [BasicRepositoryConnector-repo.maven.apache.org-1-4] INFO  o.e.m.c.i.e.AbstractTransferListenerAdapter - Downloaded https://repo.maven.apache.org/maven2/org/javassist/javassist/3.18.1-GA/javassist-3.18.1-GA.jar
2025-07-17 19:54:12,614 [BasicRepositoryConnector-repo.maven.apache.org-1-4] INFO  o.e.m.c.i.e.AbstractTransferListenerAdapter - Downloading https://repo.maven.apache.org/maven2/com/google/guava/guava/17.0/guava-17.0.jar
2025-07-17 19:54:12,664 [BasicRepositoryConnector-repo.maven.apache.org-1-2] INFO  o.e.m.c.i.e.AbstractTransferListenerAdapter - Downloaded https://repo.maven.apache.org/maven2/log4j/log4j/1.2.17/log4j-1.2.17.jar
2025-07-17 19:54:12,869 [BasicRepositoryConnector-repo.maven.apache.org-1-2] INFO  o.e.m.c.i.e.AbstractTransferListenerAdapter - Downloading https://repo.maven.apache.org/maven2/org/glassfish/jersey/containers/jersey-container-servlet-core/4.0.0-M2/jersey-container-servlet-core-4.0.0-M2.jar
2025-07-17 19:54:12,953 [BasicRepositoryConnector-repo.maven.apache.org-1-2] INFO  o.e.m.c.i.e.AbstractTransferListenerAdapter - Downloaded https://repo.maven.apache.org/maven2/org/glassfish/jersey/containers/jersey-container-servlet-core/4.0.0-M2/jersey-container-servlet-core-4.0.0-M2.jar
2025-07-17 19:54:13,081 [BasicRepositoryConnector-repo.maven.apache.org-1-2] INFO  o.e.m.c.i.e.AbstractTransferListenerAdapter - Downloading https://repo.maven.apache.org/maven2/jakarta/inject/jakarta.inject-api/2.0.1/jakarta.inject-api-2.0.1.jar
2025-07-17 19:54:13,103 [BasicRepositoryConnector-repo.maven.apache.org-1-1] INFO  o.e.m.c.i.e.AbstractTransferListenerAdapter - Downloaded https://repo.maven.apache.org/maven2/com/google/protobuf/protobuf-java/3.19.4/protobuf-java-3.19.4.jar
2025-07-17 19:54:13,136 [BasicRepositoryConnector-repo.maven.apache.org-1-3] INFO  o.e.m.c.i.e.AbstractTransferListenerAdapter - Downloaded https://repo.maven.apache.org/maven2/org/hibernate/hibernate-core/4.3.5.Final/hibernate-core-4.3.5.Final.jar
2025-07-17 19:54:13,187 [BasicRepositoryConnector-repo.maven.apache.org-1-1] INFO  o.e.m.c.i.e.AbstractTransferListenerAdapter - Downloading https://repo.maven.apache.org/maven2/org/glassfish/jersey/core/jersey-common/4.0.0-M2/jersey-common-4.0.0-M2.jar
2025-07-17 19:54:13,221 [BasicRepositoryConnector-repo.maven.apache.org-1-3] INFO  o.e.m.c.i.e.AbstractTransferListenerAdapter - Downloading https://repo.maven.apache.org/maven2/jakarta/annotation/jakarta.annotation-api/3.0.0/jakarta.annotation-api-3.0.0.jar
2025-07-17 19:54:13,274 [BasicRepositoryConnector-repo.maven.apache.org-1-2] INFO  o.e.m.c.i.e.AbstractTransferListenerAdapter - Downloaded https://repo.maven.apache.org/maven2/jakarta/inject/jakarta.inject-api/2.0.1/jakarta.inject-api-2.0.1.jar
2025-07-17 19:54:13,363 [BasicRepositoryConnector-repo.maven.apache.org-1-2] INFO  o.e.m.c.i.e.AbstractTransferListenerAdapter - Downloading https://repo.maven.apache.org/maven2/org/glassfish/hk2/osgi-resource-locator/1.0.3/osgi-resource-locator-1.0.3.jar
2025-07-17 19:54:13,531 [BasicRepositoryConnector-repo.maven.apache.org-1-3] INFO  o.e.m.c.i.e.AbstractTransferListenerAdapter - Downloaded https://repo.maven.apache.org/maven2/jakarta/annotation/jakarta.annotation-api/3.0.0/jakarta.annotation-api-3.0.0.jar
2025-07-17 19:54:13,575 [BasicRepositoryConnector-repo.maven.apache.org-1-0] INFO  o.e.m.c.i.e.AbstractTransferListenerAdapter - Downloaded https://repo.maven.apache.org/maven2/mysql/mysql-connector-java/8.0.30/mysql-connector-java-8.0.30.jar
2025-07-17 19:54:13,602 [BasicRepositoryConnector-repo.maven.apache.org-1-2] INFO  o.e.m.c.i.e.AbstractTransferListenerAdapter - Downloaded https://repo.maven.apache.org/maven2/org/glassfish/hk2/osgi-resource-locator/1.0.3/osgi-resource-locator-1.0.3.jar
2025-07-17 19:54:13,605 [BasicRepositoryConnector-repo.maven.apache.org-1-3] INFO  o.e.m.c.i.e.AbstractTransferListenerAdapter - Downloading https://repo.maven.apache.org/maven2/org/glassfish/jersey/core/jersey-server/4.0.0-M2/jersey-server-4.0.0-M2.jar
2025-07-17 19:54:13,673 [BasicRepositoryConnector-repo.maven.apache.org-1-0] INFO  o.e.m.c.i.e.AbstractTransferListenerAdapter - Downloading https://repo.maven.apache.org/maven2/org/glassfish/jersey/core/jersey-client/4.0.0-M2/jersey-client-4.0.0-M2.jar
2025-07-17 19:54:13,679 [BasicRepositoryConnector-repo.maven.apache.org-1-2] INFO  o.e.m.c.i.e.AbstractTransferListenerAdapter - Downloading https://repo.maven.apache.org/maven2/jakarta/validation/jakarta.validation-api/3.1.0/jakarta.validation-api-3.1.0.jar
2025-07-17 19:54:13,836 [BasicRepositoryConnector-repo.maven.apache.org-1-2] INFO  o.e.m.c.i.e.AbstractTransferListenerAdapter - Downloaded https://repo.maven.apache.org/maven2/jakarta/validation/jakarta.validation-api/3.1.0/jakarta.validation-api-3.1.0.jar
2025-07-17 19:54:13,865 [BasicRepositoryConnector-repo.maven.apache.org-1-1] INFO  o.e.m.c.i.e.AbstractTransferListenerAdapter - Downloaded https://repo.maven.apache.org/maven2/org/glassfish/jersey/core/jersey-common/4.0.0-M2/jersey-common-4.0.0-M2.jar
2025-07-17 19:54:13,869 [BasicRepositoryConnector-repo.maven.apache.org-1-4] INFO  o.e.m.c.i.e.AbstractTransferListenerAdapter - Downloaded https://repo.maven.apache.org/maven2/com/google/guava/guava/17.0/guava-17.0.jar
2025-07-17 19:54:13,885 [BasicRepositoryConnector-repo.maven.apache.org-1-2] INFO  o.e.m.c.i.e.AbstractTransferListenerAdapter - Downloading https://repo.maven.apache.org/maven2/jakarta/ws/rs/jakarta.ws.rs-api/4.0.0/jakarta.ws.rs-api-4.0.0.jar
2025-07-17 19:54:13,886 [BasicRepositoryConnector-repo.maven.apache.org-1-0] INFO  o.e.m.c.i.e.AbstractTransferListenerAdapter - Downloaded https://repo.maven.apache.org/maven2/org/glassfish/jersey/core/jersey-client/4.0.0-M2/jersey-client-4.0.0-M2.jar
2025-07-17 19:54:13,895 [BasicRepositoryConnector-repo.maven.apache.org-1-1] INFO  o.e.m.c.i.e.AbstractTransferListenerAdapter - Downloading https://repo.maven.apache.org/maven2/org/glassfish/jersey/inject/jersey-hk2/4.0.0-M2/jersey-hk2-4.0.0-M2.jar
2025-07-17 19:54:13,896 [BasicRepositoryConnector-repo.maven.apache.org-1-4] INFO  o.e.m.c.i.e.AbstractTransferListenerAdapter - Downloading https://repo.maven.apache.org/maven2/org/glassfish/hk2/hk2-locator/4.0.0-M3/hk2-locator-4.0.0-M3.jar
2025-07-17 19:54:13,926 [BasicRepositoryConnector-repo.maven.apache.org-1-0] INFO  o.e.m.c.i.e.AbstractTransferListenerAdapter - Downloading https://repo.maven.apache.org/maven2/org/glassfish/hk2/external/aopalliance-repackaged/4.0.0-M3/aopalliance-repackaged-4.0.0-M3.jar
2025-07-17 19:54:13,995 [BasicRepositoryConnector-repo.maven.apache.org-1-2] INFO  o.e.m.c.i.e.AbstractTransferListenerAdapter - Downloaded https://repo.maven.apache.org/maven2/jakarta/ws/rs/jakarta.ws.rs-api/4.0.0/jakarta.ws.rs-api-4.0.0.jar
2025-07-17 19:54:13,995 [BasicRepositoryConnector-repo.maven.apache.org-1-1] INFO  o.e.m.c.i.e.AbstractTransferListenerAdapter - Downloaded https://repo.maven.apache.org/maven2/org/glassfish/jersey/inject/jersey-hk2/4.0.0-M2/jersey-hk2-4.0.0-M2.jar
2025-07-17 19:54:14,028 [BasicRepositoryConnector-repo.maven.apache.org-1-4] INFO  o.e.m.c.i.e.AbstractTransferListenerAdapter - Downloaded https://repo.maven.apache.org/maven2/org/glassfish/hk2/hk2-locator/4.0.0-M3/hk2-locator-4.0.0-M3.jar
2025-07-17 19:54:14,031 [BasicRepositoryConnector-repo.maven.apache.org-1-1] INFO  o.e.m.c.i.e.AbstractTransferListenerAdapter - Downloading https://repo.maven.apache.org/maven2/org/glassfish/hk2/hk2-api/4.0.0-M3/hk2-api-4.0.0-M3.jar
2025-07-17 19:54:14,031 [BasicRepositoryConnector-repo.maven.apache.org-1-2] INFO  o.e.m.c.i.e.AbstractTransferListenerAdapter - Downloading https://repo.maven.apache.org/maven2/org/glassfish/hk2/hk2-utils/4.0.0-M3/hk2-utils-4.0.0-M3.jar
2025-07-17 19:54:14,043 [BasicRepositoryConnector-repo.maven.apache.org-1-3] INFO  o.e.m.c.i.e.AbstractTransferListenerAdapter - Downloaded https://repo.maven.apache.org/maven2/org/glassfish/jersey/core/jersey-server/4.0.0-M2/jersey-server-4.0.0-M2.jar
2025-07-17 19:54:14,094 [BasicRepositoryConnector-repo.maven.apache.org-1-2] INFO  o.e.m.c.i.e.AbstractTransferListenerAdapter - Downloaded https://repo.maven.apache.org/maven2/org/glassfish/hk2/hk2-utils/4.0.0-M3/hk2-utils-4.0.0-M3.jar
2025-07-17 19:54:14,137 [BasicRepositoryConnector-repo.maven.apache.org-1-1] INFO  o.e.m.c.i.e.AbstractTransferListenerAdapter - Downloaded https://repo.maven.apache.org/maven2/org/glassfish/hk2/hk2-api/4.0.0-M3/hk2-api-4.0.0-M3.jar
2025-07-17 19:54:14,370 [BasicRepositoryConnector-repo.maven.apache.org-1-0] INFO  o.e.m.c.i.e.AbstractTransferListenerAdapter - Downloaded https://repo.maven.apache.org/maven2/org/glassfish/hk2/external/aopalliance-repackaged/4.0.0-M3/aopalliance-repackaged-4.0.0-M3.jar
2025-07-17 19:54:14,973 [Worker-36: Building] INFO  o.e.m.c.i.e.AbstractTransferListenerAdapter - Downloading https://repo.maven.apache.org/maven2/org/apache/maven/plugins/maven-war-plugin/3.4.0/maven-war-plugin-3.4.0.pom
2025-07-17 19:54:15,020 [Worker-36: Building] INFO  o.e.m.c.i.e.AbstractTransferListenerAdapter - Downloaded https://repo.maven.apache.org/maven2/org/apache/maven/plugins/maven-war-plugin/3.4.0/maven-war-plugin-3.4.0.pom
2025-07-17 19:54:15,064 [Worker-36: Building] INFO  o.e.m.c.i.e.AbstractTransferListenerAdapter - Downloading https://repo.maven.apache.org/maven2/org/apache/maven/plugins/maven-plugins/39/maven-plugins-39.pom
2025-07-17 19:54:15,108 [Worker-36: Building] INFO  o.e.m.c.i.e.AbstractTransferListenerAdapter - Downloaded https://repo.maven.apache.org/maven2/org/apache/maven/plugins/maven-plugins/39/maven-plugins-39.pom
2025-07-17 19:54:15,255 [Worker-36: Building] INFO  o.e.m.c.i.e.AbstractTransferListenerAdapter - Downloading https://repo.maven.apache.org/maven2/org/apache/maven/plugins/maven-resources-plugin/3.3.1/maven-resources-plugin-3.3.1.pom
2025-07-17 19:54:15,284 [Worker-36: Building] INFO  o.e.m.c.i.e.AbstractTransferListenerAdapter - Downloaded https://repo.maven.apache.org/maven2/org/apache/maven/plugins/maven-resources-plugin/3.3.1/maven-resources-plugin-3.3.1.pom
2025-07-17 19:54:15,329 [Worker-36: Building] INFO  o.e.m.c.i.e.AbstractTransferListenerAdapter - Downloading https://repo.maven.apache.org/maven2/org/apache/maven/plugins/maven-surefire-plugin/3.2.5/maven-surefire-plugin-3.2.5.pom
2025-07-17 19:54:15,360 [Worker-36: Building] INFO  o.e.m.c.i.e.AbstractTransferListenerAdapter - Downloaded https://repo.maven.apache.org/maven2/org/apache/maven/plugins/maven-surefire-plugin/3.2.5/maven-surefire-plugin-3.2.5.pom
2025-07-17 19:54:15,396 [Worker-36: Building] INFO  o.e.m.c.i.e.AbstractTransferListenerAdapter - Downloading https://repo.maven.apache.org/maven2/org/apache/maven/surefire/surefire/3.2.5/surefire-3.2.5.pom
2025-07-17 19:54:15,434 [Worker-36: Building] INFO  o.e.m.c.i.e.AbstractTransferListenerAdapter - Downloaded https://repo.maven.apache.org/maven2/org/apache/maven/surefire/surefire/3.2.5/surefire-3.2.5.pom
2025-07-17 19:54:15,502 [Worker-36: Building] INFO  o.e.m.c.i.e.AbstractTransferListenerAdapter - Downloading https://repo.maven.apache.org/maven2/org/apache/maven/maven-archiver/3.6.0/maven-archiver-3.6.0.pom
2025-07-17 19:54:15,541 [Worker-36: Building] INFO  o.e.m.c.i.e.AbstractTransferListenerAdapter - Downloaded https://repo.maven.apache.org/maven2/org/apache/maven/maven-archiver/3.6.0/maven-archiver-3.6.0.pom
2025-07-17 19:54:15,581 [Worker-36: Building] INFO  o.e.m.c.i.e.AbstractTransferListenerAdapter - Downloading https://repo.maven.apache.org/maven2/org/apache/maven/shared/maven-shared-components/36/maven-shared-components-36.pom
2025-07-17 19:54:15,617 [Worker-36: Building] INFO  o.e.m.c.i.e.AbstractTransferListenerAdapter - Downloaded https://repo.maven.apache.org/maven2/org/apache/maven/shared/maven-shared-components/36/maven-shared-components-36.pom
2025-07-17 19:54:15,650 [Worker-36: Building] INFO  o.e.m.c.i.e.AbstractTransferListenerAdapter - Downloading https://repo.maven.apache.org/maven2/org/apache/maven/maven-parent/36/maven-parent-36.pom
2025-07-17 19:54:15,698 [Worker-36: Building] INFO  o.e.m.c.i.e.AbstractTransferListenerAdapter - Downloaded https://repo.maven.apache.org/maven2/org/apache/maven/maven-parent/36/maven-parent-36.pom
2025-07-17 19:54:15,746 [Worker-36: Building] INFO  o.e.m.c.i.e.AbstractTransferListenerAdapter - Downloading https://repo.maven.apache.org/maven2/org/apache/apache/26/apache-26.pom
2025-07-17 19:54:15,800 [Worker-36: Building] INFO  o.e.m.c.i.e.AbstractTransferListenerAdapter - Downloaded https://repo.maven.apache.org/maven2/org/apache/apache/26/apache-26.pom
2025-07-17 19:54:15,855 [Worker-36: Building] INFO  o.e.m.c.i.e.AbstractTransferListenerAdapter - Downloading https://repo.maven.apache.org/maven2/org/codehaus/plexus/plexus-io/3.4.0/plexus-io-3.4.0.pom
2025-07-17 19:54:15,907 [Worker-36: Building] INFO  o.e.m.c.i.e.AbstractTransferListenerAdapter - Downloaded https://repo.maven.apache.org/maven2/org/codehaus/plexus/plexus-io/3.4.0/plexus-io-3.4.0.pom
2025-07-17 19:54:15,938 [Worker-36: Building] INFO  o.e.m.c.i.e.AbstractTransferListenerAdapter - Downloading https://repo.maven.apache.org/maven2/org/codehaus/plexus/plexus/10/plexus-10.pom
2025-07-17 19:54:15,989 [Worker-36: Building] INFO  o.e.m.c.i.e.AbstractTransferListenerAdapter - Downloaded https://repo.maven.apache.org/maven2/org/codehaus/plexus/plexus/10/plexus-10.pom
2025-07-17 19:54:16,038 [Worker-36: Building] INFO  o.e.m.c.i.e.AbstractTransferListenerAdapter - Downloading https://repo.maven.apache.org/maven2/org/codehaus/plexus/plexus-utils/3.5.0/plexus-utils-3.5.0.pom
2025-07-17 19:54:16,071 [Worker-36: Building] INFO  o.e.m.c.i.e.AbstractTransferListenerAdapter - Downloaded https://repo.maven.apache.org/maven2/org/codehaus/plexus/plexus-utils/3.5.0/plexus-utils-3.5.0.pom
2025-07-17 19:54:16,112 [Worker-36: Building] INFO  o.e.m.c.i.e.AbstractTransferListenerAdapter - Downloading https://repo.maven.apache.org/maven2/org/codehaus/plexus/plexus-archiver/4.4.0/plexus-archiver-4.4.0.pom
2025-07-17 19:54:16,147 [Worker-36: Building] INFO  o.e.m.c.i.e.AbstractTransferListenerAdapter - Downloaded https://repo.maven.apache.org/maven2/org/codehaus/plexus/plexus-archiver/4.4.0/plexus-archiver-4.4.0.pom
2025-07-17 19:54:16,176 [Worker-36: Building] INFO  o.e.m.c.i.e.AbstractTransferListenerAdapter - Downloading https://repo.maven.apache.org/maven2/org/apache/commons/commons-compress/1.21/commons-compress-1.21.pom
2025-07-17 19:54:16,229 [Worker-36: Building] INFO  o.e.m.c.i.e.AbstractTransferListenerAdapter - Downloaded https://repo.maven.apache.org/maven2/org/apache/commons/commons-compress/1.21/commons-compress-1.21.pom
2025-07-17 19:54:16,274 [Worker-36: Building] INFO  o.e.m.c.i.e.AbstractTransferListenerAdapter - Downloading https://repo.maven.apache.org/maven2/org/iq80/snappy/snappy/0.4/snappy-0.4.pom
2025-07-17 19:54:16,314 [Worker-36: Building] INFO  o.e.m.c.i.e.AbstractTransferListenerAdapter - Downloaded https://repo.maven.apache.org/maven2/org/iq80/snappy/snappy/0.4/snappy-0.4.pom
2025-07-17 19:54:16,377 [Worker-36: Building] INFO  o.e.m.c.i.e.AbstractTransferListenerAdapter - Downloading https://repo.maven.apache.org/maven2/org/tukaani/xz/1.9/xz-1.9.pom
2025-07-17 19:54:16,400 [Worker-36: Building] INFO  o.e.m.c.i.e.AbstractTransferListenerAdapter - Downloaded https://repo.maven.apache.org/maven2/org/tukaani/xz/1.9/xz-1.9.pom
2025-07-17 19:54:16,431 [Worker-36: Building] INFO  o.e.m.c.i.e.AbstractTransferListenerAdapter - Downloading https://repo.maven.apache.org/maven2/org/codehaus/plexus/plexus-interpolation/1.26/plexus-interpolation-1.26.pom
2025-07-17 19:54:16,453 [Worker-36: Building] INFO  o.e.m.c.i.e.AbstractTransferListenerAdapter - Downloaded https://repo.maven.apache.org/maven2/org/codehaus/plexus/plexus-interpolation/1.26/plexus-interpolation-1.26.pom
2025-07-17 19:54:16,483 [Worker-36: Building] INFO  o.e.m.c.i.e.AbstractTransferListenerAdapter - Downloading https://repo.maven.apache.org/maven2/org/codehaus/plexus/plexus/5.1/plexus-5.1.pom
2025-07-17 19:54:16,528 [Worker-36: Building] INFO  o.e.m.c.i.e.AbstractTransferListenerAdapter - Downloaded https://repo.maven.apache.org/maven2/org/codehaus/plexus/plexus/5.1/plexus-5.1.pom
2025-07-17 19:54:16,595 [Worker-36: Building] INFO  o.e.m.c.i.e.AbstractTransferListenerAdapter - Downloading https://repo.maven.apache.org/maven2/commons-io/commons-io/2.13.0/commons-io-2.13.0.pom
2025-07-17 19:54:16,630 [Worker-36: Building] INFO  o.e.m.c.i.e.AbstractTransferListenerAdapter - Downloaded https://repo.maven.apache.org/maven2/commons-io/commons-io/2.13.0/commons-io-2.13.0.pom
2025-07-17 19:54:16,712 [Worker-36: Building] INFO  o.e.m.c.i.e.AbstractTransferListenerAdapter - Downloading https://repo.maven.apache.org/maven2/org/apache/commons/commons-parent/58/commons-parent-58.pom
2025-07-17 19:54:16,756 [Worker-36: Building] INFO  o.e.m.c.i.e.AbstractTransferListenerAdapter - Downloaded https://repo.maven.apache.org/maven2/org/apache/commons/commons-parent/58/commons-parent-58.pom
2025-07-17 19:54:16,808 [Worker-36: Building] INFO  o.e.m.c.i.e.AbstractTransferListenerAdapter - Downloading https://repo.maven.apache.org/maven2/org/codehaus/plexus/plexus-archiver/4.7.1/plexus-archiver-4.7.1.pom
2025-07-17 19:54:16,854 [Worker-36: Building] INFO  o.e.m.c.i.e.AbstractTransferListenerAdapter - Downloaded https://repo.maven.apache.org/maven2/org/codehaus/plexus/plexus-archiver/4.7.1/plexus-archiver-4.7.1.pom
2025-07-17 19:54:16,894 [Worker-36: Building] INFO  o.e.m.c.i.e.AbstractTransferListenerAdapter - Downloading https://repo.maven.apache.org/maven2/org/codehaus/plexus/plexus-io/3.4.1/plexus-io-3.4.1.pom
2025-07-17 19:54:16,928 [Worker-36: Building] INFO  o.e.m.c.i.e.AbstractTransferListenerAdapter - Downloaded https://repo.maven.apache.org/maven2/org/codehaus/plexus/plexus-io/3.4.1/plexus-io-3.4.1.pom
2025-07-17 19:54:16,966 [Worker-36: Building] INFO  o.e.m.c.i.e.AbstractTransferListenerAdapter - Downloading https://repo.maven.apache.org/maven2/org/apache/commons/commons-compress/1.23.0/commons-compress-1.23.0.pom
2025-07-17 19:54:17,000 [Worker-36: Building] INFO  o.e.m.c.i.e.AbstractTransferListenerAdapter - Downloaded https://repo.maven.apache.org/maven2/org/apache/commons/commons-compress/1.23.0/commons-compress-1.23.0.pom
2025-07-17 19:54:17,036 [Worker-36: Building] INFO  o.e.m.c.i.e.AbstractTransferListenerAdapter - Downloading https://repo.maven.apache.org/maven2/org/apache/commons/commons-parent/56/commons-parent-56.pom
2025-07-17 19:54:17,092 [Worker-36: Building] INFO  o.e.m.c.i.e.AbstractTransferListenerAdapter - Downloaded https://repo.maven.apache.org/maven2/org/apache/commons/commons-parent/56/commons-parent-56.pom
2025-07-17 19:54:17,134 [Worker-36: Building] INFO  o.e.m.c.i.e.AbstractTransferListenerAdapter - Downloading https://repo.maven.apache.org/maven2/org/junit/junit-bom/5.9.1/junit-bom-5.9.1.pom
2025-07-17 19:54:17,160 [Worker-36: Building] INFO  o.e.m.c.i.e.AbstractTransferListenerAdapter - Downloaded https://repo.maven.apache.org/maven2/org/junit/junit-bom/5.9.1/junit-bom-5.9.1.pom
2025-07-17 19:54:17,193 [Worker-36: Building] INFO  o.e.m.c.i.e.AbstractTransferListenerAdapter - Downloading https://repo.maven.apache.org/maven2/com/github/luben/zstd-jni/1.5.5-2/zstd-jni-1.5.5-2.pom
2025-07-17 19:54:17,226 [Worker-36: Building] INFO  o.e.m.c.i.e.AbstractTransferListenerAdapter - Downloaded https://repo.maven.apache.org/maven2/com/github/luben/zstd-jni/1.5.5-2/zstd-jni-1.5.5-2.pom
2025-07-17 19:54:17,262 [Worker-36: Building] INFO  o.e.m.c.i.e.AbstractTransferListenerAdapter - Downloading https://repo.maven.apache.org/maven2/org/codehaus/plexus/plexus-utils/3.5.1/plexus-utils-3.5.1.pom
2025-07-17 19:54:17,295 [Worker-36: Building] INFO  o.e.m.c.i.e.AbstractTransferListenerAdapter - Downloaded https://repo.maven.apache.org/maven2/org/codehaus/plexus/plexus-utils/3.5.1/plexus-utils-3.5.1.pom
2025-07-17 19:54:17,350 [Worker-36: Building] INFO  o.e.m.c.i.e.AbstractTransferListenerAdapter - Downloading https://repo.maven.apache.org/maven2/org/apache/maven/shared/maven-filtering/3.3.1/maven-filtering-3.3.1.pom
2025-07-17 19:54:17,390 [Worker-36: Building] INFO  o.e.m.c.i.e.AbstractTransferListenerAdapter - Downloaded https://repo.maven.apache.org/maven2/org/apache/maven/shared/maven-filtering/3.3.1/maven-filtering-3.3.1.pom
2025-07-17 19:54:17,425 [Worker-36: Building] INFO  o.e.m.c.i.e.AbstractTransferListenerAdapter - Downloading https://repo.maven.apache.org/maven2/org/sonatype/plexus/plexus-build-api/0.0.7/plexus-build-api-0.0.7.pom
2025-07-17 19:54:17,465 [Worker-36: Building] INFO  o.e.m.c.i.e.AbstractTransferListenerAdapter - Downloaded https://repo.maven.apache.org/maven2/org/sonatype/plexus/plexus-build-api/0.0.7/plexus-build-api-0.0.7.pom
2025-07-17 19:54:17,503 [Worker-36: Building] INFO  o.e.m.c.i.e.AbstractTransferListenerAdapter - Downloading https://repo.maven.apache.org/maven2/org/sonatype/spice/spice-parent/15/spice-parent-15.pom
2025-07-17 19:54:17,557 [Worker-36: Building] INFO  o.e.m.c.i.e.AbstractTransferListenerAdapter - Downloaded https://repo.maven.apache.org/maven2/org/sonatype/spice/spice-parent/15/spice-parent-15.pom
2025-07-17 19:54:17,609 [Worker-36: Building] INFO  o.e.m.c.i.e.AbstractTransferListenerAdapter - Downloading https://repo.maven.apache.org/maven2/org/sonatype/forge/forge-parent/5/forge-parent-5.pom
2025-07-17 19:54:17,648 [Worker-36: Building] INFO  o.e.m.c.i.e.AbstractTransferListenerAdapter - Downloaded https://repo.maven.apache.org/maven2/org/sonatype/forge/forge-parent/5/forge-parent-5.pom
2025-07-17 19:54:17,715 [Worker-36: Building] INFO  o.e.m.c.i.e.AbstractTransferListenerAdapter - Downloading https://repo.maven.apache.org/maven2/org/apache/maven/shared/maven-mapping/3.0.0/maven-mapping-3.0.0.pom
2025-07-17 19:54:17,750 [Worker-36: Building] INFO  o.e.m.c.i.e.AbstractTransferListenerAdapter - Downloaded https://repo.maven.apache.org/maven2/org/apache/maven/shared/maven-mapping/3.0.0/maven-mapping-3.0.0.pom
2025-07-17 19:54:17,788 [Worker-36: Building] INFO  o.e.m.c.i.e.AbstractTransferListenerAdapter - Downloading https://repo.maven.apache.org/maven2/org/apache/maven/shared/maven-shared-components/22/maven-shared-components-22.pom
2025-07-17 19:54:17,835 [Worker-36: Building] INFO  o.e.m.c.i.e.AbstractTransferListenerAdapter - Downloaded https://repo.maven.apache.org/maven2/org/apache/maven/shared/maven-shared-components/22/maven-shared-components-22.pom
2025-07-17 19:54:17,869 [Worker-36: Building] INFO  o.e.m.c.i.e.AbstractTransferListenerAdapter - Downloading https://repo.maven.apache.org/maven2/org/apache/maven/maven-parent/27/maven-parent-27.pom
2025-07-17 19:54:17,928 [Worker-36: Building] INFO  o.e.m.c.i.e.AbstractTransferListenerAdapter - Downloaded https://repo.maven.apache.org/maven2/org/apache/maven/maven-parent/27/maven-parent-27.pom
2025-07-17 19:54:18,017 [Worker-36: Building] INFO  o.e.m.c.i.e.AbstractTransferListenerAdapter - Downloading https://repo.maven.apache.org/maven2/org/apache/apache/17/apache-17.pom
2025-07-17 19:54:18,064 [Worker-36: Building] INFO  o.e.m.c.i.e.AbstractTransferListenerAdapter - Downloaded https://repo.maven.apache.org/maven2/org/apache/apache/17/apache-17.pom
2025-07-17 19:54:18,150 [Worker-36: Building] INFO  o.e.m.c.i.e.AbstractTransferListenerAdapter - Downloading https://repo.maven.apache.org/maven2/org/apache/maven/maven-core/3.0/maven-core-3.0.pom
2025-07-17 19:54:18,178 [Worker-36: Building] INFO  o.e.m.c.i.e.AbstractTransferListenerAdapter - Downloaded https://repo.maven.apache.org/maven2/org/apache/maven/maven-core/3.0/maven-core-3.0.pom
2025-07-17 19:54:18,279 [Worker-36: Building] INFO  o.e.m.c.i.e.AbstractTransferListenerAdapter - Downloading https://repo.maven.apache.org/maven2/org/apache/maven/maven/3.0/maven-3.0.pom
2025-07-17 19:54:18,312 [Worker-36: Building] INFO  o.e.m.c.i.e.AbstractTransferListenerAdapter - Downloaded https://repo.maven.apache.org/maven2/org/apache/maven/maven/3.0/maven-3.0.pom
2025-07-17 19:54:18,383 [Worker-36: Building] INFO  o.e.m.c.i.e.AbstractTransferListenerAdapter - Downloading https://repo.maven.apache.org/maven2/org/apache/maven/maven-parent/15/maven-parent-15.pom
2025-07-17 19:54:18,431 [Worker-36: Building] INFO  o.e.m.c.i.e.AbstractTransferListenerAdapter - Downloaded https://repo.maven.apache.org/maven2/org/apache/maven/maven-parent/15/maven-parent-15.pom
2025-07-17 19:54:18,500 [Worker-36: Building] INFO  o.e.m.c.i.e.AbstractTransferListenerAdapter - Downloading https://repo.maven.apache.org/maven2/org/apache/apache/6/apache-6.pom
2025-07-17 19:54:18,549 [Worker-36: Building] INFO  o.e.m.c.i.e.AbstractTransferListenerAdapter - Downloaded https://repo.maven.apache.org/maven2/org/apache/apache/6/apache-6.pom
2025-07-17 19:54:18,599 [Worker-36: Building] INFO  o.e.m.c.i.e.AbstractTransferListenerAdapter - Downloading https://repo.maven.apache.org/maven2/org/apache/maven/maven-model/3.0/maven-model-3.0.pom
2025-07-17 19:54:18,645 [Worker-36: Building] INFO  o.e.m.c.i.e.AbstractTransferListenerAdapter - Downloaded https://repo.maven.apache.org/maven2/org/apache/maven/maven-model/3.0/maven-model-3.0.pom
2025-07-17 19:54:18,764 [Worker-36: Building] INFO  o.e.m.c.i.e.AbstractTransferListenerAdapter - Downloading https://repo.maven.apache.org/maven2/org/apache/maven/maven-settings/3.2.5/maven-settings-3.2.5.pom
2025-07-17 19:54:18,804 [Worker-36: Building] INFO  o.e.m.c.i.e.AbstractTransferListenerAdapter - Downloaded https://repo.maven.apache.org/maven2/org/apache/maven/maven-settings/3.2.5/maven-settings-3.2.5.pom
2025-07-17 19:54:18,887 [Worker-36: Building] INFO  o.e.m.c.i.e.AbstractTransferListenerAdapter - Downloading https://repo.maven.apache.org/maven2/org/apache/maven/maven/3.2.5/maven-3.2.5.pom
2025-07-17 19:54:18,935 [Worker-36: Building] INFO  o.e.m.c.i.e.AbstractTransferListenerAdapter - Downloaded https://repo.maven.apache.org/maven2/org/apache/maven/maven/3.2.5/maven-3.2.5.pom
2025-07-17 19:54:19,002 [Worker-36: Building] INFO  o.e.m.c.i.e.AbstractTransferListenerAdapter - Downloading https://repo.maven.apache.org/maven2/org/apache/maven/maven-parent/25/maven-parent-25.pom
2025-07-17 19:54:19,060 [Worker-36: Building] INFO  o.e.m.c.i.e.AbstractTransferListenerAdapter - Downloaded https://repo.maven.apache.org/maven2/org/apache/maven/maven-parent/25/maven-parent-25.pom
2025-07-17 19:54:19,122 [Worker-36: Building] INFO  o.e.m.c.i.e.AbstractTransferListenerAdapter - Downloading https://repo.maven.apache.org/maven2/org/apache/maven/maven-settings-builder/3.0/maven-settings-builder-3.0.pom
2025-07-17 19:54:19,159 [Worker-36: Building] INFO  o.e.m.c.i.e.AbstractTransferListenerAdapter - Downloaded https://repo.maven.apache.org/maven2/org/apache/maven/maven-settings-builder/3.0/maven-settings-builder-3.0.pom
2025-07-17 19:54:19,217 [Worker-36: Building] INFO  o.e.m.c.i.e.AbstractTransferListenerAdapter - Downloading https://repo.maven.apache.org/maven2/org/codehaus/plexus/plexus-interpolation/1.14/plexus-interpolation-1.14.pom
2025-07-17 19:54:19,252 [Worker-36: Building] INFO  o.e.m.c.i.e.AbstractTransferListenerAdapter - Downloaded https://repo.maven.apache.org/maven2/org/codehaus/plexus/plexus-interpolation/1.14/plexus-interpolation-1.14.pom
2025-07-17 19:54:19,293 [Worker-36: Building] INFO  o.e.m.c.i.e.AbstractTransferListenerAdapter - Downloading https://repo.maven.apache.org/maven2/org/codehaus/plexus/plexus-components/1.1.18/plexus-components-1.1.18.pom
2025-07-17 19:54:19,325 [Worker-36: Building] INFO  o.e.m.c.i.e.AbstractTransferListenerAdapter - Downloaded https://repo.maven.apache.org/maven2/org/codehaus/plexus/plexus-components/1.1.18/plexus-components-1.1.18.pom
2025-07-17 19:54:19,379 [Worker-36: Building] INFO  o.e.m.c.i.e.AbstractTransferListenerAdapter - Downloading https://repo.maven.apache.org/maven2/org/codehaus/plexus/plexus/2.0.7/plexus-2.0.7.pom
2025-07-17 19:54:19,426 [Worker-36: Building] INFO  o.e.m.c.i.e.AbstractTransferListenerAdapter - Downloaded https://repo.maven.apache.org/maven2/org/codehaus/plexus/plexus/2.0.7/plexus-2.0.7.pom
2025-07-17 19:54:19,470 [Worker-36: Building] INFO  o.e.m.c.i.e.AbstractTransferListenerAdapter - Downloading https://repo.maven.apache.org/maven2/org/codehaus/plexus/plexus-component-annotations/1.5.5/plexus-component-annotations-1.5.5.pom
2025-07-17 19:54:19,510 [Worker-36: Building] INFO  o.e.m.c.i.e.AbstractTransferListenerAdapter - Downloaded https://repo.maven.apache.org/maven2/org/codehaus/plexus/plexus-component-annotations/1.5.5/plexus-component-annotations-1.5.5.pom
2025-07-17 19:54:19,584 [Worker-36: Building] INFO  o.e.m.c.i.e.AbstractTransferListenerAdapter - Downloading https://repo.maven.apache.org/maven2/org/codehaus/plexus/plexus-containers/1.5.5/plexus-containers-1.5.5.pom
2025-07-17 19:54:19,619 [Worker-36: Building] INFO  o.e.m.c.i.e.AbstractTransferListenerAdapter - Downloaded https://repo.maven.apache.org/maven2/org/codehaus/plexus/plexus-containers/1.5.5/plexus-containers-1.5.5.pom
2025-07-17 19:54:19,662 [Worker-36: Building] INFO  o.e.m.c.i.e.AbstractTransferListenerAdapter - Downloading https://repo.maven.apache.org/maven2/org/sonatype/plexus/plexus-sec-dispatcher/1.3/plexus-sec-dispatcher-1.3.pom
2025-07-17 19:54:19,683 [Worker-36: Building] INFO  o.e.m.c.i.e.AbstractTransferListenerAdapter - Downloaded https://repo.maven.apache.org/maven2/org/sonatype/plexus/plexus-sec-dispatcher/1.3/plexus-sec-dispatcher-1.3.pom
2025-07-17 19:54:19,737 [Worker-36: Building] INFO  o.e.m.c.i.e.AbstractTransferListenerAdapter - Downloading https://repo.maven.apache.org/maven2/org/sonatype/spice/spice-parent/12/spice-parent-12.pom
2025-07-17 19:54:19,763 [Worker-36: Building] INFO  o.e.m.c.i.e.AbstractTransferListenerAdapter - Downloaded https://repo.maven.apache.org/maven2/org/sonatype/spice/spice-parent/12/spice-parent-12.pom
2025-07-17 19:54:19,809 [Worker-36: Building] INFO  o.e.m.c.i.e.AbstractTransferListenerAdapter - Downloading https://repo.maven.apache.org/maven2/org/sonatype/forge/forge-parent/4/forge-parent-4.pom
2025-07-17 19:54:19,848 [Worker-36: Building] INFO  o.e.m.c.i.e.AbstractTransferListenerAdapter - Downloaded https://repo.maven.apache.org/maven2/org/sonatype/forge/forge-parent/4/forge-parent-4.pom
2025-07-17 19:54:19,920 [Worker-36: Building] INFO  o.e.m.c.i.e.AbstractTransferListenerAdapter - Downloading https://repo.maven.apache.org/maven2/org/sonatype/plexus/plexus-cipher/1.4/plexus-cipher-1.4.pom
2025-07-17 19:54:19,948 [Worker-36: Building] INFO  o.e.m.c.i.e.AbstractTransferListenerAdapter - Downloaded https://repo.maven.apache.org/maven2/org/sonatype/plexus/plexus-cipher/1.4/plexus-cipher-1.4.pom
2025-07-17 19:54:19,999 [Worker-36: Building] INFO  o.e.m.c.i.e.AbstractTransferListenerAdapter - Downloading https://repo.maven.apache.org/maven2/org/apache/maven/maven-repository-metadata/3.0/maven-repository-metadata-3.0.pom
2025-07-17 19:54:20,034 [Worker-36: Building] INFO  o.e.m.c.i.e.AbstractTransferListenerAdapter - Downloaded https://repo.maven.apache.org/maven2/org/apache/maven/maven-repository-metadata/3.0/maven-repository-metadata-3.0.pom
2025-07-17 19:54:20,091 [Worker-36: Building] INFO  o.e.m.c.i.e.AbstractTransferListenerAdapter - Downloading https://repo.maven.apache.org/maven2/org/apache/maven/maven-artifact/3.0/maven-artifact-3.0.pom
2025-07-17 19:54:20,112 [Worker-36: Building] INFO  o.e.m.c.i.e.AbstractTransferListenerAdapter - Downloaded https://repo.maven.apache.org/maven2/org/apache/maven/maven-artifact/3.0/maven-artifact-3.0.pom
2025-07-17 19:54:20,165 [Worker-36: Building] INFO  o.e.m.c.i.e.AbstractTransferListenerAdapter - Downloading https://repo.maven.apache.org/maven2/org/apache/maven/maven-plugin-api/3.0/maven-plugin-api-3.0.pom
2025-07-17 19:54:20,197 [Worker-36: Building] INFO  o.e.m.c.i.e.AbstractTransferListenerAdapter - Downloaded https://repo.maven.apache.org/maven2/org/apache/maven/maven-plugin-api/3.0/maven-plugin-api-3.0.pom
2025-07-17 19:54:20,243 [Worker-36: Building] INFO  o.e.m.c.i.e.AbstractTransferListenerAdapter - Downloading https://repo.maven.apache.org/maven2/org/sonatype/sisu/sisu-inject-plexus/1.4.2/sisu-inject-plexus-1.4.2.pom
2025-07-17 19:54:20,279 [Worker-36: Building] INFO  o.e.m.c.i.e.AbstractTransferListenerAdapter - Downloaded https://repo.maven.apache.org/maven2/org/sonatype/sisu/sisu-inject-plexus/1.4.2/sisu-inject-plexus-1.4.2.pom
2025-07-17 19:54:20,320 [Worker-36: Building] INFO  o.e.m.c.i.e.AbstractTransferListenerAdapter - Downloading https://repo.maven.apache.org/maven2/org/sonatype/sisu/inject/guice-plexus/1.4.2/guice-plexus-1.4.2.pom
2025-07-17 19:54:20,358 [Worker-36: Building] INFO  o.e.m.c.i.e.AbstractTransferListenerAdapter - Downloaded https://repo.maven.apache.org/maven2/org/sonatype/sisu/inject/guice-plexus/1.4.2/guice-plexus-1.4.2.pom
2025-07-17 19:54:20,416 [Worker-36: Building] INFO  o.e.m.c.i.e.AbstractTransferListenerAdapter - Downloading https://repo.maven.apache.org/maven2/org/sonatype/sisu/inject/guice-bean/1.4.2/guice-bean-1.4.2.pom
2025-07-17 19:54:20,437 [Worker-36: Building] INFO  o.e.m.c.i.e.AbstractTransferListenerAdapter - Downloaded https://repo.maven.apache.org/maven2/org/sonatype/sisu/inject/guice-bean/1.4.2/guice-bean-1.4.2.pom
2025-07-17 19:54:20,491 [Worker-36: Building] INFO  o.e.m.c.i.e.AbstractTransferListenerAdapter - Downloading https://repo.maven.apache.org/maven2/org/sonatype/sisu/sisu-inject/1.4.2/sisu-inject-1.4.2.pom
2025-07-17 19:54:20,512 [Worker-36: Building] INFO  o.e.m.c.i.e.AbstractTransferListenerAdapter - Downloaded https://repo.maven.apache.org/maven2/org/sonatype/sisu/sisu-inject/1.4.2/sisu-inject-1.4.2.pom
2025-07-17 19:54:20,580 [Worker-36: Building] INFO  o.e.m.c.i.e.AbstractTransferListenerAdapter - Downloading https://repo.maven.apache.org/maven2/org/sonatype/sisu/sisu-parent/1.4.2/sisu-parent-1.4.2.pom
2025-07-17 19:54:20,603 [Worker-36: Building] INFO  o.e.m.c.i.e.AbstractTransferListenerAdapter - Downloaded https://repo.maven.apache.org/maven2/org/sonatype/sisu/sisu-parent/1.4.2/sisu-parent-1.4.2.pom
2025-07-17 19:54:20,664 [Worker-36: Building] INFO  o.e.m.c.i.e.AbstractTransferListenerAdapter - Downloading https://repo.maven.apache.org/maven2/org/sonatype/forge/forge-parent/6/forge-parent-6.pom
2025-07-17 19:54:20,710 [Worker-36: Building] INFO  o.e.m.c.i.e.AbstractTransferListenerAdapter - Downloaded https://repo.maven.apache.org/maven2/org/sonatype/forge/forge-parent/6/forge-parent-6.pom
2025-07-17 19:54:20,764 [Worker-36: Building] INFO  o.e.m.c.i.e.AbstractTransferListenerAdapter - Downloading https://repo.maven.apache.org/maven2/org/codehaus/plexus/plexus-component-annotations/1.5.4/plexus-component-annotations-1.5.4.pom
2025-07-17 19:54:20,800 [Worker-36: Building] INFO  o.e.m.c.i.e.AbstractTransferListenerAdapter - Downloaded https://repo.maven.apache.org/maven2/org/codehaus/plexus/plexus-component-annotations/1.5.4/plexus-component-annotations-1.5.4.pom
2025-07-17 19:54:20,867 [Worker-36: Building] INFO  o.e.m.c.i.e.AbstractTransferListenerAdapter - Downloading https://repo.maven.apache.org/maven2/org/codehaus/plexus/plexus-containers/1.5.4/plexus-containers-1.5.4.pom
2025-07-17 19:54:20,898 [Worker-36: Building] INFO  o.e.m.c.i.e.AbstractTransferListenerAdapter - Downloaded https://repo.maven.apache.org/maven2/org/codehaus/plexus/plexus-containers/1.5.4/plexus-containers-1.5.4.pom
2025-07-17 19:54:20,959 [Worker-36: Building] INFO  o.e.m.c.i.e.AbstractTransferListenerAdapter - Downloading https://repo.maven.apache.org/maven2/org/codehaus/plexus/plexus/2.0.5/plexus-2.0.5.pom
2025-07-17 19:54:21,005 [Worker-36: Building] INFO  o.e.m.c.i.e.AbstractTransferListenerAdapter - Downloaded https://repo.maven.apache.org/maven2/org/codehaus/plexus/plexus/2.0.5/plexus-2.0.5.pom
2025-07-17 19:54:21,156 [Worker-36: Building] INFO  o.e.m.c.i.e.AbstractTransferListenerAdapter - Downloading https://repo.maven.apache.org/maven2/org/codehaus/plexus/plexus-classworlds/2.2.3/plexus-classworlds-2.2.3.pom
2025-07-17 19:54:21,208 [Worker-36: Building] INFO  o.e.m.c.i.e.AbstractTransferListenerAdapter - Downloaded https://repo.maven.apache.org/maven2/org/codehaus/plexus/plexus-classworlds/2.2.3/plexus-classworlds-2.2.3.pom
2025-07-17 19:54:21,240 [Worker-36: Building] INFO  o.e.m.c.i.e.AbstractTransferListenerAdapter - Downloading https://repo.maven.apache.org/maven2/org/codehaus/plexus/plexus/2.0.6/plexus-2.0.6.pom
2025-07-17 19:54:21,300 [Worker-36: Building] INFO  o.e.m.c.i.e.AbstractTransferListenerAdapter - Downloaded https://repo.maven.apache.org/maven2/org/codehaus/plexus/plexus/2.0.6/plexus-2.0.6.pom
2025-07-17 19:54:21,356 [Worker-36: Building] INFO  o.e.m.c.i.e.AbstractTransferListenerAdapter - Downloading https://repo.maven.apache.org/maven2/org/sonatype/sisu/sisu-inject-bean/1.4.2/sisu-inject-bean-1.4.2.pom
2025-07-17 19:54:21,390 [Worker-36: Building] INFO  o.e.m.c.i.e.AbstractTransferListenerAdapter - Downloaded https://repo.maven.apache.org/maven2/org/sonatype/sisu/sisu-inject-bean/1.4.2/sisu-inject-bean-1.4.2.pom
2025-07-17 19:54:21,430 [Worker-36: Building] INFO  o.e.m.c.i.e.AbstractTransferListenerAdapter - Downloading https://repo.maven.apache.org/maven2/org/sonatype/sisu/sisu-guice/2.1.7/sisu-guice-2.1.7.pom
2025-07-17 19:54:21,491 [Worker-36: Building] INFO  o.e.m.c.i.e.AbstractTransferListenerAdapter - Downloaded https://repo.maven.apache.org/maven2/org/sonatype/sisu/sisu-guice/2.1.7/sisu-guice-2.1.7.pom
2025-07-17 19:54:21,586 [Worker-36: Building] INFO  o.e.m.c.i.e.AbstractTransferListenerAdapter - Downloading https://repo.maven.apache.org/maven2/org/apache/maven/maven-model-builder/3.0/maven-model-builder-3.0.pom
2025-07-17 19:54:21,623 [Worker-36: Building] INFO  o.e.m.c.i.e.AbstractTransferListenerAdapter - Downloaded https://repo.maven.apache.org/maven2/org/apache/maven/maven-model-builder/3.0/maven-model-builder-3.0.pom
2025-07-17 19:54:21,697 [Worker-36: Building] INFO  o.e.m.c.i.e.AbstractTransferListenerAdapter - Downloading https://repo.maven.apache.org/maven2/org/apache/maven/maven-aether-provider/3.0/maven-aether-provider-3.0.pom
2025-07-17 19:54:21,734 [Worker-36: Building] INFO  o.e.m.c.i.e.AbstractTransferListenerAdapter - Downloaded https://repo.maven.apache.org/maven2/org/apache/maven/maven-aether-provider/3.0/maven-aether-provider-3.0.pom
2025-07-17 19:54:21,788 [Worker-36: Building] INFO  o.e.m.c.i.e.AbstractTransferListenerAdapter - Downloading https://repo.maven.apache.org/maven2/org/sonatype/aether/aether-api/1.7/aether-api-1.7.pom
2025-07-17 19:54:21,822 [Worker-36: Building] INFO  o.e.m.c.i.e.AbstractTransferListenerAdapter - Downloaded https://repo.maven.apache.org/maven2/org/sonatype/aether/aether-api/1.7/aether-api-1.7.pom
2025-07-17 19:54:21,911 [Worker-36: Building] INFO  o.e.m.c.i.e.AbstractTransferListenerAdapter - Downloading https://repo.maven.apache.org/maven2/org/sonatype/aether/aether-parent/1.7/aether-parent-1.7.pom
2025-07-17 19:54:21,956 [Worker-36: Building] INFO  o.e.m.c.i.e.AbstractTransferListenerAdapter - Downloaded https://repo.maven.apache.org/maven2/org/sonatype/aether/aether-parent/1.7/aether-parent-1.7.pom
2025-07-17 19:54:22,024 [Worker-36: Building] INFO  o.e.m.c.i.e.AbstractTransferListenerAdapter - Downloading https://repo.maven.apache.org/maven2/org/sonatype/aether/aether-util/1.7/aether-util-1.7.pom
2025-07-17 19:54:22,077 [Worker-36: Building] INFO  o.e.m.c.i.e.AbstractTransferListenerAdapter - Downloaded https://repo.maven.apache.org/maven2/org/sonatype/aether/aether-util/1.7/aether-util-1.7.pom
2025-07-17 19:54:22,183 [Worker-36: Building] INFO  o.e.m.c.i.e.AbstractTransferListenerAdapter - Downloading https://repo.maven.apache.org/maven2/org/sonatype/aether/aether-impl/1.7/aether-impl-1.7.pom
2025-07-17 19:54:22,220 [Worker-36: Building] INFO  o.e.m.c.i.e.AbstractTransferListenerAdapter - Downloaded https://repo.maven.apache.org/maven2/org/sonatype/aether/aether-impl/1.7/aether-impl-1.7.pom
2025-07-17 19:54:22,333 [Worker-36: Building] INFO  o.e.m.c.i.e.AbstractTransferListenerAdapter - Downloading https://repo.maven.apache.org/maven2/org/sonatype/aether/aether-spi/1.7/aether-spi-1.7.pom
2025-07-17 19:54:22,373 [Worker-36: Building] INFO  o.e.m.c.i.e.AbstractTransferListenerAdapter - Downloaded https://repo.maven.apache.org/maven2/org/sonatype/aether/aether-spi/1.7/aether-spi-1.7.pom
2025-07-17 19:54:22,435 [Worker-36: Building] INFO  o.e.m.c.i.e.AbstractTransferListenerAdapter - Downloading https://repo.maven.apache.org/maven2/org/codehaus/plexus/plexus-interpolation/1.21/plexus-interpolation-1.21.pom
2025-07-17 19:54:22,473 [Worker-36: Building] INFO  o.e.m.c.i.e.AbstractTransferListenerAdapter - Downloaded https://repo.maven.apache.org/maven2/org/codehaus/plexus/plexus-interpolation/1.21/plexus-interpolation-1.21.pom
2025-07-17 19:54:22,583 [Worker-36: Building] INFO  o.e.m.c.i.e.AbstractTransferListenerAdapter - Downloading https://repo.maven.apache.org/maven2/org/codehaus/plexus/plexus-components/1.3.1/plexus-components-1.3.1.pom
2025-07-17 19:54:22,620 [Worker-36: Building] INFO  o.e.m.c.i.e.AbstractTransferListenerAdapter - Downloaded https://repo.maven.apache.org/maven2/org/codehaus/plexus/plexus-components/1.3.1/plexus-components-1.3.1.pom
2025-07-17 19:54:22,737 [Worker-36: Building] INFO  o.e.m.c.i.e.AbstractTransferListenerAdapter - Downloading https://repo.maven.apache.org/maven2/org/codehaus/plexus/plexus/3.3.1/plexus-3.3.1.pom
2025-07-17 19:54:22,819 [Worker-36: Building] INFO  o.e.m.c.i.e.AbstractTransferListenerAdapter - Downloaded https://repo.maven.apache.org/maven2/org/codehaus/plexus/plexus/3.3.1/plexus-3.3.1.pom
2025-07-17 19:54:22,935 [Worker-36: Building] INFO  o.e.m.c.i.e.AbstractTransferListenerAdapter - Downloading https://repo.maven.apache.org/maven2/org/sonatype/spice/spice-parent/17/spice-parent-17.pom
2025-07-17 19:54:22,989 [Worker-36: Building] INFO  o.e.m.c.i.e.AbstractTransferListenerAdapter - Downloaded https://repo.maven.apache.org/maven2/org/sonatype/spice/spice-parent/17/spice-parent-17.pom
2025-07-17 19:54:23,076 [Worker-36: Building] INFO  o.e.m.c.i.e.AbstractTransferListenerAdapter - Downloading https://repo.maven.apache.org/maven2/org/sonatype/forge/forge-parent/10/forge-parent-10.pom
2025-07-17 19:54:23,124 [Worker-36: Building] INFO  o.e.m.c.i.e.AbstractTransferListenerAdapter - Downloaded https://repo.maven.apache.org/maven2/org/sonatype/forge/forge-parent/10/forge-parent-10.pom
2025-07-17 19:54:23,205 [Worker-36: Building] INFO  o.e.m.c.i.e.AbstractTransferListenerAdapter - Downloading https://repo.maven.apache.org/maven2/org/apache/maven/maven-archiver/3.6.0/maven-archiver-3.6.0.jar
2025-07-17 19:54:23,466 [Worker-36: Building] INFO  o.e.m.c.i.e.AbstractTransferListenerAdapter - Downloaded https://repo.maven.apache.org/maven2/org/apache/maven/maven-archiver/3.6.0/maven-archiver-3.6.0.jar
2025-07-17 19:54:23,513 [BasicRepositoryConnector-repo.maven.apache.org-2-2] INFO  o.e.m.c.i.e.AbstractTransferListenerAdapter - Downloading https://repo.maven.apache.org/maven2/org/codehaus/plexus/plexus-archiver/4.7.1/plexus-archiver-4.7.1.jar
2025-07-17 19:54:23,513 [BasicRepositoryConnector-repo.maven.apache.org-2-4] INFO  o.e.m.c.i.e.AbstractTransferListenerAdapter - Downloading https://repo.maven.apache.org/maven2/org/iq80/snappy/snappy/0.4/snappy-0.4.jar
2025-07-17 19:54:23,513 [BasicRepositoryConnector-repo.maven.apache.org-2-0] INFO  o.e.m.c.i.e.AbstractTransferListenerAdapter - Downloading https://repo.maven.apache.org/maven2/org/codehaus/plexus/plexus-io/3.4.0/plexus-io-3.4.0.jar
2025-07-17 19:54:23,519 [BasicRepositoryConnector-repo.maven.apache.org-2-3] INFO  o.e.m.c.i.e.AbstractTransferListenerAdapter - Downloading https://repo.maven.apache.org/maven2/org/apache/commons/commons-compress/1.23.0/commons-compress-1.23.0.jar
2025-07-17 19:54:23,542 [BasicRepositoryConnector-repo.maven.apache.org-2-1] INFO  o.e.m.c.i.e.AbstractTransferListenerAdapter - Downloading https://repo.maven.apache.org/maven2/commons-io/commons-io/2.13.0/commons-io-2.13.0.jar
2025-07-17 19:54:23,652 [BasicRepositoryConnector-repo.maven.apache.org-2-4] INFO  o.e.m.c.i.e.AbstractTransferListenerAdapter - Downloaded https://repo.maven.apache.org/maven2/org/iq80/snappy/snappy/0.4/snappy-0.4.jar
2025-07-17 19:54:23,706 [BasicRepositoryConnector-repo.maven.apache.org-2-0] INFO  o.e.m.c.i.e.AbstractTransferListenerAdapter - Downloaded https://repo.maven.apache.org/maven2/org/codehaus/plexus/plexus-io/3.4.0/plexus-io-3.4.0.jar
2025-07-17 19:54:23,706 [BasicRepositoryConnector-repo.maven.apache.org-2-2] INFO  o.e.m.c.i.e.AbstractTransferListenerAdapter - Downloaded https://repo.maven.apache.org/maven2/org/codehaus/plexus/plexus-archiver/4.7.1/plexus-archiver-4.7.1.jar
2025-07-17 19:54:23,867 [BasicRepositoryConnector-repo.maven.apache.org-2-4] INFO  o.e.m.c.i.e.AbstractTransferListenerAdapter - Downloading https://repo.maven.apache.org/maven2/org/tukaani/xz/1.9/xz-1.9.jar
2025-07-17 19:54:23,888 [BasicRepositoryConnector-repo.maven.apache.org-2-2] INFO  o.e.m.c.i.e.AbstractTransferListenerAdapter - Downloading https://repo.maven.apache.org/maven2/com/github/luben/zstd-jni/1.5.5-2/zstd-jni-1.5.5-2.jar
2025-07-17 19:54:23,888 [BasicRepositoryConnector-repo.maven.apache.org-2-0] INFO  o.e.m.c.i.e.AbstractTransferListenerAdapter - Downloading https://repo.maven.apache.org/maven2/org/codehaus/plexus/plexus-interpolation/1.26/plexus-interpolation-1.26.jar
2025-07-17 19:54:23,917 [BasicRepositoryConnector-repo.maven.apache.org-2-1] INFO  o.e.m.c.i.e.AbstractTransferListenerAdapter - Downloaded https://repo.maven.apache.org/maven2/commons-io/commons-io/2.13.0/commons-io-2.13.0.jar
2025-07-17 19:54:23,926 [BasicRepositoryConnector-repo.maven.apache.org-2-4] INFO  o.e.m.c.i.e.AbstractTransferListenerAdapter - Downloaded https://repo.maven.apache.org/maven2/org/tukaani/xz/1.9/xz-1.9.jar
2025-07-17 19:54:23,950 [BasicRepositoryConnector-repo.maven.apache.org-2-0] INFO  o.e.m.c.i.e.AbstractTransferListenerAdapter - Downloaded https://repo.maven.apache.org/maven2/org/codehaus/plexus/plexus-interpolation/1.26/plexus-interpolation-1.26.jar
2025-07-17 19:54:23,993 [BasicRepositoryConnector-repo.maven.apache.org-2-1] INFO  o.e.m.c.i.e.AbstractTransferListenerAdapter - Downloading https://repo.maven.apache.org/maven2/org/codehaus/plexus/plexus-utils/3.5.1/plexus-utils-3.5.1.jar
2025-07-17 19:54:24,007 [BasicRepositoryConnector-repo.maven.apache.org-2-4] INFO  o.e.m.c.i.e.AbstractTransferListenerAdapter - Downloading https://repo.maven.apache.org/maven2/org/apache/maven/shared/maven-filtering/3.3.1/maven-filtering-3.3.1.jar
2025-07-17 19:54:24,084 [BasicRepositoryConnector-repo.maven.apache.org-2-0] INFO  o.e.m.c.i.e.AbstractTransferListenerAdapter - Downloading https://repo.maven.apache.org/maven2/org/sonatype/plexus/plexus-build-api/0.0.7/plexus-build-api-0.0.7.jar
2025-07-17 19:54:24,126 [BasicRepositoryConnector-repo.maven.apache.org-2-4] INFO  o.e.m.c.i.e.AbstractTransferListenerAdapter - Downloaded https://repo.maven.apache.org/maven2/org/apache/maven/shared/maven-filtering/3.3.1/maven-filtering-3.3.1.jar
2025-07-17 19:54:24,203 [BasicRepositoryConnector-repo.maven.apache.org-2-1] INFO  o.e.m.c.i.e.AbstractTransferListenerAdapter - Downloaded https://repo.maven.apache.org/maven2/org/codehaus/plexus/plexus-utils/3.5.1/plexus-utils-3.5.1.jar
2025-07-17 19:54:24,252 [BasicRepositoryConnector-repo.maven.apache.org-2-0] INFO  o.e.m.c.i.e.AbstractTransferListenerAdapter - Downloaded https://repo.maven.apache.org/maven2/org/sonatype/plexus/plexus-build-api/0.0.7/plexus-build-api-0.0.7.jar
2025-07-17 19:54:24,335 [BasicRepositoryConnector-repo.maven.apache.org-2-4] INFO  o.e.m.c.i.e.AbstractTransferListenerAdapter - Downloading https://repo.maven.apache.org/maven2/org/apache/maven/shared/maven-mapping/3.0.0/maven-mapping-3.0.0.jar
2025-07-17 19:54:24,351 [BasicRepositoryConnector-repo.maven.apache.org-2-1] INFO  o.e.m.c.i.e.AbstractTransferListenerAdapter - Downloading https://repo.maven.apache.org/maven2/org/apache/maven/maven-core/3.0/maven-core-3.0.jar
2025-07-17 19:54:24,352 [BasicRepositoryConnector-repo.maven.apache.org-2-3] INFO  o.e.m.c.i.e.AbstractTransferListenerAdapter - Downloaded https://repo.maven.apache.org/maven2/org/apache/commons/commons-compress/1.23.0/commons-compress-1.23.0.jar
2025-07-17 19:54:24,450 [BasicRepositoryConnector-repo.maven.apache.org-2-0] INFO  o.e.m.c.i.e.AbstractTransferListenerAdapter - Downloading https://repo.maven.apache.org/maven2/org/apache/maven/maven-model/3.0/maven-model-3.0.jar
2025-07-17 19:54:24,514 [BasicRepositoryConnector-repo.maven.apache.org-2-4] INFO  o.e.m.c.i.e.AbstractTransferListenerAdapter - Downloaded https://repo.maven.apache.org/maven2/org/apache/maven/shared/maven-mapping/3.0.0/maven-mapping-3.0.0.jar
2025-07-17 19:54:24,647 [BasicRepositoryConnector-repo.maven.apache.org-2-0] INFO  o.e.m.c.i.e.AbstractTransferListenerAdapter - Downloaded https://repo.maven.apache.org/maven2/org/apache/maven/maven-model/3.0/maven-model-3.0.jar
2025-07-17 19:54:24,669 [BasicRepositoryConnector-repo.maven.apache.org-2-3] INFO  o.e.m.c.i.e.AbstractTransferListenerAdapter - Downloading https://repo.maven.apache.org/maven2/org/apache/maven/maven-settings-builder/3.0/maven-settings-builder-3.0.jar
2025-07-17 19:54:24,733 [BasicRepositoryConnector-repo.maven.apache.org-2-4] INFO  o.e.m.c.i.e.AbstractTransferListenerAdapter - Downloading https://repo.maven.apache.org/maven2/org/apache/maven/maven-repository-metadata/3.0/maven-repository-metadata-3.0.jar
2025-07-17 19:54:24,790 [BasicRepositoryConnector-repo.maven.apache.org-2-0] INFO  o.e.m.c.i.e.AbstractTransferListenerAdapter - Downloading https://repo.maven.apache.org/maven2/org/apache/maven/maven-artifact/3.0/maven-artifact-3.0.jar
2025-07-17 19:54:24,838 [BasicRepositoryConnector-repo.maven.apache.org-2-0] INFO  o.e.m.c.i.e.AbstractTransferListenerAdapter - Downloaded https://repo.maven.apache.org/maven2/org/apache/maven/maven-artifact/3.0/maven-artifact-3.0.jar
2025-07-17 19:54:24,852 [BasicRepositoryConnector-repo.maven.apache.org-2-1] INFO  o.e.m.c.i.e.AbstractTransferListenerAdapter - Downloaded https://repo.maven.apache.org/maven2/org/apache/maven/maven-core/3.0/maven-core-3.0.jar
2025-07-17 19:54:24,967 [BasicRepositoryConnector-repo.maven.apache.org-2-4] INFO  o.e.m.c.i.e.AbstractTransferListenerAdapter - Downloaded https://repo.maven.apache.org/maven2/org/apache/maven/maven-repository-metadata/3.0/maven-repository-metadata-3.0.jar
2025-07-17 19:54:25,079 [BasicRepositoryConnector-repo.maven.apache.org-2-0] INFO  o.e.m.c.i.e.AbstractTransferListenerAdapter - Downloading https://repo.maven.apache.org/maven2/org/apache/maven/maven-plugin-api/3.0/maven-plugin-api-3.0.jar
2025-07-17 19:54:25,110 [BasicRepositoryConnector-repo.maven.apache.org-2-1] INFO  o.e.m.c.i.e.AbstractTransferListenerAdapter - Downloading https://repo.maven.apache.org/maven2/org/apache/maven/maven-model-builder/3.0/maven-model-builder-3.0.jar
2025-07-17 19:54:25,141 [BasicRepositoryConnector-repo.maven.apache.org-2-4] INFO  o.e.m.c.i.e.AbstractTransferListenerAdapter - Downloading https://repo.maven.apache.org/maven2/org/apache/maven/maven-aether-provider/3.0/maven-aether-provider-3.0.jar
2025-07-17 19:54:25,170 [BasicRepositoryConnector-repo.maven.apache.org-2-1] INFO  o.e.m.c.i.e.AbstractTransferListenerAdapter - Downloaded https://repo.maven.apache.org/maven2/org/apache/maven/maven-model-builder/3.0/maven-model-builder-3.0.jar
2025-07-17 19:54:25,185 [BasicRepositoryConnector-repo.maven.apache.org-2-3] INFO  o.e.m.c.i.e.AbstractTransferListenerAdapter - Downloaded https://repo.maven.apache.org/maven2/org/apache/maven/maven-settings-builder/3.0/maven-settings-builder-3.0.jar
2025-07-17 19:54:25,210 [BasicRepositoryConnector-repo.maven.apache.org-2-4] INFO  o.e.m.c.i.e.AbstractTransferListenerAdapter - Downloaded https://repo.maven.apache.org/maven2/org/apache/maven/maven-aether-provider/3.0/maven-aether-provider-3.0.jar
2025-07-17 19:54:25,258 [BasicRepositoryConnector-repo.maven.apache.org-2-3] INFO  o.e.m.c.i.e.AbstractTransferListenerAdapter - Downloading https://repo.maven.apache.org/maven2/org/sonatype/aether/aether-spi/1.7/aether-spi-1.7.jar
2025-07-17 19:54:25,289 [BasicRepositoryConnector-repo.maven.apache.org-2-4] INFO  o.e.m.c.i.e.AbstractTransferListenerAdapter - Downloading https://repo.maven.apache.org/maven2/org/sonatype/aether/aether-api/1.7/aether-api-1.7.jar
2025-07-17 19:54:25,304 [BasicRepositoryConnector-repo.maven.apache.org-2-1] INFO  o.e.m.c.i.e.AbstractTransferListenerAdapter - Downloading https://repo.maven.apache.org/maven2/org/sonatype/aether/aether-impl/1.7/aether-impl-1.7.jar
2025-07-17 19:54:25,381 [BasicRepositoryConnector-repo.maven.apache.org-2-4] INFO  o.e.m.c.i.e.AbstractTransferListenerAdapter - Downloaded https://repo.maven.apache.org/maven2/org/sonatype/aether/aether-api/1.7/aether-api-1.7.jar
2025-07-17 19:54:25,489 [BasicRepositoryConnector-repo.maven.apache.org-2-1] INFO  o.e.m.c.i.e.AbstractTransferListenerAdapter - Downloaded https://repo.maven.apache.org/maven2/org/sonatype/aether/aether-impl/1.7/aether-impl-1.7.jar
2025-07-17 19:54:25,529 [BasicRepositoryConnector-repo.maven.apache.org-2-4] INFO  o.e.m.c.i.e.AbstractTransferListenerAdapter - Downloading https://repo.maven.apache.org/maven2/org/sonatype/aether/aether-util/1.7/aether-util-1.7.jar
2025-07-17 19:54:25,536 [BasicRepositoryConnector-repo.maven.apache.org-2-3] INFO  o.e.m.c.i.e.AbstractTransferListenerAdapter - Downloaded https://repo.maven.apache.org/maven2/org/sonatype/aether/aether-spi/1.7/aether-spi-1.7.jar
2025-07-17 19:54:25,559 [BasicRepositoryConnector-repo.maven.apache.org-2-0] INFO  o.e.m.c.i.e.AbstractTransferListenerAdapter - Downloaded https://repo.maven.apache.org/maven2/org/apache/maven/maven-plugin-api/3.0/maven-plugin-api-3.0.jar
2025-07-17 19:54:25,617 [BasicRepositoryConnector-repo.maven.apache.org-2-1] INFO  o.e.m.c.i.e.AbstractTransferListenerAdapter - Downloading https://repo.maven.apache.org/maven2/org/sonatype/sisu/sisu-inject-plexus/1.4.2/sisu-inject-plexus-1.4.2.jar
2025-07-17 19:54:25,628 [BasicRepositoryConnector-repo.maven.apache.org-2-4] INFO  o.e.m.c.i.e.AbstractTransferListenerAdapter - Downloaded https://repo.maven.apache.org/maven2/org/sonatype/aether/aether-util/1.7/aether-util-1.7.jar
2025-07-17 19:54:25,666 [BasicRepositoryConnector-repo.maven.apache.org-2-3] INFO  o.e.m.c.i.e.AbstractTransferListenerAdapter - Downloading https://repo.maven.apache.org/maven2/org/sonatype/sisu/sisu-inject-bean/1.4.2/sisu-inject-bean-1.4.2.jar
2025-07-17 19:54:25,680 [BasicRepositoryConnector-repo.maven.apache.org-2-0] INFO  o.e.m.c.i.e.AbstractTransferListenerAdapter - Downloading https://repo.maven.apache.org/maven2/org/sonatype/sisu/sisu-guice/2.1.7/sisu-guice-2.1.7-noaop.jar
2025-07-17 19:54:25,725 [BasicRepositoryConnector-repo.maven.apache.org-2-1] INFO  o.e.m.c.i.e.AbstractTransferListenerAdapter - Downloaded https://repo.maven.apache.org/maven2/org/sonatype/sisu/sisu-inject-plexus/1.4.2/sisu-inject-plexus-1.4.2.jar
2025-07-17 19:54:25,760 [BasicRepositoryConnector-repo.maven.apache.org-2-4] INFO  o.e.m.c.i.e.AbstractTransferListenerAdapter - Downloading https://repo.maven.apache.org/maven2/org/codehaus/plexus/plexus-classworlds/2.2.3/plexus-classworlds-2.2.3.jar
2025-07-17 19:54:25,791 [BasicRepositoryConnector-repo.maven.apache.org-2-3] INFO  o.e.m.c.i.e.AbstractTransferListenerAdapter - Downloaded https://repo.maven.apache.org/maven2/org/sonatype/sisu/sisu-inject-bean/1.4.2/sisu-inject-bean-1.4.2.jar
2025-07-17 19:54:25,975 [BasicRepositoryConnector-repo.maven.apache.org-2-1] INFO  o.e.m.c.i.e.AbstractTransferListenerAdapter - Downloading https://repo.maven.apache.org/maven2/org/codehaus/plexus/plexus-component-annotations/1.5.5/plexus-component-annotations-1.5.5.jar
2025-07-17 19:54:26,003 [BasicRepositoryConnector-repo.maven.apache.org-2-3] INFO  o.e.m.c.i.e.AbstractTransferListenerAdapter - Downloading https://repo.maven.apache.org/maven2/org/sonatype/plexus/plexus-sec-dispatcher/1.3/plexus-sec-dispatcher-1.3.jar
2025-07-17 19:54:26,054 [BasicRepositoryConnector-repo.maven.apache.org-2-1] INFO  o.e.m.c.i.e.AbstractTransferListenerAdapter - Downloaded https://repo.maven.apache.org/maven2/org/codehaus/plexus/plexus-component-annotations/1.5.5/plexus-component-annotations-1.5.5.jar
2025-07-17 19:54:26,058 [BasicRepositoryConnector-repo.maven.apache.org-2-0] INFO  o.e.m.c.i.e.AbstractTransferListenerAdapter - Downloaded https://repo.maven.apache.org/maven2/org/sonatype/sisu/sisu-guice/2.1.7/sisu-guice-2.1.7-noaop.jar
2025-07-17 19:54:26,105 [BasicRepositoryConnector-repo.maven.apache.org-2-1] INFO  o.e.m.c.i.e.AbstractTransferListenerAdapter - Downloading https://repo.maven.apache.org/maven2/org/sonatype/plexus/plexus-cipher/1.4/plexus-cipher-1.4.jar
2025-07-17 19:54:26,258 [BasicRepositoryConnector-repo.maven.apache.org-2-1] INFO  o.e.m.c.i.e.AbstractTransferListenerAdapter - Downloaded https://repo.maven.apache.org/maven2/org/sonatype/plexus/plexus-cipher/1.4/plexus-cipher-1.4.jar
2025-07-17 19:54:26,285 [BasicRepositoryConnector-repo.maven.apache.org-2-3] INFO  o.e.m.c.i.e.AbstractTransferListenerAdapter - Downloaded https://repo.maven.apache.org/maven2/org/sonatype/plexus/plexus-sec-dispatcher/1.3/plexus-sec-dispatcher-1.3.jar
2025-07-17 19:54:26,435 [BasicRepositoryConnector-repo.maven.apache.org-2-4] INFO  o.e.m.c.i.e.AbstractTransferListenerAdapter - Downloaded https://repo.maven.apache.org/maven2/org/codehaus/plexus/plexus-classworlds/2.2.3/plexus-classworlds-2.2.3.jar
2025-07-17 19:54:32,045 [BasicRepositoryConnector-repo.maven.apache.org-2-2] INFO  o.e.m.c.i.e.AbstractTransferListenerAdapter - Downloaded https://repo.maven.apache.org/maven2/com/github/luben/zstd-jni/1.5.5-2/zstd-jni-1.5.5-2.jar
2025-07-17 19:54:33,147 [Worker-36: Building] INFO  o.e.m.c.i.e.AbstractTransferListenerAdapter - Downloading https://repo.maven.apache.org/maven2/org/apache/commons/commons-lang3/3.12.0/commons-lang3-3.12.0.pom
2025-07-17 19:54:33,195 [Worker-36: Building] INFO  o.e.m.c.i.e.AbstractTransferListenerAdapter - Downloaded https://repo.maven.apache.org/maven2/org/apache/commons/commons-lang3/3.12.0/commons-lang3-3.12.0.pom
2025-07-17 19:54:33,238 [Worker-36: Building] INFO  o.e.m.c.i.e.AbstractTransferListenerAdapter - Downloading https://repo.maven.apache.org/maven2/org/junit/junit-bom/5.7.1/junit-bom-5.7.1.pom
2025-07-17 19:54:33,263 [Worker-36: Building] INFO  o.e.m.c.i.e.AbstractTransferListenerAdapter - Downloaded https://repo.maven.apache.org/maven2/org/junit/junit-bom/5.7.1/junit-bom-5.7.1.pom
2025-07-17 19:54:33,338 [Worker-36: Building] INFO  o.e.m.c.i.e.AbstractTransferListenerAdapter - Downloading https://repo.maven.apache.org/maven2/org/apache/commons/commons-lang3/3.12.0/commons-lang3-3.12.0.jar
2025-07-17 19:54:33,862 [Worker-36: Building] INFO  o.e.m.c.i.e.AbstractTransferListenerAdapter - Downloaded https://repo.maven.apache.org/maven2/org/apache/commons/commons-lang3/3.12.0/commons-lang3-3.12.0.jar
2025-07-17 19:54:33,920 [Worker-36: Building] INFO  o.a.m.s.f.DefaultMavenResourcesFiltering - skip non existing resourceDirectory C:\Niramalya\HealthsureLongTermProcedure-support-main\HealthSureClient\src\main\resources
2025-07-17 19:54:34,066 [Worker-37: Download sources and javadoc] INFO  o.e.m.c.i.e.AbstractTransferListenerAdapter - Downloading https://repo.maven.apache.org/maven2/javax/ws/rs/javax.ws.rs-api/2.0.1/javax.ws.rs-api-2.0.1-sources.jar
2025-07-17 19:54:34,616 [Worker-37: Download sources and javadoc] INFO  o.e.m.c.i.e.AbstractTransferListenerAdapter - Downloaded https://repo.maven.apache.org/maven2/javax/ws/rs/javax.ws.rs-api/2.0.1/javax.ws.rs-api-2.0.1-sources.jar
2025-07-17 19:54:34,627 [Worker-37: Download sources and javadoc] INFO  o.e.m.j.internal.DownloadSourcesJob - Downloaded sources for javax.ws.rs:javax.ws.rs-api:2.0.1
2025-07-17 19:54:34,847 [Worker-36: Building] INFO  o.e.m.c.i.embedder.EclipseLogger - Recompiling the module because of [1madded or removed source files[m.
2025-07-17 19:54:34,868 [Worker-36: Building] INFO  o.c.p.compiler.javac.JavacCompiler - Compiling 78 source files with javac [debug target 1.8] to target\classes
2025-07-17 19:54:34,889 [Worker-37: Download sources and javadoc] INFO  o.e.m.c.i.e.AbstractTransferListenerAdapter - Downloading https://repo.maven.apache.org/maven2/javax/servlet/servlet-api/2.5/servlet-api-2.5-sources.jar
2025-07-17 19:54:35,105 [Worker-37: Download sources and javadoc] INFO  o.e.m.c.i.e.AbstractTransferListenerAdapter - Downloaded https://repo.maven.apache.org/maven2/javax/servlet/servlet-api/2.5/servlet-api-2.5-sources.jar
2025-07-17 19:54:35,110 [Worker-37: Download sources and javadoc] INFO  o.e.m.j.internal.DownloadSourcesJob - Downloaded sources for javax.servlet:servlet-api:2.5
2025-07-17 19:54:35,312 [Worker-37: Download sources and javadoc] INFO  o.e.m.c.i.e.AbstractTransferListenerAdapter - Downloading https://repo.maven.apache.org/maven2/com/sun/faces/jsf-api/2.2.20/jsf-api-2.2.20-sources.jar
2025-07-17 19:54:36,058 [Worker-37: Download sources and javadoc] INFO  o.e.m.c.i.e.AbstractTransferListenerAdapter - Downloaded https://repo.maven.apache.org/maven2/com/sun/faces/jsf-api/2.2.20/jsf-api-2.2.20-sources.jar
2025-07-17 19:54:36,063 [Worker-37: Download sources and javadoc] INFO  o.e.m.j.internal.DownloadSourcesJob - Downloaded sources for com.sun.faces:jsf-api:2.2.20
2025-07-17 19:54:36,879 [Worker-37: Download sources and javadoc] INFO  o.e.m.c.i.e.AbstractTransferListenerAdapter - Downloading https://repo.maven.apache.org/maven2/com/sun/faces/jsf-impl/2.2.14/jsf-impl-2.2.14-sources.jar
2025-07-17 19:54:37,135 [Worker-36: Building] WARN  o.e.m.c.i.embedder.EclipseLogger - bootstrap class path is not set in conjunction with -source 8
  not setting the bootstrap class path may lead to class files that cannot run on JDK 8
    --release 8 is recommended instead of -source 8 -target 1.8 because it sets the bootstrap class path automatically
2025-07-17 19:54:37,137 [Worker-36: Building] WARN  o.e.m.c.i.embedder.EclipseLogger - source value 8 is obsolete and will be removed in a future release
2025-07-17 19:54:37,139 [Worker-36: Building] WARN  o.e.m.c.i.embedder.EclipseLogger - target value 8 is obsolete and will be removed in a future release
2025-07-17 19:54:37,141 [Worker-36: Building] WARN  o.e.m.c.i.embedder.EclipseLogger - To suppress warnings about obsolete options, use -Xlint:-options.
2025-07-17 19:54:37,142 [Worker-36: Building] INFO  o.e.m.c.i.embedder.EclipseLogger - /C:/Niramalya/HealthsureLongTermProcedure-support-main/HealthSureClient/src/main/java/com/java/jsf/provider/daoImpl/InsuranceDaoImpl.java: Some input files use or override a deprecated API.
2025-07-17 19:54:37,142 [Worker-36: Building] INFO  o.e.m.c.i.embedder.EclipseLogger - /C:/Niramalya/HealthsureLongTermProcedure-support-main/HealthSureClient/src/main/java/com/java/jsf/provider/daoImpl/InsuranceDaoImpl.java: Recompile with -Xlint:deprecation for details.
2025-07-17 19:54:37,142 [Worker-36: Building] INFO  o.e.m.c.i.embedder.EclipseLogger - /C:/Niramalya/HealthsureLongTermProcedure-support-main/HealthSureClient/src/main/java/com/java/jsf/provider/controller/InsuranceController.java: Some input files use unchecked or unsafe operations.
2025-07-17 19:54:37,142 [Worker-36: Building] INFO  o.e.m.c.i.embedder.EclipseLogger - /C:/Niramalya/HealthsureLongTermProcedure-support-main/HealthSureClient/src/main/java/com/java/jsf/provider/controller/InsuranceController.java: Recompile with -Xlint:unchecked for details.
2025-07-17 19:54:37,149 [Worker-36: Building] INFO  o.a.m.s.f.DefaultMavenResourcesFiltering - skip non existing resourceDirectory C:\Niramalya\HealthsureLongTermProcedure-support-main\HealthSureClient\src\test\resources
2025-07-17 19:54:37,852 [Worker-37: Download sources and javadoc] INFO  o.e.m.c.i.e.AbstractTransferListenerAdapter - Downloaded https://repo.maven.apache.org/maven2/com/sun/faces/jsf-impl/2.2.14/jsf-impl-2.2.14-sources.jar
2025-07-17 19:54:37,857 [Worker-37: Download sources and javadoc] INFO  o.e.m.j.internal.DownloadSourcesJob - Downloaded sources for com.sun.faces:jsf-impl:2.2.14
2025-07-17 19:54:38,041 [Worker-37: Download sources and javadoc] INFO  o.e.m.c.i.e.AbstractTransferListenerAdapter - Downloading https://repo.maven.apache.org/maven2/javax/servlet/jstl/1.2/jstl-1.2-sources.jar
2025-07-17 19:54:38,456 [Worker-37: Download sources and javadoc] INFO  o.e.m.c.i.e.AbstractTransferListenerAdapter - Downloaded https://repo.maven.apache.org/maven2/javax/servlet/jstl/1.2/jstl-1.2-sources.jar
2025-07-17 19:54:38,460 [Worker-37: Download sources and javadoc] INFO  o.e.m.j.internal.DownloadSourcesJob - Downloaded sources for javax.servlet:jstl:1.2
2025-07-17 19:54:38,846 [Worker-37: Download sources and javadoc] INFO  o.e.m.c.i.e.AbstractTransferListenerAdapter - Downloading https://repo.maven.apache.org/maven2/javax/javaee-api/7.0/javaee-api-7.0-sources.jar
2025-07-17 19:54:39,809 [Worker-34: Updating Maven Dependencies] INFO  o.e.m.c.i.l.LifecycleMappingFactory - Using org.maven.ide.eclipse.wtp.WarLifecycleMapping lifecycle mapping for MavenProject: infinite:HealthSureClient:0.0.1-SNAPSHOT @ C:\Niramalya\HealthsureLongTermProcedure-support-main\HealthSureClient\pom.xml.
2025-07-17 19:54:41,733 [Worker-37: Download sources and javadoc] INFO  o.e.m.c.i.e.AbstractTransferListenerAdapter - Downloaded https://repo.maven.apache.org/maven2/javax/javaee-api/7.0/javaee-api-7.0-sources.jar
2025-07-17 19:54:41,742 [Worker-37: Download sources and javadoc] INFO  o.e.m.j.internal.DownloadSourcesJob - Downloaded sources for javax:javaee-api:7.0
2025-07-17 19:54:42,012 [Worker-37: Download sources and javadoc] INFO  o.e.m.c.i.e.AbstractTransferListenerAdapter - Downloading https://repo.maven.apache.org/maven2/com/sun/mail/javax.mail/1.5.0/javax.mail-1.5.0-sources.jar
2025-07-17 19:54:42,425 [Worker-37: Download sources and javadoc] INFO  o.e.m.c.i.e.AbstractTransferListenerAdapter - Downloaded https://repo.maven.apache.org/maven2/com/sun/mail/javax.mail/1.5.0/javax.mail-1.5.0-sources.jar
2025-07-17 19:54:42,431 [Worker-37: Download sources and javadoc] INFO  o.e.m.j.internal.DownloadSourcesJob - Downloaded sources for com.sun.mail:javax.mail:1.5.0
2025-07-17 19:54:42,606 [Worker-37: Download sources and javadoc] INFO  o.e.m.c.i.e.AbstractTransferListenerAdapter - Downloading https://repo.maven.apache.org/maven2/javax/activation/activation/1.1/activation-1.1-sources.jar
2025-07-17 19:54:42,729 [Worker-37: Download sources and javadoc] INFO  o.e.m.c.i.e.AbstractTransferListenerAdapter - Downloaded https://repo.maven.apache.org/maven2/javax/activation/activation/1.1/activation-1.1-sources.jar
2025-07-17 19:54:42,735 [Worker-37: Download sources and javadoc] INFO  o.e.m.j.internal.DownloadSourcesJob - Downloaded sources for javax.activation:activation:1.1
2025-07-17 19:54:43,327 [Worker-37: Download sources and javadoc] INFO  o.e.m.c.i.e.AbstractTransferListenerAdapter - Downloading https://repo.maven.apache.org/maven2/org/jboss/jboss-ejb-client/4.0.44.Final/jboss-ejb-client-4.0.44.Final-sources.jar
2025-07-17 19:54:43,571 [Worker-37: Download sources and javadoc] INFO  o.e.m.c.i.e.AbstractTransferListenerAdapter - Downloaded https://repo.maven.apache.org/maven2/org/jboss/jboss-ejb-client/4.0.44.Final/jboss-ejb-client-4.0.44.Final-sources.jar
2025-07-17 19:54:43,576 [Worker-37: Download sources and javadoc] INFO  o.e.m.j.internal.DownloadSourcesJob - Downloaded sources for org.jboss:jboss-ejb-client:4.0.44.Final
2025-07-17 19:54:43,778 [Worker-37: Download sources and javadoc] INFO  o.e.m.c.i.e.AbstractTransferListenerAdapter - Downloading https://repo.maven.apache.org/maven2/org/jboss/spec/javax/ejb/jboss-ejb-api_3.2_spec/2.0.0.Final/jboss-ejb-api_3.2_spec-2.0.0.Final-sources.jar
2025-07-17 19:54:43,906 [Worker-37: Download sources and javadoc] INFO  o.e.m.c.i.e.AbstractTransferListenerAdapter - Downloaded https://repo.maven.apache.org/maven2/org/jboss/spec/javax/ejb/jboss-ejb-api_3.2_spec/2.0.0.Final/jboss-ejb-api_3.2_spec-2.0.0.Final-sources.jar
2025-07-17 19:54:43,913 [Worker-37: Download sources and javadoc] INFO  o.e.m.j.internal.DownloadSourcesJob - Downloaded sources for org.jboss.spec.javax.ejb:jboss-ejb-api_3.2_spec:2.0.0.Final
2025-07-17 19:54:44,377 [Worker-37: Download sources and javadoc] INFO  o.e.m.c.i.e.AbstractTransferListenerAdapter - Downloading https://repo.maven.apache.org/maven2/org/wildfly/transaction/wildfly-transaction-client/2.0.1.Final/wildfly-transaction-client-2.0.1.Final-sources.jar
2025-07-17 19:54:44,475 [Worker-37: Download sources and javadoc] INFO  o.e.m.c.i.e.AbstractTransferListenerAdapter - Downloaded https://repo.maven.apache.org/maven2/org/wildfly/transaction/wildfly-transaction-client/2.0.1.Final/wildfly-transaction-client-2.0.1.Final-sources.jar
2025-07-17 19:54:44,481 [Worker-37: Download sources and javadoc] INFO  o.e.m.j.internal.DownloadSourcesJob - Downloaded sources for org.wildfly.transaction:wildfly-transaction-client:2.0.1.Final
2025-07-17 19:54:44,650 [Worker-37: Download sources and javadoc] INFO  o.e.m.c.i.e.AbstractTransferListenerAdapter - Downloading https://repo.maven.apache.org/maven2/org/jboss/marshalling/jboss-marshalling/2.0.12.Final/jboss-marshalling-2.0.12.Final-sources.jar
2025-07-17 19:54:44,790 [Worker-37: Download sources and javadoc] INFO  o.e.m.c.i.e.AbstractTransferListenerAdapter - Downloaded https://repo.maven.apache.org/maven2/org/jboss/marshalling/jboss-marshalling/2.0.12.Final/jboss-marshalling-2.0.12.Final-sources.jar
2025-07-17 19:54:44,796 [Worker-37: Download sources and javadoc] INFO  o.e.m.j.internal.DownloadSourcesJob - Downloaded sources for org.jboss.marshalling:jboss-marshalling:2.0.12.Final
2025-07-17 19:54:45,065 [Worker-37: Download sources and javadoc] INFO  o.e.m.c.i.e.AbstractTransferListenerAdapter - Downloading https://repo.maven.apache.org/maven2/org/jboss/marshalling/jboss-marshalling-river/2.0.12.Final/jboss-marshalling-river-2.0.12.Final-sources.jar
2025-07-17 19:54:45,204 [Worker-37: Download sources and javadoc] INFO  o.e.m.c.i.e.AbstractTransferListenerAdapter - Downloaded https://repo.maven.apache.org/maven2/org/jboss/marshalling/jboss-marshalling-river/2.0.12.Final/jboss-marshalling-river-2.0.12.Final-sources.jar
2025-07-17 19:54:45,211 [Worker-37: Download sources and javadoc] INFO  o.e.m.j.internal.DownloadSourcesJob - Downloaded sources for org.jboss.marshalling:jboss-marshalling-river:2.0.12.Final
2025-07-17 19:54:45,514 [Worker-37: Download sources and javadoc] INFO  o.e.m.c.i.e.AbstractTransferListenerAdapter - Downloading https://repo.maven.apache.org/maven2/org/jboss/xnio/xnio-api/3.8.7.Final/xnio-api-3.8.7.Final-sources.jar
2025-07-17 19:54:45,842 [Worker-37: Download sources and javadoc] INFO  o.e.m.c.i.e.AbstractTransferListenerAdapter - Downloaded https://repo.maven.apache.org/maven2/org/jboss/xnio/xnio-api/3.8.7.Final/xnio-api-3.8.7.Final-sources.jar
2025-07-17 19:54:45,849 [Worker-37: Download sources and javadoc] INFO  o.e.m.j.internal.DownloadSourcesJob - Downloaded sources for org.jboss.xnio:xnio-api:3.8.7.Final
2025-07-17 19:54:45,949 [Worker-37: Download sources and javadoc] INFO  o.e.m.c.i.e.AbstractTransferListenerAdapter - Downloading https://repo.maven.apache.org/maven2/org/jboss/threads/jboss-threads/2.4.0.Final/jboss-threads-2.4.0.Final-sources.jar
2025-07-17 19:54:46,082 [Worker-37: Download sources and javadoc] INFO  o.e.m.c.i.e.AbstractTransferListenerAdapter - Downloaded https://repo.maven.apache.org/maven2/org/jboss/threads/jboss-threads/2.4.0.Final/jboss-threads-2.4.0.Final-sources.jar
2025-07-17 19:54:46,088 [Worker-37: Download sources and javadoc] INFO  o.e.m.j.internal.DownloadSourcesJob - Downloaded sources for org.jboss.threads:jboss-threads:2.4.0.Final
2025-07-17 19:54:46,177 [Worker-37: Download sources and javadoc] INFO  o.e.m.c.i.e.AbstractTransferListenerAdapter - Downloading https://repo.maven.apache.org/maven2/org/jboss/xnio/xnio-nio/3.8.7.Final/xnio-nio-3.8.7.Final-sources.jar
2025-07-17 19:54:46,256 [Worker-37: Download sources and javadoc] INFO  o.e.m.c.i.e.AbstractTransferListenerAdapter - Downloaded https://repo.maven.apache.org/maven2/org/jboss/xnio/xnio-nio/3.8.7.Final/xnio-nio-3.8.7.Final-sources.jar
2025-07-17 19:54:46,262 [Worker-37: Download sources and javadoc] INFO  o.e.m.j.internal.DownloadSourcesJob - Downloaded sources for org.jboss.xnio:xnio-nio:3.8.7.Final
2025-07-17 19:54:46,277 [Worker-14: Building] INFO  o.a.m.s.f.DefaultMavenResourcesFiltering - skip non existing resourceDirectory C:\Niramalya\HealthsureLongTermProcedure-support-main\HealthSureClient\src\main\resources
2025-07-17 19:54:46,355 [Worker-14: Building] INFO  o.e.m.c.i.embedder.EclipseLogger - Nothing to compile - all classes are up to date.
2025-07-17 19:54:46,362 [Worker-14: Building] INFO  o.a.m.s.f.DefaultMavenResourcesFiltering - skip non existing resourceDirectory C:\Niramalya\HealthsureLongTermProcedure-support-main\HealthSureClient\src\test\resources
2025-07-17 19:54:46,592 [Worker-37: Download sources and javadoc] INFO  o.e.m.c.i.e.AbstractTransferListenerAdapter - Downloading https://repo.maven.apache.org/maven2/org/jboss/remoting/jboss-remoting/5.0.24.Final/jboss-remoting-5.0.24.Final-sources.jar
2025-07-17 19:54:46,845 [Worker-37: Download sources and javadoc] INFO  o.e.m.c.i.e.AbstractTransferListenerAdapter - Downloaded https://repo.maven.apache.org/maven2/org/jboss/remoting/jboss-remoting/5.0.24.Final/jboss-remoting-5.0.24.Final-sources.jar
2025-07-17 19:54:46,851 [Worker-37: Download sources and javadoc] INFO  o.e.m.j.internal.DownloadSourcesJob - Downloaded sources for org.jboss.remoting:jboss-remoting:5.0.24.Final
2025-07-17 19:54:47,191 [Worker-37: Download sources and javadoc] INFO  o.e.m.c.i.e.AbstractTransferListenerAdapter - Downloading https://repo.maven.apache.org/maven2/org/wildfly/security/wildfly-elytron/1.19.0.Final/wildfly-elytron-1.19.0.Final-sources.jar
2025-07-17 19:54:49,394 [Worker-37: Download sources and javadoc] INFO  o.e.m.c.i.e.AbstractTransferListenerAdapter - Downloaded https://repo.maven.apache.org/maven2/org/wildfly/security/wildfly-elytron/1.19.0.Final/wildfly-elytron-1.19.0.Final-sources.jar
2025-07-17 19:54:49,401 [Worker-37: Download sources and javadoc] INFO  o.e.m.j.internal.DownloadSourcesJob - Downloaded sources for org.wildfly.security:wildfly-elytron:1.19.0.Final
2025-07-17 19:54:49,509 [Worker-37: Download sources and javadoc] INFO  o.e.m.c.i.e.AbstractTransferListenerAdapter - Downloading https://repo.maven.apache.org/maven2/org/wildfly/security/wildfly-elytron-audit/1.19.0.Final/wildfly-elytron-audit-1.19.0.Final-sources.jar
2025-07-17 19:54:50,150 [Worker-37: Download sources and javadoc] INFO  o.e.m.c.i.e.AbstractTransferListenerAdapter - Downloaded https://repo.maven.apache.org/maven2/org/wildfly/security/wildfly-elytron-audit/1.19.0.Final/wildfly-elytron-audit-1.19.0.Final-sources.jar
2025-07-17 19:54:50,157 [Worker-37: Download sources and javadoc] INFO  o.e.m.j.internal.DownloadSourcesJob - Downloaded sources for org.wildfly.security:wildfly-elytron-audit:1.19.0.Final
2025-07-17 19:54:50,547 [Worker-37: Download sources and javadoc] INFO  o.e.m.c.i.e.AbstractTransferListenerAdapter - Downloading https://repo.maven.apache.org/maven2/org/wildfly/security/wildfly-elytron-auth-server-deprecated/1.19.0.Final/wildfly-elytron-auth-server-deprecated-1.19.0.Final-sources.jar
2025-07-17 19:54:50,897 [Worker-37: Download sources and javadoc] INFO  o.e.m.c.i.e.AbstractTransferListenerAdapter - Downloaded https://repo.maven.apache.org/maven2/org/wildfly/security/wildfly-elytron-auth-server-deprecated/1.19.0.Final/wildfly-elytron-auth-server-deprecated-1.19.0.Final-sources.jar
2025-07-17 19:54:50,904 [Worker-37: Download sources and javadoc] INFO  o.e.m.j.internal.DownloadSourcesJob - Downloaded sources for org.wildfly.security:wildfly-elytron-auth-server-deprecated:1.19.0.Final
2025-07-17 19:54:51,148 [Worker-37: Download sources and javadoc] INFO  o.e.m.c.i.e.AbstractTransferListenerAdapter - Downloading https://repo.maven.apache.org/maven2/org/wildfly/security/wildfly-elytron-auth-server-sasl/1.19.0.Final/wildfly-elytron-auth-server-sasl-1.19.0.Final-sources.jar
2025-07-17 19:54:51,233 [Worker-37: Download sources and javadoc] INFO  o.e.m.c.i.e.AbstractTransferListenerAdapter - Downloaded https://repo.maven.apache.org/maven2/org/wildfly/security/wildfly-elytron-auth-server-sasl/1.19.0.Final/wildfly-elytron-auth-server-sasl-1.19.0.Final-sources.jar
2025-07-17 19:54:51,237 [Worker-37: Download sources and javadoc] INFO  o.e.m.j.internal.DownloadSourcesJob - Downloaded sources for org.wildfly.security:wildfly-elytron-auth-server-sasl:1.19.0.Final
2025-07-17 19:54:51,367 [Worker-37: Download sources and javadoc] INFO  o.e.m.c.i.e.AbstractTransferListenerAdapter - Downloading https://repo.maven.apache.org/maven2/org/wildfly/security/wildfly-elytron-digest/1.19.0.Final/wildfly-elytron-digest-1.19.0.Final-sources.jar
2025-07-17 19:54:51,619 [Worker-37: Download sources and javadoc] INFO  o.e.m.c.i.e.AbstractTransferListenerAdapter - Downloaded https://repo.maven.apache.org/maven2/org/wildfly/security/wildfly-elytron-digest/1.19.0.Final/wildfly-elytron-digest-1.19.0.Final-sources.jar
2025-07-17 19:54:51,625 [Worker-37: Download sources and javadoc] INFO  o.e.m.j.internal.DownloadSourcesJob - Downloaded sources for org.wildfly.security:wildfly-elytron-digest:1.19.0.Final
2025-07-17 19:54:52,078 [Worker-37: Download sources and javadoc] INFO  o.e.m.c.i.e.AbstractTransferListenerAdapter - Downloading https://repo.maven.apache.org/maven2/org/wildfly/security/wildfly-elytron-http-bearer/1.19.0.Final/wildfly-elytron-http-bearer-1.19.0.Final-sources.jar
2025-07-17 19:54:52,175 [Worker-37: Download sources and javadoc] INFO  o.e.m.c.i.e.AbstractTransferListenerAdapter - Downloaded https://repo.maven.apache.org/maven2/org/wildfly/security/wildfly-elytron-http-bearer/1.19.0.Final/wildfly-elytron-http-bearer-1.19.0.Final-sources.jar
2025-07-17 19:54:52,180 [Worker-37: Download sources and javadoc] INFO  o.e.m.j.internal.DownloadSourcesJob - Downloaded sources for org.wildfly.security:wildfly-elytron-http-bearer:1.19.0.Final
2025-07-17 19:54:52,289 [Worker-37: Download sources and javadoc] INFO  o.e.m.c.i.e.AbstractTransferListenerAdapter - Downloading https://repo.maven.apache.org/maven2/org/wildfly/security/wildfly-elytron-http-external/1.19.0.Final/wildfly-elytron-http-external-1.19.0.Final-sources.jar
2025-07-17 19:54:52,389 [Worker-37: Download sources and javadoc] INFO  o.e.m.c.i.e.AbstractTransferListenerAdapter - Downloaded https://repo.maven.apache.org/maven2/org/wildfly/security/wildfly-elytron-http-external/1.19.0.Final/wildfly-elytron-http-external-1.19.0.Final-sources.jar
2025-07-17 19:54:52,392 [Worker-37: Download sources and javadoc] INFO  o.e.m.j.internal.DownloadSourcesJob - Downloaded sources for org.wildfly.security:wildfly-elytron-http-external:1.19.0.Final
2025-07-17 19:54:52,745 [Worker-37: Download sources and javadoc] INFO  o.e.m.c.i.e.AbstractTransferListenerAdapter - Downloading https://repo.maven.apache.org/maven2/org/wildfly/security/wildfly-elytron-http-form/1.19.0.Final/wildfly-elytron-http-form-1.19.0.Final-sources.jar
2025-07-17 19:54:53,172 [Worker-37: Download sources and javadoc] INFO  o.e.m.c.i.e.AbstractTransferListenerAdapter - Downloaded https://repo.maven.apache.org/maven2/org/wildfly/security/wildfly-elytron-http-form/1.19.0.Final/wildfly-elytron-http-form-1.19.0.Final-sources.jar
2025-07-17 19:54:53,176 [Worker-37: Download sources and javadoc] INFO  o.e.m.j.internal.DownloadSourcesJob - Downloaded sources for org.wildfly.security:wildfly-elytron-http-form:1.19.0.Final
2025-07-17 19:54:53,293 [Worker-37: Download sources and javadoc] INFO  o.e.m.c.i.e.AbstractTransferListenerAdapter - Downloading https://repo.maven.apache.org/maven2/org/wildfly/security/wildfly-elytron-http-oidc/1.19.0.Final/wildfly-elytron-http-oidc-1.19.0.Final-sources.jar
2025-07-17 19:54:53,394 [Worker-37: Download sources and javadoc] INFO  o.e.m.c.i.e.AbstractTransferListenerAdapter - Downloaded https://repo.maven.apache.org/maven2/org/wildfly/security/wildfly-elytron-http-oidc/1.19.0.Final/wildfly-elytron-http-oidc-1.19.0.Final-sources.jar
2025-07-17 19:54:53,402 [Worker-37: Download sources and javadoc] INFO  o.e.m.j.internal.DownloadSourcesJob - Downloaded sources for org.wildfly.security:wildfly-elytron-http-oidc:1.19.0.Final
2025-07-17 19:54:53,517 [Worker-37: Download sources and javadoc] INFO  o.e.m.c.i.e.AbstractTransferListenerAdapter - Downloading https://repo.maven.apache.org/maven2/org/apache/httpcomponents/httpclient/4.5.13/httpclient-4.5.13-sources.jar
2025-07-17 19:54:53,790 [Worker-37: Download sources and javadoc] INFO  o.e.m.c.i.e.AbstractTransferListenerAdapter - Downloaded https://repo.maven.apache.org/maven2/org/apache/httpcomponents/httpclient/4.5.13/httpclient-4.5.13-sources.jar
2025-07-17 19:54:53,794 [Worker-37: Download sources and javadoc] INFO  o.e.m.j.internal.DownloadSourcesJob - Downloaded sources for org.apache.httpcomponents:httpclient:4.5.13
2025-07-17 19:54:53,880 [Worker-37: Download sources and javadoc] INFO  o.e.m.c.i.e.AbstractTransferListenerAdapter - Downloading https://repo.maven.apache.org/maven2/org/apache/httpcomponents/httpcore/4.4.15/httpcore-4.4.15-sources.jar
2025-07-17 19:54:54,206 [Worker-37: Download sources and javadoc] INFO  o.e.m.c.i.e.AbstractTransferListenerAdapter - Downloaded https://repo.maven.apache.org/maven2/org/apache/httpcomponents/httpcore/4.4.15/httpcore-4.4.15-sources.jar
2025-07-17 19:54:54,211 [Worker-37: Download sources and javadoc] INFO  o.e.m.j.internal.DownloadSourcesJob - Downloaded sources for org.apache.httpcomponents:httpcore:4.4.15
2025-07-17 19:54:54,349 [Worker-37: Download sources and javadoc] INFO  o.e.m.c.i.e.AbstractTransferListenerAdapter - Downloading https://repo.maven.apache.org/maven2/commons-codec/commons-codec/1.15/commons-codec-1.15-sources.jar
2025-07-17 19:54:54,547 [Worker-37: Download sources and javadoc] INFO  o.e.m.c.i.e.AbstractTransferListenerAdapter - Downloaded https://repo.maven.apache.org/maven2/commons-codec/commons-codec/1.15/commons-codec-1.15-sources.jar
2025-07-17 19:54:54,554 [Worker-37: Download sources and javadoc] INFO  o.e.m.j.internal.DownloadSourcesJob - Downloaded sources for commons-codec:commons-codec:1.15
2025-07-17 19:54:55,045 [Worker-37: Download sources and javadoc] INFO  o.e.m.c.i.e.AbstractTransferListenerAdapter - Downloading https://repo.maven.apache.org/maven2/org/bitbucket/b_c/jose4j/0.7.11/jose4j-0.7.11-sources.jar
2025-07-17 19:54:55,169 [Worker-37: Download sources and javadoc] INFO  o.e.m.c.i.e.AbstractTransferListenerAdapter - Downloaded https://repo.maven.apache.org/maven2/org/bitbucket/b_c/jose4j/0.7.11/jose4j-0.7.11-sources.jar
2025-07-17 19:54:55,173 [Worker-37: Download sources and javadoc] INFO  o.e.m.j.internal.DownloadSourcesJob - Downloaded sources for org.bitbucket.b_c:jose4j:0.7.11
2025-07-17 19:54:55,295 [Worker-37: Download sources and javadoc] INFO  o.e.m.c.i.e.AbstractTransferListenerAdapter - Downloading https://repo.maven.apache.org/maven2/org/wildfly/security/wildfly-elytron-http-spnego/1.19.0.Final/wildfly-elytron-http-spnego-1.19.0.Final-sources.jar
2025-07-17 19:54:55,463 [Worker-34: Updating Maven Dependencies] WARN  o.a.m.r.i.DefaultArtifactDescriptorReader - 1 problem was encountered while building the effective model for org.javassist:javassist:jar:3.18.1-GA during dependency collection step for project (use -X to see details)
2025-07-17 19:54:55,715 [Worker-37: Download sources and javadoc] INFO  o.e.m.c.i.e.AbstractTransferListenerAdapter - Downloaded https://repo.maven.apache.org/maven2/org/wildfly/security/wildfly-elytron-http-spnego/1.19.0.Final/wildfly-elytron-http-spnego-1.19.0.Final-sources.jar
2025-07-17 19:54:55,718 [Worker-37: Download sources and javadoc] INFO  o.e.m.j.internal.DownloadSourcesJob - Downloaded sources for org.wildfly.security:wildfly-elytron-http-spnego:1.19.0.Final
2025-07-17 19:54:55,974 [Worker-37: Download sources and javadoc] INFO  o.e.m.c.i.e.AbstractTransferListenerAdapter - Downloading https://repo.maven.apache.org/maven2/org/wildfly/security/wildfly-elytron-jacc/1.19.0.Final/wildfly-elytron-jacc-1.19.0.Final-sources.jar
2025-07-17 19:54:56,431 [Worker-37: Download sources and javadoc] INFO  o.e.m.c.i.e.AbstractTransferListenerAdapter - Downloaded https://repo.maven.apache.org/maven2/org/wildfly/security/wildfly-elytron-jacc/1.19.0.Final/wildfly-elytron-jacc-1.19.0.Final-sources.jar
2025-07-17 19:54:56,434 [Worker-37: Download sources and javadoc] INFO  o.e.m.j.internal.DownloadSourcesJob - Downloaded sources for org.wildfly.security:wildfly-elytron-jacc:1.19.0.Final
2025-07-17 19:54:56,672 [Worker-37: Download sources and javadoc] INFO  o.e.m.c.i.e.AbstractTransferListenerAdapter - Downloading https://repo.maven.apache.org/maven2/org/wildfly/security/wildfly-elytron-jaspi/1.19.0.Final/wildfly-elytron-jaspi-1.19.0.Final-sources.jar
2025-07-17 19:54:57,382 [Worker-37: Download sources and javadoc] INFO  o.e.m.c.i.e.AbstractTransferListenerAdapter - Downloaded https://repo.maven.apache.org/maven2/org/wildfly/security/wildfly-elytron-jaspi/1.19.0.Final/wildfly-elytron-jaspi-1.19.0.Final-sources.jar
2025-07-17 19:54:57,389 [Worker-37: Download sources and javadoc] INFO  o.e.m.j.internal.DownloadSourcesJob - Downloaded sources for org.wildfly.security:wildfly-elytron-jaspi:1.19.0.Final
2025-07-17 19:54:57,495 [Worker-37: Download sources and javadoc] INFO  o.e.m.c.i.e.AbstractTransferListenerAdapter - Downloading https://repo.maven.apache.org/maven2/org/wildfly/security/wildfly-elytron-json-util/1.19.0.Final/wildfly-elytron-json-util-1.19.0.Final-sources.jar
2025-07-17 19:54:57,706 [Worker-37: Download sources and javadoc] INFO  o.e.m.c.i.e.AbstractTransferListenerAdapter - Downloaded https://repo.maven.apache.org/maven2/org/wildfly/security/wildfly-elytron-json-util/1.19.0.Final/wildfly-elytron-json-util-1.19.0.Final-sources.jar
2025-07-17 19:54:57,711 [Worker-37: Download sources and javadoc] INFO  o.e.m.j.internal.DownloadSourcesJob - Downloaded sources for org.wildfly.security:wildfly-elytron-json-util:1.19.0.Final
2025-07-17 19:54:57,795 [Worker-37: Download sources and javadoc] INFO  o.e.m.c.i.e.AbstractTransferListenerAdapter - Downloading https://repo.maven.apache.org/maven2/org/wildfly/security/wildfly-elytron-jose-jwk/1.19.0.Final/wildfly-elytron-jose-jwk-1.19.0.Final-sources.jar
2025-07-17 19:54:58,276 [Worker-37: Download sources and javadoc] INFO  o.e.m.c.i.e.AbstractTransferListenerAdapter - Downloaded https://repo.maven.apache.org/maven2/org/wildfly/security/wildfly-elytron-jose-jwk/1.19.0.Final/wildfly-elytron-jose-jwk-1.19.0.Final-sources.jar
2025-07-17 19:54:58,283 [Worker-37: Download sources and javadoc] INFO  o.e.m.j.internal.DownloadSourcesJob - Downloaded sources for org.wildfly.security:wildfly-elytron-jose-jwk:1.19.0.Final
2025-07-17 19:54:58,368 [Worker-37: Download sources and javadoc] INFO  o.e.m.c.i.e.AbstractTransferListenerAdapter - Downloading https://repo.maven.apache.org/maven2/com/fasterxml/jackson/core/jackson-annotations/2.12.6/jackson-annotations-2.12.6-sources.jar
2025-07-17 19:54:58,466 [Worker-37: Download sources and javadoc] INFO  o.e.m.c.i.e.AbstractTransferListenerAdapter - Downloaded https://repo.maven.apache.org/maven2/com/fasterxml/jackson/core/jackson-annotations/2.12.6/jackson-annotations-2.12.6-sources.jar
2025-07-17 19:54:58,471 [Worker-37: Download sources and javadoc] INFO  o.e.m.j.internal.DownloadSourcesJob - Downloaded sources for com.fasterxml.jackson.core:jackson-annotations:2.12.6
2025-07-17 19:54:58,855 [Worker-37: Download sources and javadoc] INFO  o.e.m.c.i.e.AbstractTransferListenerAdapter - Downloading https://repo.maven.apache.org/maven2/org/wildfly/security/wildfly-elytron-jose-util/1.19.0.Final/wildfly-elytron-jose-util-1.19.0.Final-sources.jar
2025-07-17 19:54:59,125 [Worker-37: Download sources and javadoc] INFO  o.e.m.c.i.e.AbstractTransferListenerAdapter - Downloaded https://repo.maven.apache.org/maven2/org/wildfly/security/wildfly-elytron-jose-util/1.19.0.Final/wildfly-elytron-jose-util-1.19.0.Final-sources.jar
2025-07-17 19:54:59,129 [Worker-37: Download sources and javadoc] INFO  o.e.m.j.internal.DownloadSourcesJob - Downloaded sources for org.wildfly.security:wildfly-elytron-jose-util:1.19.0.Final
2025-07-17 19:54:59,395 [Worker-37: Download sources and javadoc] INFO  o.e.m.c.i.e.AbstractTransferListenerAdapter - Downloading https://repo.maven.apache.org/maven2/com/fasterxml/jackson/core/jackson-core/2.12.6/jackson-core-2.12.6-sources.jar
2025-07-17 19:54:59,726 [Worker-37: Download sources and javadoc] INFO  o.e.m.c.i.e.AbstractTransferListenerAdapter - Downloaded https://repo.maven.apache.org/maven2/com/fasterxml/jackson/core/jackson-core/2.12.6/jackson-core-2.12.6-sources.jar
2025-07-17 19:54:59,730 [Worker-37: Download sources and javadoc] INFO  o.e.m.j.internal.DownloadSourcesJob - Downloaded sources for com.fasterxml.jackson.core:jackson-core:2.12.6
2025-07-17 19:54:59,819 [Worker-37: Download sources and javadoc] INFO  o.e.m.c.i.e.AbstractTransferListenerAdapter - Downloading https://repo.maven.apache.org/maven2/com/fasterxml/jackson/core/jackson-databind/2.12.6.1/jackson-databind-2.12.6.1-sources.jar
2025-07-17 19:55:00,302 [Worker-37: Download sources and javadoc] INFO  o.e.m.c.i.e.AbstractTransferListenerAdapter - Downloaded https://repo.maven.apache.org/maven2/com/fasterxml/jackson/core/jackson-databind/2.12.6.1/jackson-databind-2.12.6.1-sources.jar
2025-07-17 19:55:00,319 [Worker-37: Download sources and javadoc] INFO  o.e.m.j.internal.DownloadSourcesJob - Downloaded sources for com.fasterxml.jackson.core:jackson-databind:2.12.6.1
2025-07-17 19:55:00,435 [Worker-37: Download sources and javadoc] INFO  o.e.m.c.i.e.AbstractTransferListenerAdapter - Downloading https://repo.maven.apache.org/maven2/org/wildfly/security/wildfly-elytron-mechanism-digest/1.19.0.Final/wildfly-elytron-mechanism-digest-1.19.0.Final-sources.jar
2025-07-17 19:55:00,731 [Worker-37: Download sources and javadoc] INFO  o.e.m.c.i.e.AbstractTransferListenerAdapter - Downloaded https://repo.maven.apache.org/maven2/org/wildfly/security/wildfly-elytron-mechanism-digest/1.19.0.Final/wildfly-elytron-mechanism-digest-1.19.0.Final-sources.jar
2025-07-17 19:55:00,737 [Worker-37: Download sources and javadoc] INFO  o.e.m.j.internal.DownloadSourcesJob - Downloaded sources for org.wildfly.security:wildfly-elytron-mechanism-digest:1.19.0.Final
2025-07-17 19:55:00,945 [Worker-37: Download sources and javadoc] INFO  o.e.m.c.i.e.AbstractTransferListenerAdapter - Downloading https://repo.maven.apache.org/maven2/org/wildfly/security/wildfly-elytron-mechanism-gssapi/1.19.0.Final/wildfly-elytron-mechanism-gssapi-1.19.0.Final-sources.jar
2025-07-17 19:55:01,172 [Worker-37: Download sources and javadoc] INFO  o.e.m.c.i.e.AbstractTransferListenerAdapter - Downloaded https://repo.maven.apache.org/maven2/org/wildfly/security/wildfly-elytron-mechanism-gssapi/1.19.0.Final/wildfly-elytron-mechanism-gssapi-1.19.0.Final-sources.jar
2025-07-17 19:55:01,175 [Worker-37: Download sources and javadoc] INFO  o.e.m.j.internal.DownloadSourcesJob - Downloaded sources for org.wildfly.security:wildfly-elytron-mechanism-gssapi:1.19.0.Final
2025-07-17 19:55:01,677 [Worker-37: Download sources and javadoc] INFO  o.e.m.c.i.e.AbstractTransferListenerAdapter - Downloading https://repo.maven.apache.org/maven2/org/wildfly/security/wildfly-elytron-mechanism-http/1.19.0.Final/wildfly-elytron-mechanism-http-1.19.0.Final-sources.jar
2025-07-17 19:55:01,802 [Worker-37: Download sources and javadoc] INFO  o.e.m.c.i.e.AbstractTransferListenerAdapter - Downloaded https://repo.maven.apache.org/maven2/org/wildfly/security/wildfly-elytron-mechanism-http/1.19.0.Final/wildfly-elytron-mechanism-http-1.19.0.Final-sources.jar
2025-07-17 19:55:01,805 [Worker-37: Download sources and javadoc] INFO  o.e.m.j.internal.DownloadSourcesJob - Downloaded sources for org.wildfly.security:wildfly-elytron-mechanism-http:1.19.0.Final
2025-07-17 19:55:01,930 [Worker-37: Download sources and javadoc] INFO  o.e.m.c.i.e.AbstractTransferListenerAdapter - Downloading https://repo.maven.apache.org/maven2/org/wildfly/security/wildfly-elytron-mechanism-oauth2/1.19.0.Final/wildfly-elytron-mechanism-oauth2-1.19.0.Final-sources.jar
2025-07-17 19:55:02,232 [Worker-37: Download sources and javadoc] INFO  o.e.m.c.i.e.AbstractTransferListenerAdapter - Downloaded https://repo.maven.apache.org/maven2/org/wildfly/security/wildfly-elytron-mechanism-oauth2/1.19.0.Final/wildfly-elytron-mechanism-oauth2-1.19.0.Final-sources.jar
2025-07-17 19:55:02,235 [Worker-37: Download sources and javadoc] INFO  o.e.m.j.internal.DownloadSourcesJob - Downloaded sources for org.wildfly.security:wildfly-elytron-mechanism-oauth2:1.19.0.Final
2025-07-17 19:55:02,344 [Worker-37: Download sources and javadoc] INFO  o.e.m.c.i.e.AbstractTransferListenerAdapter - Downloading https://repo.maven.apache.org/maven2/org/wildfly/security/wildfly-elytron-mechanism-scram/1.19.0.Final/wildfly-elytron-mechanism-scram-1.19.0.Final-sources.jar
2025-07-17 19:55:02,876 [Worker-37: Download sources and javadoc] INFO  o.e.m.c.i.e.AbstractTransferListenerAdapter - Downloaded https://repo.maven.apache.org/maven2/org/wildfly/security/wildfly-elytron-mechanism-scram/1.19.0.Final/wildfly-elytron-mechanism-scram-1.19.0.Final-sources.jar
2025-07-17 19:55:02,883 [Worker-37: Download sources and javadoc] INFO  o.e.m.j.internal.DownloadSourcesJob - Downloaded sources for org.wildfly.security:wildfly-elytron-mechanism-scram:1.19.0.Final
2025-07-17 19:55:02,983 [Worker-37: Download sources and javadoc] INFO  o.e.m.c.i.e.AbstractTransferListenerAdapter - Downloading https://repo.maven.apache.org/maven2/org/wildfly/security/wildfly-elytron-realm-jdbc/1.19.0.Final/wildfly-elytron-realm-jdbc-1.19.0.Final-sources.jar
2025-07-17 19:55:03,706 [Worker-37: Download sources and javadoc] INFO  o.e.m.c.i.e.AbstractTransferListenerAdapter - Downloaded https://repo.maven.apache.org/maven2/org/wildfly/security/wildfly-elytron-realm-jdbc/1.19.0.Final/wildfly-elytron-realm-jdbc-1.19.0.Final-sources.jar
2025-07-17 19:55:03,710 [Worker-37: Download sources and javadoc] INFO  o.e.m.j.internal.DownloadSourcesJob - Downloaded sources for org.wildfly.security:wildfly-elytron-realm-jdbc:1.19.0.Final
2025-07-17 19:55:03,824 [Worker-37: Download sources and javadoc] INFO  o.e.m.c.i.e.AbstractTransferListenerAdapter - Downloading https://repo.maven.apache.org/maven2/org/wildfly/security/wildfly-elytron-realm-ldap/1.19.0.Final/wildfly-elytron-realm-ldap-1.19.0.Final-sources.jar
2025-07-17 19:55:03,882 [Worker-37: Download sources and javadoc] INFO  o.e.m.c.i.e.AbstractTransferListenerAdapter - Downloaded https://repo.maven.apache.org/maven2/org/wildfly/security/wildfly-elytron-realm-ldap/1.19.0.Final/wildfly-elytron-realm-ldap-1.19.0.Final-sources.jar
2025-07-17 19:55:03,885 [Worker-37: Download sources and javadoc] INFO  o.e.m.j.internal.DownloadSourcesJob - Downloaded sources for org.wildfly.security:wildfly-elytron-realm-ldap:1.19.0.Final
2025-07-17 19:55:04,378 [Worker-37: Download sources and javadoc] INFO  o.e.m.c.i.e.AbstractTransferListenerAdapter - Downloading https://repo.maven.apache.org/maven2/org/wildfly/security/wildfly-elytron-realm-token/1.19.0.Final/wildfly-elytron-realm-token-1.19.0.Final-sources.jar
2025-07-17 19:55:04,865 [Worker-37: Download sources and javadoc] INFO  o.e.m.c.i.e.AbstractTransferListenerAdapter - Downloaded https://repo.maven.apache.org/maven2/org/wildfly/security/wildfly-elytron-realm-token/1.19.0.Final/wildfly-elytron-realm-token-1.19.0.Final-sources.jar
2025-07-17 19:55:04,868 [Worker-37: Download sources and javadoc] INFO  o.e.m.j.internal.DownloadSourcesJob - Downloaded sources for org.wildfly.security:wildfly-elytron-realm-token:1.19.0.Final
2025-07-17 19:55:05,176 [Worker-37: Download sources and javadoc] INFO  o.e.m.c.i.e.AbstractTransferListenerAdapter - Downloading https://repo.maven.apache.org/maven2/org/wildfly/security/wildfly-elytron-sasl-digest/1.19.0.Final/wildfly-elytron-sasl-digest-1.19.0.Final-sources.jar
2025-07-17 19:55:05,785 [Worker-37: Download sources and javadoc] INFO  o.e.m.c.i.e.AbstractTransferListenerAdapter - Downloaded https://repo.maven.apache.org/maven2/org/wildfly/security/wildfly-elytron-sasl-digest/1.19.0.Final/wildfly-elytron-sasl-digest-1.19.0.Final-sources.jar
2025-07-17 19:55:05,792 [Worker-37: Download sources and javadoc] INFO  o.e.m.j.internal.DownloadSourcesJob - Downloaded sources for org.wildfly.security:wildfly-elytron-sasl-digest:1.19.0.Final
2025-07-17 19:55:05,901 [Worker-37: Download sources and javadoc] INFO  o.e.m.c.i.e.AbstractTransferListenerAdapter - Downloading https://repo.maven.apache.org/maven2/org/wildfly/security/wildfly-elytron-sasl-entity/1.19.0.Final/wildfly-elytron-sasl-entity-1.19.0.Final-sources.jar
2025-07-17 19:55:06,378 [Worker-37: Download sources and javadoc] INFO  o.e.m.c.i.e.AbstractTransferListenerAdapter - Downloaded https://repo.maven.apache.org/maven2/org/wildfly/security/wildfly-elytron-sasl-entity/1.19.0.Final/wildfly-elytron-sasl-entity-1.19.0.Final-sources.jar
2025-07-17 19:55:06,383 [Worker-37: Download sources and javadoc] INFO  o.e.m.j.internal.DownloadSourcesJob - Downloaded sources for org.wildfly.security:wildfly-elytron-sasl-entity:1.19.0.Final
2025-07-17 19:55:06,496 [Worker-37: Download sources and javadoc] INFO  o.e.m.c.i.e.AbstractTransferListenerAdapter - Downloading https://repo.maven.apache.org/maven2/org/wildfly/security/wildfly-elytron-sasl-external/1.19.0.Final/wildfly-elytron-sasl-external-1.19.0.Final-sources.jar
2025-07-17 19:55:06,875 [Worker-37: Download sources and javadoc] INFO  o.e.m.c.i.e.AbstractTransferListenerAdapter - Downloaded https://repo.maven.apache.org/maven2/org/wildfly/security/wildfly-elytron-sasl-external/1.19.0.Final/wildfly-elytron-sasl-external-1.19.0.Final-sources.jar
2025-07-17 19:55:06,879 [Worker-37: Download sources and javadoc] INFO  o.e.m.j.internal.DownloadSourcesJob - Downloaded sources for org.wildfly.security:wildfly-elytron-sasl-external:1.19.0.Final
2025-07-17 19:55:06,995 [Worker-37: Download sources and javadoc] INFO  o.e.m.c.i.e.AbstractTransferListenerAdapter - Downloading https://repo.maven.apache.org/maven2/org/wildfly/security/wildfly-elytron-sasl-gs2/1.19.0.Final/wildfly-elytron-sasl-gs2-1.19.0.Final-sources.jar
2025-07-17 19:55:07,522 [Worker-37: Download sources and javadoc] INFO  o.e.m.c.i.e.AbstractTransferListenerAdapter - Downloaded https://repo.maven.apache.org/maven2/org/wildfly/security/wildfly-elytron-sasl-gs2/1.19.0.Final/wildfly-elytron-sasl-gs2-1.19.0.Final-sources.jar
2025-07-17 19:55:07,525 [Worker-37: Download sources and javadoc] INFO  o.e.m.j.internal.DownloadSourcesJob - Downloaded sources for org.wildfly.security:wildfly-elytron-sasl-gs2:1.19.0.Final
2025-07-17 19:55:07,640 [Worker-37: Download sources and javadoc] INFO  o.e.m.c.i.e.AbstractTransferListenerAdapter - Downloading https://repo.maven.apache.org/maven2/org/wildfly/security/wildfly-elytron-sasl-gssapi/1.19.0.Final/wildfly-elytron-sasl-gssapi-1.19.0.Final-sources.jar
2025-07-17 19:55:08,069 [Worker-37: Download sources and javadoc] INFO  o.e.m.c.i.e.AbstractTransferListenerAdapter - Downloaded https://repo.maven.apache.org/maven2/org/wildfly/security/wildfly-elytron-sasl-gssapi/1.19.0.Final/wildfly-elytron-sasl-gssapi-1.19.0.Final-sources.jar
2025-07-17 19:55:08,072 [Worker-37: Download sources and javadoc] INFO  o.e.m.j.internal.DownloadSourcesJob - Downloaded sources for org.wildfly.security:wildfly-elytron-sasl-gssapi:1.19.0.Final
2025-07-17 19:55:08,215 [Worker-37: Download sources and javadoc] INFO  o.e.m.c.i.e.AbstractTransferListenerAdapter - Downloading https://repo.maven.apache.org/maven2/org/wildfly/security/wildfly-elytron-sasl-oauth2/1.19.0.Final/wildfly-elytron-sasl-oauth2-1.19.0.Final-sources.jar
2025-07-17 19:55:08,644 [Worker-37: Download sources and javadoc] INFO  o.e.m.c.i.e.AbstractTransferListenerAdapter - Downloaded https://repo.maven.apache.org/maven2/org/wildfly/security/wildfly-elytron-sasl-oauth2/1.19.0.Final/wildfly-elytron-sasl-oauth2-1.19.0.Final-sources.jar
2025-07-17 19:55:08,650 [Worker-37: Download sources and javadoc] INFO  o.e.m.j.internal.DownloadSourcesJob - Downloaded sources for org.wildfly.security:wildfly-elytron-sasl-oauth2:1.19.0.Final
2025-07-17 19:55:08,742 [Worker-37: Download sources and javadoc] INFO  o.e.m.c.i.e.AbstractTransferListenerAdapter - Downloading https://repo.maven.apache.org/maven2/org/wildfly/security/wildfly-elytron-sasl-otp/1.19.0.Final/wildfly-elytron-sasl-otp-1.19.0.Final-sources.jar
2025-07-17 19:55:09,276 [Worker-37: Download sources and javadoc] INFO  o.e.m.c.i.e.AbstractTransferListenerAdapter - Downloaded https://repo.maven.apache.org/maven2/org/wildfly/security/wildfly-elytron-sasl-otp/1.19.0.Final/wildfly-elytron-sasl-otp-1.19.0.Final-sources.jar
2025-07-17 19:55:09,281 [Worker-37: Download sources and javadoc] INFO  o.e.m.j.internal.DownloadSourcesJob - Downloaded sources for org.wildfly.security:wildfly-elytron-sasl-otp:1.19.0.Final
2025-07-17 19:55:09,386 [Worker-37: Download sources and javadoc] INFO  o.e.m.c.i.e.AbstractTransferListenerAdapter - Downloading https://repo.maven.apache.org/maven2/org/wildfly/security/wildfly-elytron-sasl-plain/1.19.0.Final/wildfly-elytron-sasl-plain-1.19.0.Final-sources.jar
2025-07-17 19:55:09,850 [Worker-37: Download sources and javadoc] INFO  o.e.m.c.i.e.AbstractTransferListenerAdapter - Downloaded https://repo.maven.apache.org/maven2/org/wildfly/security/wildfly-elytron-sasl-plain/1.19.0.Final/wildfly-elytron-sasl-plain-1.19.0.Final-sources.jar
2025-07-17 19:55:09,854 [Worker-37: Download sources and javadoc] INFO  o.e.m.j.internal.DownloadSourcesJob - Downloaded sources for org.wildfly.security:wildfly-elytron-sasl-plain:1.19.0.Final
2025-07-17 19:55:10,126 [Worker-37: Download sources and javadoc] INFO  o.e.m.c.i.e.AbstractTransferListenerAdapter - Downloading https://repo.maven.apache.org/maven2/org/wildfly/security/wildfly-elytron-sasl-scram/1.19.0.Final/wildfly-elytron-sasl-scram-1.19.0.Final-sources.jar
2025-07-17 19:55:10,604 [Worker-37: Download sources and javadoc] INFO  o.e.m.c.i.e.AbstractTransferListenerAdapter - Downloaded https://repo.maven.apache.org/maven2/org/wildfly/security/wildfly-elytron-sasl-scram/1.19.0.Final/wildfly-elytron-sasl-scram-1.19.0.Final-sources.jar
2025-07-17 19:55:10,607 [Worker-37: Download sources and javadoc] INFO  o.e.m.j.internal.DownloadSourcesJob - Downloaded sources for org.wildfly.security:wildfly-elytron-sasl-scram:1.19.0.Final
2025-07-17 19:55:10,691 [Worker-37: Download sources and javadoc] INFO  o.e.m.c.i.e.AbstractTransferListenerAdapter - Downloading https://repo.maven.apache.org/maven2/org/wildfly/security/wildfly-elytron-x500-cert-acme/1.19.0.Final/wildfly-elytron-x500-cert-acme-1.19.0.Final-sources.jar
2025-07-17 19:55:11,459 [Worker-37: Download sources and javadoc] INFO  o.e.m.c.i.e.AbstractTransferListenerAdapter - Downloaded https://repo.maven.apache.org/maven2/org/wildfly/security/wildfly-elytron-x500-cert-acme/1.19.0.Final/wildfly-elytron-x500-cert-acme-1.19.0.Final-sources.jar
2025-07-17 19:55:11,463 [Worker-37: Download sources and javadoc] INFO  o.e.m.j.internal.DownloadSourcesJob - Downloaded sources for org.wildfly.security:wildfly-elytron-x500-cert-acme:1.19.0.Final
2025-07-17 19:55:11,652 [Worker-37: Download sources and javadoc] INFO  o.e.m.c.i.e.AbstractTransferListenerAdapter - Downloading https://repo.maven.apache.org/maven2/org/wildfly/security/wildfly-elytron-x500-cert-util/1.19.0.Final/wildfly-elytron-x500-cert-util-1.19.0.Final-sources.jar
2025-07-17 19:55:11,962 [Worker-37: Download sources and javadoc] INFO  o.e.m.c.i.e.AbstractTransferListenerAdapter - Downloaded https://repo.maven.apache.org/maven2/org/wildfly/security/wildfly-elytron-x500-cert-util/1.19.0.Final/wildfly-elytron-x500-cert-util-1.19.0.Final-sources.jar
2025-07-17 19:55:11,969 [Worker-37: Download sources and javadoc] INFO  o.e.m.j.internal.DownloadSourcesJob - Downloaded sources for org.wildfly.security:wildfly-elytron-x500-cert-util:1.19.0.Final
2025-07-17 19:55:12,093 [Worker-37: Download sources and javadoc] INFO  o.e.m.c.i.e.AbstractTransferListenerAdapter - Downloading https://repo.maven.apache.org/maven2/org/wildfly/security/wildfly-elytron-x500-principal/1.19.0.Final/wildfly-elytron-x500-principal-1.19.0.Final-sources.jar
2025-07-17 19:55:12,519 [Worker-37: Download sources and javadoc] INFO  o.e.m.c.i.e.AbstractTransferListenerAdapter - Downloaded https://repo.maven.apache.org/maven2/org/wildfly/security/wildfly-elytron-x500-principal/1.19.0.Final/wildfly-elytron-x500-principal-1.19.0.Final-sources.jar
2025-07-17 19:55:12,525 [Worker-37: Download sources and javadoc] INFO  o.e.m.j.internal.DownloadSourcesJob - Downloaded sources for org.wildfly.security:wildfly-elytron-x500-principal:1.19.0.Final
2025-07-17 19:55:12,634 [Worker-37: Download sources and javadoc] INFO  o.e.m.c.i.e.AbstractTransferListenerAdapter - Downloading https://repo.maven.apache.org/maven2/org/jboss/logging/jboss-logging/3.4.3.Final/jboss-logging-3.4.3.Final-sources.jar
2025-07-17 19:55:13,941 [Worker-37: Download sources and javadoc] INFO  o.e.m.c.i.e.AbstractTransferListenerAdapter - Downloaded https://repo.maven.apache.org/maven2/org/jboss/logging/jboss-logging/3.4.3.Final/jboss-logging-3.4.3.Final-sources.jar
2025-07-17 19:55:13,947 [Worker-37: Download sources and javadoc] INFO  o.e.m.j.internal.DownloadSourcesJob - Downloaded sources for org.jboss.logging:jboss-logging:3.4.3.Final
2025-07-17 19:55:14,070 [Worker-37: Download sources and javadoc] INFO  o.e.m.c.i.e.AbstractTransferListenerAdapter - Downloading https://repo.maven.apache.org/maven2/org/wildfly/client/wildfly-client-config/1.0.1.Final/wildfly-client-config-1.0.1.Final-sources.jar
2025-07-17 19:55:14,910 [Worker-37: Download sources and javadoc] INFO  o.e.m.c.i.e.AbstractTransferListenerAdapter - Downloaded https://repo.maven.apache.org/maven2/org/wildfly/client/wildfly-client-config/1.0.1.Final/wildfly-client-config-1.0.1.Final-sources.jar
2025-07-17 19:55:14,915 [Worker-37: Download sources and javadoc] INFO  o.e.m.j.internal.DownloadSourcesJob - Downloaded sources for org.wildfly.client:wildfly-client-config:1.0.1.Final
2025-07-17 19:55:15,032 [Worker-37: Download sources and javadoc] INFO  o.e.m.c.i.e.AbstractTransferListenerAdapter - Downloading https://repo.maven.apache.org/maven2/org/wildfly/common/wildfly-common/1.6.0.Final/wildfly-common-1.6.0.Final-sources.jar
2025-07-17 19:55:15,235 [Worker-37: Download sources and javadoc] INFO  o.e.m.c.i.e.AbstractTransferListenerAdapter - Downloaded https://repo.maven.apache.org/maven2/org/wildfly/common/wildfly-common/1.6.0.Final/wildfly-common-1.6.0.Final-sources.jar
2025-07-17 19:55:15,240 [Worker-37: Download sources and javadoc] INFO  o.e.m.j.internal.DownloadSourcesJob - Downloaded sources for org.wildfly.common:wildfly-common:1.6.0.Final
2025-07-17 19:55:15,692 [Worker-37: Download sources and javadoc] INFO  o.e.m.c.i.e.AbstractTransferListenerAdapter - Downloading https://repo.maven.apache.org/maven2/org/wildfly/discovery/wildfly-discovery-client/1.2.1.Final/wildfly-discovery-client-1.2.1.Final-sources.jar
2025-07-17 19:55:15,823 [Worker-37: Download sources and javadoc] INFO  o.e.m.c.i.e.AbstractTransferListenerAdapter - Downloaded https://repo.maven.apache.org/maven2/org/wildfly/discovery/wildfly-discovery-client/1.2.1.Final/wildfly-discovery-client-1.2.1.Final-sources.jar
2025-07-17 19:55:15,826 [Worker-37: Download sources and javadoc] INFO  o.e.m.j.internal.DownloadSourcesJob - Downloaded sources for org.wildfly.discovery:wildfly-discovery-client:1.2.1.Final
2025-07-17 19:55:15,957 [Worker-37: Download sources and javadoc] INFO  o.e.m.c.i.e.AbstractTransferListenerAdapter - Downloading https://repo.maven.apache.org/maven2/org/wildfly/security/wildfly-elytron-auth/1.19.0.Final/wildfly-elytron-auth-1.19.0.Final-sources.jar
2025-07-17 19:55:16,528 [Worker-37: Download sources and javadoc] INFO  o.e.m.c.i.e.AbstractTransferListenerAdapter - Downloaded https://repo.maven.apache.org/maven2/org/wildfly/security/wildfly-elytron-auth/1.19.0.Final/wildfly-elytron-auth-1.19.0.Final-sources.jar
2025-07-17 19:55:16,531 [Worker-37: Download sources and javadoc] INFO  o.e.m.j.internal.DownloadSourcesJob - Downloaded sources for org.wildfly.security:wildfly-elytron-auth:1.19.0.Final
2025-07-17 19:55:16,867 [Worker-37: Download sources and javadoc] INFO  o.e.m.c.i.e.AbstractTransferListenerAdapter - Downloading https://repo.maven.apache.org/maven2/org/wildfly/security/wildfly-elytron-auth-server/1.19.0.Final/wildfly-elytron-auth-server-1.19.0.Final-sources.jar
2025-07-17 19:55:17,114 [Worker-37: Download sources and javadoc] INFO  o.e.m.c.i.e.AbstractTransferListenerAdapter - Downloaded https://repo.maven.apache.org/maven2/org/wildfly/security/wildfly-elytron-auth-server/1.19.0.Final/wildfly-elytron-auth-server-1.19.0.Final-sources.jar
2025-07-17 19:55:17,120 [Worker-37: Download sources and javadoc] INFO  o.e.m.j.internal.DownloadSourcesJob - Downloaded sources for org.wildfly.security:wildfly-elytron-auth-server:1.19.0.Final
2025-07-17 19:55:17,399 [Worker-37: Download sources and javadoc] INFO  o.e.m.c.i.e.AbstractTransferListenerAdapter - Downloading https://repo.maven.apache.org/maven2/org/wildfly/security/wildfly-elytron-base/1.19.0.Final/wildfly-elytron-base-1.19.0.Final-sources.jar
2025-07-17 19:55:18,453 [Worker-37: Download sources and javadoc] INFO  o.e.m.c.i.e.AbstractTransferListenerAdapter - Downloaded https://repo.maven.apache.org/maven2/org/wildfly/security/wildfly-elytron-base/1.19.0.Final/wildfly-elytron-base-1.19.0.Final-sources.jar
2025-07-17 19:55:18,458 [Worker-37: Download sources and javadoc] INFO  o.e.m.j.internal.DownloadSourcesJob - Downloaded sources for org.wildfly.security:wildfly-elytron-base:1.19.0.Final
2025-07-17 19:55:18,789 [Worker-37: Download sources and javadoc] INFO  o.e.m.c.i.e.AbstractTransferListenerAdapter - Downloading https://repo.maven.apache.org/maven2/org/wildfly/security/wildfly-elytron-x500/1.19.0.Final/wildfly-elytron-x500-1.19.0.Final-sources.jar
2025-07-17 19:55:19,224 [Worker-37: Download sources and javadoc] INFO  o.e.m.c.i.e.AbstractTransferListenerAdapter - Downloaded https://repo.maven.apache.org/maven2/org/wildfly/security/wildfly-elytron-x500/1.19.0.Final/wildfly-elytron-x500-1.19.0.Final-sources.jar
2025-07-17 19:55:19,231 [Worker-37: Download sources and javadoc] INFO  o.e.m.j.internal.DownloadSourcesJob - Downloaded sources for org.wildfly.security:wildfly-elytron-x500:1.19.0.Final
2025-07-17 19:55:19,560 [Worker-37: Download sources and javadoc] INFO  o.e.m.c.i.e.AbstractTransferListenerAdapter - Downloading https://repo.maven.apache.org/maven2/org/wildfly/security/wildfly-elytron-credential/1.19.0.Final/wildfly-elytron-credential-1.19.0.Final-sources.jar
2025-07-17 19:55:20,187 [Worker-37: Download sources and javadoc] INFO  o.e.m.c.i.e.AbstractTransferListenerAdapter - Downloaded https://repo.maven.apache.org/maven2/org/wildfly/security/wildfly-elytron-credential/1.19.0.Final/wildfly-elytron-credential-1.19.0.Final-sources.jar
2025-07-17 19:55:20,192 [Worker-37: Download sources and javadoc] INFO  o.e.m.j.internal.DownloadSourcesJob - Downloaded sources for org.wildfly.security:wildfly-elytron-credential:1.19.0.Final
2025-07-17 19:55:20,965 [Worker-37: Download sources and javadoc] INFO  o.e.m.c.i.e.AbstractTransferListenerAdapter - Downloading https://repo.maven.apache.org/maven2/org/wildfly/security/wildfly-elytron-asn1/1.19.0.Final/wildfly-elytron-asn1-1.19.0.Final-sources.jar
2025-07-17 19:55:21,434 [Worker-37: Download sources and javadoc] INFO  o.e.m.c.i.e.AbstractTransferListenerAdapter - Downloaded https://repo.maven.apache.org/maven2/org/wildfly/security/wildfly-elytron-asn1/1.19.0.Final/wildfly-elytron-asn1-1.19.0.Final-sources.jar
2025-07-17 19:55:21,441 [Worker-37: Download sources and javadoc] INFO  o.e.m.j.internal.DownloadSourcesJob - Downloaded sources for org.wildfly.security:wildfly-elytron-asn1:1.19.0.Final
2025-07-17 19:55:21,908 [Worker-37: Download sources and javadoc] INFO  o.e.m.c.i.e.AbstractTransferListenerAdapter - Downloading https://repo.maven.apache.org/maven2/org/wildfly/security/wildfly-elytron-keystore/1.19.0.Final/wildfly-elytron-keystore-1.19.0.Final-sources.jar
2025-07-17 19:55:22,941 [Worker-37: Download sources and javadoc] INFO  o.e.m.c.i.e.AbstractTransferListenerAdapter - Downloaded https://repo.maven.apache.org/maven2/org/wildfly/security/wildfly-elytron-keystore/1.19.0.Final/wildfly-elytron-keystore-1.19.0.Final-sources.jar
2025-07-17 19:55:22,945 [Worker-37: Download sources and javadoc] INFO  o.e.m.j.internal.DownloadSourcesJob - Downloaded sources for org.wildfly.security:wildfly-elytron-keystore:1.19.0.Final
2025-07-17 19:55:23,138 [Worker-37: Download sources and javadoc] INFO  o.e.m.c.i.e.AbstractTransferListenerAdapter - Downloading https://repo.maven.apache.org/maven2/org/wildfly/security/wildfly-elytron-provider-util/1.19.0.Final/wildfly-elytron-provider-util-1.19.0.Final-sources.jar
2025-07-17 19:55:23,550 [Worker-37: Download sources and javadoc] INFO  o.e.m.c.i.e.AbstractTransferListenerAdapter - Downloaded https://repo.maven.apache.org/maven2/org/wildfly/security/wildfly-elytron-provider-util/1.19.0.Final/wildfly-elytron-provider-util-1.19.0.Final-sources.jar
2025-07-17 19:55:23,554 [Worker-37: Download sources and javadoc] INFO  o.e.m.j.internal.DownloadSourcesJob - Downloaded sources for org.wildfly.security:wildfly-elytron-provider-util:1.19.0.Final
2025-07-17 19:55:23,649 [Worker-37: Download sources and javadoc] INFO  o.e.m.c.i.e.AbstractTransferListenerAdapter - Downloading https://repo.maven.apache.org/maven2/org/wildfly/security/wildfly-elytron-client/1.19.0.Final/wildfly-elytron-client-1.19.0.Final-sources.jar
2025-07-17 19:55:23,774 [Worker-37: Download sources and javadoc] INFO  o.e.m.c.i.e.AbstractTransferListenerAdapter - Downloaded https://repo.maven.apache.org/maven2/org/wildfly/security/wildfly-elytron-client/1.19.0.Final/wildfly-elytron-client-1.19.0.Final-sources.jar
2025-07-17 19:55:23,780 [Worker-37: Download sources and javadoc] INFO  o.e.m.j.internal.DownloadSourcesJob - Downloaded sources for org.wildfly.security:wildfly-elytron-client:1.19.0.Final
2025-07-17 19:55:23,870 [Worker-37: Download sources and javadoc] INFO  o.e.m.c.i.e.AbstractTransferListenerAdapter - Downloading https://repo.maven.apache.org/maven2/org/wildfly/security/wildfly-elytron-auth-util/1.19.0.Final/wildfly-elytron-auth-util-1.19.0.Final-sources.jar
2025-07-17 19:55:24,476 [Worker-37: Download sources and javadoc] INFO  o.e.m.c.i.e.AbstractTransferListenerAdapter - Downloaded https://repo.maven.apache.org/maven2/org/wildfly/security/wildfly-elytron-auth-util/1.19.0.Final/wildfly-elytron-auth-util-1.19.0.Final-sources.jar
2025-07-17 19:55:24,479 [Worker-37: Download sources and javadoc] INFO  o.e.m.j.internal.DownloadSourcesJob - Downloaded sources for org.wildfly.security:wildfly-elytron-auth-util:1.19.0.Final
2025-07-17 19:55:24,577 [Worker-37: Download sources and javadoc] INFO  o.e.m.c.i.e.AbstractTransferListenerAdapter - Downloading https://repo.maven.apache.org/maven2/org/apache/sshd/sshd-common/2.7.0/sshd-common-2.7.0-sources.jar
2025-07-17 19:55:24,801 [Worker-37: Download sources and javadoc] INFO  o.e.m.c.i.e.AbstractTransferListenerAdapter - Downloaded https://repo.maven.apache.org/maven2/org/apache/sshd/sshd-common/2.7.0/sshd-common-2.7.0-sources.jar
2025-07-17 19:55:24,804 [Worker-37: Download sources and javadoc] INFO  o.e.m.j.internal.DownloadSourcesJob - Downloaded sources for org.apache.sshd:sshd-common:2.7.0
2025-07-17 19:55:25,091 [Worker-37: Download sources and javadoc] INFO  o.e.m.c.i.e.AbstractTransferListenerAdapter - Downloading https://repo.maven.apache.org/maven2/org/slf4j/slf4j-api/1.7.36/slf4j-api-1.7.36-sources.jar
2025-07-17 19:55:25,227 [Worker-37: Download sources and javadoc] INFO  o.e.m.c.i.e.AbstractTransferListenerAdapter - Downloaded https://repo.maven.apache.org/maven2/org/slf4j/slf4j-api/1.7.36/slf4j-api-1.7.36-sources.jar
2025-07-17 19:55:25,232 [Worker-37: Download sources and javadoc] INFO  o.e.m.j.internal.DownloadSourcesJob - Downloaded sources for org.slf4j:slf4j-api:1.7.36
2025-07-17 19:55:25,488 [Worker-37: Download sources and javadoc] INFO  o.e.m.c.i.e.AbstractTransferListenerAdapter - Downloading https://repo.maven.apache.org/maven2/org/slf4j/jcl-over-slf4j/1.7.36/jcl-over-slf4j-1.7.36-sources.jar
2025-07-17 19:55:26,073 [Worker-37: Download sources and javadoc] INFO  o.e.m.c.i.e.AbstractTransferListenerAdapter - Downloaded https://repo.maven.apache.org/maven2/org/slf4j/jcl-over-slf4j/1.7.36/jcl-over-slf4j-1.7.36-sources.jar
2025-07-17 19:55:26,077 [Worker-37: Download sources and javadoc] INFO  o.e.m.j.internal.DownloadSourcesJob - Downloaded sources for org.slf4j:jcl-over-slf4j:1.7.36
2025-07-17 19:55:26,773 [Worker-37: Download sources and javadoc] INFO  o.e.m.c.i.e.AbstractTransferListenerAdapter - Downloading https://repo.maven.apache.org/maven2/org/wildfly/security/wildfly-elytron-credential-source-impl/1.19.0.Final/wildfly-elytron-credential-source-impl-1.19.0.Final-sources.jar
2025-07-17 19:55:27,225 [Worker-37: Download sources and javadoc] INFO  o.e.m.c.i.e.AbstractTransferListenerAdapter - Downloaded https://repo.maven.apache.org/maven2/org/wildfly/security/wildfly-elytron-credential-source-impl/1.19.0.Final/wildfly-elytron-credential-source-impl-1.19.0.Final-sources.jar
2025-07-17 19:55:27,231 [Worker-37: Download sources and javadoc] INFO  o.e.m.j.internal.DownloadSourcesJob - Downloaded sources for org.wildfly.security:wildfly-elytron-credential-source-impl:1.19.0.Final
2025-07-17 19:55:27,440 [Worker-37: Download sources and javadoc] INFO  o.e.m.c.i.e.AbstractTransferListenerAdapter - Downloading https://repo.maven.apache.org/maven2/org/wildfly/security/wildfly-elytron-credential-store/1.19.0.Final/wildfly-elytron-credential-store-1.19.0.Final-sources.jar
2025-07-17 19:55:28,272 [Worker-37: Download sources and javadoc] INFO  o.e.m.c.i.e.AbstractTransferListenerAdapter - Downloaded https://repo.maven.apache.org/maven2/org/wildfly/security/wildfly-elytron-credential-store/1.19.0.Final/wildfly-elytron-credential-store-1.19.0.Final-sources.jar
2025-07-17 19:55:28,276 [Worker-37: Download sources and javadoc] INFO  o.e.m.j.internal.DownloadSourcesJob - Downloaded sources for org.wildfly.security:wildfly-elytron-credential-store:1.19.0.Final
2025-07-17 19:55:28,416 [Worker-37: Download sources and javadoc] INFO  o.e.m.c.i.e.AbstractTransferListenerAdapter - Downloading https://repo.maven.apache.org/maven2/org/wildfly/security/wildfly-elytron-mechanism/1.19.0.Final/wildfly-elytron-mechanism-1.19.0.Final-sources.jar
2025-07-17 19:55:28,853 [Worker-37: Download sources and javadoc] INFO  o.e.m.c.i.e.AbstractTransferListenerAdapter - Downloaded https://repo.maven.apache.org/maven2/org/wildfly/security/wildfly-elytron-mechanism/1.19.0.Final/wildfly-elytron-mechanism-1.19.0.Final-sources.jar
2025-07-17 19:55:28,858 [Worker-37: Download sources and javadoc] INFO  o.e.m.j.internal.DownloadSourcesJob - Downloaded sources for org.wildfly.security:wildfly-elytron-mechanism:1.19.0.Final
2025-07-17 19:55:29,052 [Worker-37: Download sources and javadoc] INFO  o.e.m.c.i.e.AbstractTransferListenerAdapter - Downloading https://repo.maven.apache.org/maven2/org/wildfly/security/wildfly-elytron-password-impl/1.19.0.Final/wildfly-elytron-password-impl-1.19.0.Final-sources.jar
2025-07-17 19:55:29,146 [Worker-37: Download sources and javadoc] INFO  o.e.m.c.i.e.AbstractTransferListenerAdapter - Downloaded https://repo.maven.apache.org/maven2/org/wildfly/security/wildfly-elytron-password-impl/1.19.0.Final/wildfly-elytron-password-impl-1.19.0.Final-sources.jar
2025-07-17 19:55:29,149 [Worker-37: Download sources and javadoc] INFO  o.e.m.j.internal.DownloadSourcesJob - Downloaded sources for org.wildfly.security:wildfly-elytron-password-impl:1.19.0.Final
2025-07-17 19:55:29,372 [Worker-37: Download sources and javadoc] INFO  o.e.m.c.i.e.AbstractTransferListenerAdapter - Downloading https://repo.maven.apache.org/maven2/org/wildfly/security/wildfly-elytron-x500-cert/1.19.0.Final/wildfly-elytron-x500-cert-1.19.0.Final-sources.jar
2025-07-17 19:55:29,485 [Worker-37: Download sources and javadoc] INFO  o.e.m.c.i.e.AbstractTransferListenerAdapter - Downloaded https://repo.maven.apache.org/maven2/org/wildfly/security/wildfly-elytron-x500-cert/1.19.0.Final/wildfly-elytron-x500-cert-1.19.0.Final-sources.jar
2025-07-17 19:55:29,490 [Worker-37: Download sources and javadoc] INFO  o.e.m.j.internal.DownloadSourcesJob - Downloaded sources for org.wildfly.security:wildfly-elytron-x500-cert:1.19.0.Final
2025-07-17 19:55:29,767 [Worker-37: Download sources and javadoc] INFO  o.e.m.c.i.e.AbstractTransferListenerAdapter - Downloading https://repo.maven.apache.org/maven2/org/wildfly/security/wildfly-elytron-security-manager/1.19.0.Final/wildfly-elytron-security-manager-1.19.0.Final-sources.jar
2025-07-17 19:55:30,251 [Worker-37: Download sources and javadoc] INFO  o.e.m.c.i.e.AbstractTransferListenerAdapter - Downloaded https://repo.maven.apache.org/maven2/org/wildfly/security/wildfly-elytron-security-manager/1.19.0.Final/wildfly-elytron-security-manager-1.19.0.Final-sources.jar
2025-07-17 19:55:30,256 [Worker-37: Download sources and javadoc] INFO  o.e.m.j.internal.DownloadSourcesJob - Downloaded sources for org.wildfly.security:wildfly-elytron-security-manager:1.19.0.Final
2025-07-17 19:55:30,981 [Worker-37: Download sources and javadoc] INFO  o.e.m.c.i.e.AbstractTransferListenerAdapter - Downloading https://repo.maven.apache.org/maven2/org/wildfly/security/wildfly-elytron-security-manager-action/1.19.0.Final/wildfly-elytron-security-manager-action-1.19.0.Final-sources.jar
2025-07-17 19:55:31,890 [Worker-37: Download sources and javadoc] INFO  o.e.m.c.i.e.AbstractTransferListenerAdapter - Downloaded https://repo.maven.apache.org/maven2/org/wildfly/security/wildfly-elytron-security-manager-action/1.19.0.Final/wildfly-elytron-security-manager-action-1.19.0.Final-sources.jar
2025-07-17 19:55:31,894 [Worker-37: Download sources and javadoc] INFO  o.e.m.j.internal.DownloadSourcesJob - Downloaded sources for org.wildfly.security:wildfly-elytron-security-manager-action:1.19.0.Final
2025-07-17 19:55:32,047 [Worker-37: Download sources and javadoc] INFO  o.e.m.c.i.e.AbstractTransferListenerAdapter - Downloading https://repo.maven.apache.org/maven2/org/wildfly/security/wildfly-elytron-permission/1.19.0.Final/wildfly-elytron-permission-1.19.0.Final-sources.jar
2025-07-17 19:55:32,122 [Worker-37: Download sources and javadoc] INFO  o.e.m.c.i.e.AbstractTransferListenerAdapter - Downloaded https://repo.maven.apache.org/maven2/org/wildfly/security/wildfly-elytron-permission/1.19.0.Final/wildfly-elytron-permission-1.19.0.Final-sources.jar
2025-07-17 19:55:32,127 [Worker-37: Download sources and javadoc] INFO  o.e.m.j.internal.DownloadSourcesJob - Downloaded sources for org.wildfly.security:wildfly-elytron-permission:1.19.0.Final
2025-07-17 19:55:32,234 [Worker-37: Download sources and javadoc] INFO  o.e.m.c.i.e.AbstractTransferListenerAdapter - Downloading https://repo.maven.apache.org/maven2/org/wildfly/security/wildfly-elytron-sasl/1.19.0.Final/wildfly-elytron-sasl-1.19.0.Final-sources.jar
2025-07-17 19:55:32,329 [Worker-37: Download sources and javadoc] INFO  o.e.m.c.i.e.AbstractTransferListenerAdapter - Downloaded https://repo.maven.apache.org/maven2/org/wildfly/security/wildfly-elytron-sasl/1.19.0.Final/wildfly-elytron-sasl-1.19.0.Final-sources.jar
2025-07-17 19:55:32,333 [Worker-37: Download sources and javadoc] INFO  o.e.m.j.internal.DownloadSourcesJob - Downloaded sources for org.wildfly.security:wildfly-elytron-sasl:1.19.0.Final
2025-07-17 19:55:33,072 [Worker-37: Download sources and javadoc] INFO  o.e.m.c.i.e.AbstractTransferListenerAdapter - Downloading https://repo.maven.apache.org/maven2/org/wildfly/security/wildfly-elytron-ssl/1.19.0.Final/wildfly-elytron-ssl-1.19.0.Final-sources.jar
2025-07-17 19:55:33,352 [Worker-37: Download sources and javadoc] INFO  o.e.m.c.i.e.AbstractTransferListenerAdapter - Downloaded https://repo.maven.apache.org/maven2/org/wildfly/security/wildfly-elytron-ssl/1.19.0.Final/wildfly-elytron-ssl-1.19.0.Final-sources.jar
2025-07-17 19:55:33,356 [Worker-37: Download sources and javadoc] INFO  o.e.m.j.internal.DownloadSourcesJob - Downloaded sources for org.wildfly.security:wildfly-elytron-ssl:1.19.0.Final
2025-07-17 19:55:33,540 [Worker-37: Download sources and javadoc] INFO  o.e.m.c.i.e.AbstractTransferListenerAdapter - Downloading https://repo.maven.apache.org/maven2/org/wildfly/security/wildfly-elytron-realm/1.19.0.Final/wildfly-elytron-realm-1.19.0.Final-sources.jar
2025-07-17 19:55:33,623 [Worker-37: Download sources and javadoc] INFO  o.e.m.c.i.e.AbstractTransferListenerAdapter - Downloaded https://repo.maven.apache.org/maven2/org/wildfly/security/wildfly-elytron-realm/1.19.0.Final/wildfly-elytron-realm-1.19.0.Final-sources.jar
2025-07-17 19:55:33,628 [Worker-37: Download sources and javadoc] INFO  o.e.m.j.internal.DownloadSourcesJob - Downloaded sources for org.wildfly.security:wildfly-elytron-realm:1.19.0.Final
2025-07-17 19:55:33,886 [Worker-37: Download sources and javadoc] INFO  o.e.m.c.i.e.AbstractTransferListenerAdapter - Downloading https://repo.maven.apache.org/maven2/org/wildfly/security/wildfly-elytron-encryption/1.19.0.Final/wildfly-elytron-encryption-1.19.0.Final-sources.jar
2025-07-17 19:55:34,222 [Worker-37: Download sources and javadoc] INFO  o.e.m.c.i.e.AbstractTransferListenerAdapter - Downloaded https://repo.maven.apache.org/maven2/org/wildfly/security/wildfly-elytron-encryption/1.19.0.Final/wildfly-elytron-encryption-1.19.0.Final-sources.jar
2025-07-17 19:55:34,227 [Worker-37: Download sources and javadoc] INFO  o.e.m.j.internal.DownloadSourcesJob - Downloaded sources for org.wildfly.security:wildfly-elytron-encryption:1.19.0.Final
2025-07-17 19:55:34,372 [Worker-37: Download sources and javadoc] INFO  o.e.m.c.i.e.AbstractTransferListenerAdapter - Downloading https://repo.maven.apache.org/maven2/org/wildfly/security/wildfly-elytron-sasl-localuser/1.19.0.Final/wildfly-elytron-sasl-localuser-1.19.0.Final-sources.jar
2025-07-17 19:55:34,794 [Worker-37: Download sources and javadoc] INFO  o.e.m.c.i.e.AbstractTransferListenerAdapter - Downloaded https://repo.maven.apache.org/maven2/org/wildfly/security/wildfly-elytron-sasl-localuser/1.19.0.Final/wildfly-elytron-sasl-localuser-1.19.0.Final-sources.jar
2025-07-17 19:55:34,801 [Worker-37: Download sources and javadoc] INFO  o.e.m.j.internal.DownloadSourcesJob - Downloaded sources for org.wildfly.security:wildfly-elytron-sasl-localuser:1.19.0.Final
2025-07-17 19:55:34,988 [Worker-37: Download sources and javadoc] INFO  o.e.m.c.i.e.AbstractTransferListenerAdapter - Downloading https://repo.maven.apache.org/maven2/org/wildfly/security/wildfly-elytron-http-sso/1.19.0.Final/wildfly-elytron-http-sso-1.19.0.Final-sources.jar
2025-07-17 19:55:35,934 [Worker-37: Download sources and javadoc] INFO  o.e.m.c.i.e.AbstractTransferListenerAdapter - Downloaded https://repo.maven.apache.org/maven2/org/wildfly/security/wildfly-elytron-http-sso/1.19.0.Final/wildfly-elytron-http-sso-1.19.0.Final-sources.jar
2025-07-17 19:55:35,938 [Worker-37: Download sources and javadoc] INFO  o.e.m.j.internal.DownloadSourcesJob - Downloaded sources for org.wildfly.security:wildfly-elytron-http-sso:1.19.0.Final
2025-07-17 19:55:36,041 [Worker-37: Download sources and javadoc] INFO  o.e.m.c.i.e.AbstractTransferListenerAdapter - Downloading https://repo.maven.apache.org/maven2/org/wildfly/security/wildfly-elytron-http/1.19.0.Final/wildfly-elytron-http-1.19.0.Final-sources.jar
2025-07-17 19:55:36,984 [Worker-37: Download sources and javadoc] INFO  o.e.m.c.i.e.AbstractTransferListenerAdapter - Downloaded https://repo.maven.apache.org/maven2/org/wildfly/security/wildfly-elytron-http/1.19.0.Final/wildfly-elytron-http-1.19.0.Final-sources.jar
2025-07-17 19:55:36,993 [Worker-37: Download sources and javadoc] INFO  o.e.m.j.internal.DownloadSourcesJob - Downloaded sources for org.wildfly.security:wildfly-elytron-http:1.19.0.Final
2025-07-17 19:55:37,086 [Worker-37: Download sources and javadoc] INFO  o.e.m.c.i.e.AbstractTransferListenerAdapter - Downloading https://repo.maven.apache.org/maven2/org/wildfly/security/wildfly-elytron-http-util/1.19.0.Final/wildfly-elytron-http-util-1.19.0.Final-sources.jar
2025-07-17 19:55:37,908 [Worker-37: Download sources and javadoc] INFO  o.e.m.c.i.e.AbstractTransferListenerAdapter - Downloaded https://repo.maven.apache.org/maven2/org/wildfly/security/wildfly-elytron-http-util/1.19.0.Final/wildfly-elytron-http-util-1.19.0.Final-sources.jar
2025-07-17 19:55:37,914 [Worker-37: Download sources and javadoc] INFO  o.e.m.j.internal.DownloadSourcesJob - Downloaded sources for org.wildfly.security:wildfly-elytron-http-util:1.19.0.Final
2025-07-17 19:55:38,025 [Worker-37: Download sources and javadoc] INFO  o.e.m.c.i.e.AbstractTransferListenerAdapter - Downloading https://repo.maven.apache.org/maven2/org/wildfly/security/wildfly-elytron-util/1.19.0.Final/wildfly-elytron-util-1.19.0.Final-sources.jar
2025-07-17 19:55:38,791 [Worker-37: Download sources and javadoc] INFO  o.e.m.c.i.e.AbstractTransferListenerAdapter - Downloaded https://repo.maven.apache.org/maven2/org/wildfly/security/wildfly-elytron-util/1.19.0.Final/wildfly-elytron-util-1.19.0.Final-sources.jar
2025-07-17 19:55:38,795 [Worker-37: Download sources and javadoc] INFO  o.e.m.j.internal.DownloadSourcesJob - Downloaded sources for org.wildfly.security:wildfly-elytron-util:1.19.0.Final
2025-07-17 19:55:39,001 [Worker-37: Download sources and javadoc] INFO  o.e.m.c.i.e.AbstractTransferListenerAdapter - Downloading https://repo.maven.apache.org/maven2/org/wildfly/wildfly-naming-client/1.0.15.Final/wildfly-naming-client-1.0.15.Final-sources.jar
2025-07-17 19:55:39,132 [Worker-37: Download sources and javadoc] INFO  o.e.m.c.i.e.AbstractTransferListenerAdapter - Downloaded https://repo.maven.apache.org/maven2/org/wildfly/wildfly-naming-client/1.0.15.Final/wildfly-naming-client-1.0.15.Final-sources.jar
2025-07-17 19:55:39,135 [Worker-37: Download sources and javadoc] INFO  o.e.m.j.internal.DownloadSourcesJob - Downloaded sources for org.wildfly:wildfly-naming-client:1.0.15.Final
2025-07-17 19:55:39,355 [Worker-37: Download sources and javadoc] INFO  o.e.m.c.i.e.AbstractTransferListenerAdapter - Downloading https://repo.maven.apache.org/maven2/org/wildfly/security/wildfly-elytron-sasl-anonymous/1.19.0.Final/wildfly-elytron-sasl-anonymous-1.19.0.Final-sources.jar
2025-07-17 19:55:39,758 [Worker-37: Download sources and javadoc] INFO  o.e.m.c.i.e.AbstractTransferListenerAdapter - Downloaded https://repo.maven.apache.org/maven2/org/wildfly/security/wildfly-elytron-sasl-anonymous/1.19.0.Final/wildfly-elytron-sasl-anonymous-1.19.0.Final-sources.jar
2025-07-17 19:55:39,763 [Worker-37: Download sources and javadoc] INFO  o.e.m.j.internal.DownloadSourcesJob - Downloaded sources for org.wildfly.security:wildfly-elytron-sasl-anonymous:1.19.0.Final
2025-07-17 19:55:39,854 [Worker-37: Download sources and javadoc] INFO  o.e.m.c.i.e.AbstractTransferListenerAdapter - Downloading https://repo.maven.apache.org/maven2/org/wildfly/security/wildfly-elytron-sasl-auth-util/1.19.0.Final/wildfly-elytron-sasl-auth-util-1.19.0.Final-sources.jar
2025-07-17 19:55:40,222 [Worker-37: Download sources and javadoc] INFO  o.e.m.c.i.e.AbstractTransferListenerAdapter - Downloaded https://repo.maven.apache.org/maven2/org/wildfly/security/wildfly-elytron-sasl-auth-util/1.19.0.Final/wildfly-elytron-sasl-auth-util-1.19.0.Final-sources.jar
2025-07-17 19:55:40,229 [Worker-37: Download sources and javadoc] INFO  o.e.m.j.internal.DownloadSourcesJob - Downloaded sources for org.wildfly.security:wildfly-elytron-sasl-auth-util:1.19.0.Final
2025-07-17 19:55:40,334 [Worker-37: Download sources and javadoc] INFO  o.e.m.c.i.e.AbstractTransferListenerAdapter - Downloading https://repo.maven.apache.org/maven2/org/jboss/ejb3/jboss-ejb3-ext-api/2.3.0.Final/jboss-ejb3-ext-api-2.3.0.Final-sources.jar
2025-07-17 19:55:40,825 [Worker-37: Download sources and javadoc] INFO  o.e.m.c.i.e.AbstractTransferListenerAdapter - Downloaded https://repo.maven.apache.org/maven2/org/jboss/ejb3/jboss-ejb3-ext-api/2.3.0.Final/jboss-ejb3-ext-api-2.3.0.Final-sources.jar
2025-07-17 19:55:40,831 [Worker-37: Download sources and javadoc] INFO  o.e.m.j.internal.DownloadSourcesJob - Downloaded sources for org.jboss.ejb3:jboss-ejb3-ext-api:2.3.0.Final
2025-07-17 19:55:40,968 [Worker-37: Download sources and javadoc] INFO  o.e.m.c.i.e.AbstractTransferListenerAdapter - Downloading https://repo.maven.apache.org/maven2/org/jboss/spec/javax/resource/jboss-connector-api_1.7_spec/2.0.0.Final/jboss-connector-api_1.7_spec-2.0.0.Final-sources.jar
2025-07-17 19:55:41,089 [Worker-37: Download sources and javadoc] INFO  o.e.m.c.i.e.AbstractTransferListenerAdapter - Downloaded https://repo.maven.apache.org/maven2/org/jboss/spec/javax/resource/jboss-connector-api_1.7_spec/2.0.0.Final/jboss-connector-api_1.7_spec-2.0.0.Final-sources.jar
2025-07-17 19:55:41,095 [Worker-37: Download sources and javadoc] INFO  o.e.m.j.internal.DownloadSourcesJob - Downloaded sources for org.jboss.spec.javax.resource:jboss-connector-api_1.7_spec:2.0.0.Final
2025-07-17 19:55:41,407 [Worker-37: Download sources and javadoc] INFO  o.e.m.c.i.e.AbstractTransferListenerAdapter - Downloading https://repo.maven.apache.org/maven2/org/jboss/spec/javax/transaction/jboss-transaction-api_1.3_spec/2.0.0.Final/jboss-transaction-api_1.3_spec-2.0.0.Final-sources.jar
2025-07-17 19:55:42,236 [Worker-37: Download sources and javadoc] INFO  o.e.m.c.i.e.AbstractTransferListenerAdapter - Downloaded https://repo.maven.apache.org/maven2/org/jboss/spec/javax/transaction/jboss-transaction-api_1.3_spec/2.0.0.Final/jboss-transaction-api_1.3_spec-2.0.0.Final-sources.jar
2025-07-17 19:55:42,242 [Worker-37: Download sources and javadoc] INFO  o.e.m.j.internal.DownloadSourcesJob - Downloaded sources for org.jboss.spec.javax.transaction:jboss-transaction-api_1.3_spec:2.0.0.Final
2025-07-17 19:55:42,841 [Worker-37: Download sources and javadoc] INFO  o.e.m.c.i.e.AbstractTransferListenerAdapter - Downloading https://repo.maven.apache.org/maven2/org/wildfly/wildfly-http-client/wildfly-http-ejb-client/1.1.11.Final/wildfly-http-ejb-client-1.1.11.Final-sources.jar
2025-07-17 19:55:43,982 [Worker-37: Download sources and javadoc] INFO  o.e.m.c.i.e.AbstractTransferListenerAdapter - Downloaded https://repo.maven.apache.org/maven2/org/wildfly/wildfly-http-client/wildfly-http-ejb-client/1.1.11.Final/wildfly-http-ejb-client-1.1.11.Final-sources.jar
2025-07-17 19:55:43,987 [Worker-37: Download sources and javadoc] INFO  o.e.m.j.internal.DownloadSourcesJob - Downloaded sources for org.wildfly.wildfly-http-client:wildfly-http-ejb-client:1.1.11.Final
2025-07-17 19:55:44,134 [Worker-37: Download sources and javadoc] INFO  o.e.m.c.i.e.AbstractTransferListenerAdapter - Downloading https://repo.maven.apache.org/maven2/org/kohsuke/metainf-services/metainf-services/1.7/metainf-services-1.7-sources.jar
2025-07-17 19:55:44,226 [Worker-37: Download sources and javadoc] INFO  o.e.m.c.i.e.AbstractTransferListenerAdapter - Downloaded https://repo.maven.apache.org/maven2/org/kohsuke/metainf-services/metainf-services/1.7/metainf-services-1.7-sources.jar
2025-07-17 19:55:44,233 [Worker-37: Download sources and javadoc] INFO  o.e.m.j.internal.DownloadSourcesJob - Downloaded sources for org.kohsuke.metainf-services:metainf-services:1.7
2025-07-17 19:55:47,915 [Worker-37: Download sources and javadoc] INFO  o.e.m.c.i.e.AbstractTransferListenerAdapter - Downloading https://repo.maven.apache.org/maven2/io/undertow/undertow-core/2.2.17.Final/undertow-core-2.2.17.Final-sources.jar
2025-07-17 19:55:48,691 [Worker-37: Download sources and javadoc] INFO  o.e.m.c.i.e.AbstractTransferListenerAdapter - Downloaded https://repo.maven.apache.org/maven2/io/undertow/undertow-core/2.2.17.Final/undertow-core-2.2.17.Final-sources.jar
2025-07-17 19:55:48,698 [Worker-37: Download sources and javadoc] INFO  o.e.m.j.internal.DownloadSourcesJob - Downloaded sources for io.undertow:undertow-core:2.2.17.Final
2025-07-17 19:55:49,510 [Worker-37: Download sources and javadoc] INFO  o.e.m.c.i.e.AbstractTransferListenerAdapter - Downloading https://repo.maven.apache.org/maven2/org/wildfly/wildfly-http-client/wildfly-http-client-common/1.1.11.Final/wildfly-http-client-common-1.1.11.Final-sources.jar
2025-07-17 19:55:50,252 [Worker-37: Download sources and javadoc] INFO  o.e.m.c.i.e.AbstractTransferListenerAdapter - Downloaded https://repo.maven.apache.org/maven2/org/wildfly/wildfly-http-client/wildfly-http-client-common/1.1.11.Final/wildfly-http-client-common-1.1.11.Final-sources.jar
2025-07-17 19:55:50,258 [Worker-37: Download sources and javadoc] INFO  o.e.m.j.internal.DownloadSourcesJob - Downloaded sources for org.wildfly.wildfly-http-client:wildfly-http-client-common:1.1.11.Final
2025-07-17 19:55:50,365 [Worker-37: Download sources and javadoc] INFO  o.e.m.c.i.e.AbstractTransferListenerAdapter - Downloading https://repo.maven.apache.org/maven2/org/wildfly/security/wildfly-elytron-auth-server-http/1.19.0.Final/wildfly-elytron-auth-server-http-1.19.0.Final-sources.jar
2025-07-17 19:55:50,647 [Worker-37: Download sources and javadoc] INFO  o.e.m.c.i.e.AbstractTransferListenerAdapter - Downloaded https://repo.maven.apache.org/maven2/org/wildfly/security/wildfly-elytron-auth-server-http/1.19.0.Final/wildfly-elytron-auth-server-http-1.19.0.Final-sources.jar
2025-07-17 19:55:50,650 [Worker-37: Download sources and javadoc] INFO  o.e.m.j.internal.DownloadSourcesJob - Downloaded sources for org.wildfly.security:wildfly-elytron-auth-server-http:1.19.0.Final
2025-07-17 19:55:50,860 [Worker-37: Download sources and javadoc] INFO  o.e.m.c.i.e.AbstractTransferListenerAdapter - Downloading https://repo.maven.apache.org/maven2/org/wildfly/security/wildfly-elytron-http-basic/1.19.0.Final/wildfly-elytron-http-basic-1.19.0.Final-sources.jar
2025-07-17 19:55:51,151 [Worker-37: Download sources and javadoc] INFO  o.e.m.c.i.e.AbstractTransferListenerAdapter - Downloaded https://repo.maven.apache.org/maven2/org/wildfly/security/wildfly-elytron-http-basic/1.19.0.Final/wildfly-elytron-http-basic-1.19.0.Final-sources.jar
2025-07-17 19:55:51,158 [Worker-37: Download sources and javadoc] INFO  o.e.m.j.internal.DownloadSourcesJob - Downloaded sources for org.wildfly.security:wildfly-elytron-http-basic:1.19.0.Final
2025-07-17 19:55:51,373 [Worker-37: Download sources and javadoc] INFO  o.e.m.c.i.e.AbstractTransferListenerAdapter - Downloading https://repo.maven.apache.org/maven2/org/wildfly/security/wildfly-elytron-http-cert/1.19.0.Final/wildfly-elytron-http-cert-1.19.0.Final-sources.jar
2025-07-17 19:55:51,712 [Worker-37: Download sources and javadoc] INFO  o.e.m.c.i.e.AbstractTransferListenerAdapter - Downloaded https://repo.maven.apache.org/maven2/org/wildfly/security/wildfly-elytron-http-cert/1.19.0.Final/wildfly-elytron-http-cert-1.19.0.Final-sources.jar
2025-07-17 19:55:51,715 [Worker-37: Download sources and javadoc] INFO  o.e.m.j.internal.DownloadSourcesJob - Downloaded sources for org.wildfly.security:wildfly-elytron-http-cert:1.19.0.Final
2025-07-17 19:55:52,028 [Worker-37: Download sources and javadoc] INFO  o.e.m.c.i.e.AbstractTransferListenerAdapter - Downloading https://repo.maven.apache.org/maven2/org/wildfly/security/wildfly-elytron-http-digest/1.19.0.Final/wildfly-elytron-http-digest-1.19.0.Final-sources.jar
2025-07-17 19:55:52,373 [Worker-37: Download sources and javadoc] INFO  o.e.m.c.i.e.AbstractTransferListenerAdapter - Downloaded https://repo.maven.apache.org/maven2/org/wildfly/security/wildfly-elytron-http-digest/1.19.0.Final/wildfly-elytron-http-digest-1.19.0.Final-sources.jar
2025-07-17 19:55:52,379 [Worker-37: Download sources and javadoc] INFO  o.e.m.j.internal.DownloadSourcesJob - Downloaded sources for org.wildfly.security:wildfly-elytron-http-digest:1.19.0.Final
2025-07-17 19:55:52,869 [Worker-37: Download sources and javadoc] INFO  o.e.m.c.i.e.AbstractTransferListenerAdapter - Downloading https://repo.maven.apache.org/maven2/org/wildfly/wildfly-http-client/wildfly-http-naming-client/1.1.11.Final/wildfly-http-naming-client-1.1.11.Final-sources.jar
2025-07-17 19:55:53,397 [Worker-37: Download sources and javadoc] INFO  o.e.m.c.i.e.AbstractTransferListenerAdapter - Downloaded https://repo.maven.apache.org/maven2/org/wildfly/wildfly-http-client/wildfly-http-naming-client/1.1.11.Final/wildfly-http-naming-client-1.1.11.Final-sources.jar
2025-07-17 19:55:53,404 [Worker-37: Download sources and javadoc] INFO  o.e.m.j.internal.DownloadSourcesJob - Downloaded sources for org.wildfly.wildfly-http-client:wildfly-http-naming-client:1.1.11.Final
2025-07-17 19:55:54,177 [Worker-37: Download sources and javadoc] INFO  o.e.m.c.i.e.AbstractTransferListenerAdapter - Downloading https://repo.maven.apache.org/maven2/org/wildfly/wildfly-http-client/wildfly-http-transaction-client/1.1.11.Final/wildfly-http-transaction-client-1.1.11.Final-sources.jar
2025-07-17 19:55:54,673 [Worker-37: Download sources and javadoc] INFO  o.e.m.c.i.e.AbstractTransferListenerAdapter - Downloaded https://repo.maven.apache.org/maven2/org/wildfly/wildfly-http-client/wildfly-http-transaction-client/1.1.11.Final/wildfly-http-transaction-client-1.1.11.Final-sources.jar
2025-07-17 19:55:54,678 [Worker-37: Download sources and javadoc] INFO  o.e.m.j.internal.DownloadSourcesJob - Downloaded sources for org.wildfly.wildfly-http-client:wildfly-http-transaction-client:1.1.11.Final
2025-07-17 19:55:54,820 [Worker-37: Download sources and javadoc] INFO  o.e.m.c.i.e.AbstractTransferListenerAdapter - Downloading https://repo.maven.apache.org/maven2/org/hibernate/hibernate-core/4.3.5.Final/hibernate-core-4.3.5.Final-sources.jar
2025-07-17 19:55:56,349 [Worker-37: Download sources and javadoc] INFO  o.e.m.c.i.e.AbstractTransferListenerAdapter - Downloaded https://repo.maven.apache.org/maven2/org/hibernate/hibernate-core/4.3.5.Final/hibernate-core-4.3.5.Final-sources.jar
2025-07-17 19:55:56,353 [Worker-37: Download sources and javadoc] INFO  o.e.m.j.internal.DownloadSourcesJob - Downloaded sources for org.hibernate:hibernate-core:4.3.5.Final
2025-07-17 19:55:56,626 [Worker-37: Download sources and javadoc] INFO  o.e.m.c.i.e.AbstractTransferListenerAdapter - Downloading https://repo.maven.apache.org/maven2/org/jboss/logging/jboss-logging-annotations/1.2.0.Beta1/jboss-logging-annotations-1.2.0.Beta1-sources.jar
2025-07-17 19:55:57,129 [Worker-37: Download sources and javadoc] INFO  o.e.m.c.i.e.AbstractTransferListenerAdapter - Downloaded https://repo.maven.apache.org/maven2/org/jboss/logging/jboss-logging-annotations/1.2.0.Beta1/jboss-logging-annotations-1.2.0.Beta1-sources.jar
2025-07-17 19:55:57,133 [Worker-37: Download sources and javadoc] INFO  o.e.m.j.internal.DownloadSourcesJob - Downloaded sources for org.jboss.logging:jboss-logging-annotations:1.2.0.Beta1
2025-07-17 19:55:57,421 [Worker-37: Download sources and javadoc] INFO  o.e.m.c.i.e.AbstractTransferListenerAdapter - Downloading https://repo.maven.apache.org/maven2/org/jboss/spec/javax/transaction/jboss-transaction-api_1.2_spec/1.0.0.Final/jboss-transaction-api_1.2_spec-1.0.0.Final-sources.jar
2025-07-17 19:55:58,137 [Worker-37: Download sources and javadoc] INFO  o.e.m.c.i.e.AbstractTransferListenerAdapter - Downloaded https://repo.maven.apache.org/maven2/org/jboss/spec/javax/transaction/jboss-transaction-api_1.2_spec/1.0.0.Final/jboss-transaction-api_1.2_spec-1.0.0.Final-sources.jar
2025-07-17 19:55:58,142 [Worker-37: Download sources and javadoc] INFO  o.e.m.j.internal.DownloadSourcesJob - Downloaded sources for org.jboss.spec.javax.transaction:jboss-transaction-api_1.2_spec:1.0.0.Final
2025-07-17 19:55:58,412 [Worker-37: Download sources and javadoc] INFO  o.e.m.c.i.e.AbstractTransferListenerAdapter - Downloading https://repo.maven.apache.org/maven2/dom4j/dom4j/1.6.1/dom4j-1.6.1-sources.jar
2025-07-17 19:55:58,839 [Worker-37: Download sources and javadoc] INFO  o.e.m.c.i.e.AbstractTransferListenerAdapter - Downloaded https://repo.maven.apache.org/maven2/dom4j/dom4j/1.6.1/dom4j-1.6.1-sources.jar
2025-07-17 19:55:58,845 [Worker-37: Download sources and javadoc] INFO  o.e.m.j.internal.DownloadSourcesJob - Downloaded sources for dom4j:dom4j:1.6.1
2025-07-17 19:55:59,248 [Worker-37: Download sources and javadoc] INFO  o.e.m.c.i.e.AbstractTransferListenerAdapter - Downloading https://repo.maven.apache.org/maven2/xml-apis/xml-apis/1.0.b2/xml-apis-1.0.b2-sources.jar
2025-07-17 19:55:59,600 [Worker-37: Download sources and javadoc] INFO  o.e.m.c.i.e.AbstractTransferListenerAdapter - Downloaded https://repo.maven.apache.org/maven2/xml-apis/xml-apis/1.0.b2/xml-apis-1.0.b2-sources.jar
2025-07-17 19:55:59,603 [Worker-37: Download sources and javadoc] INFO  o.e.m.j.internal.DownloadSourcesJob - Downloaded sources for xml-apis:xml-apis:1.0.b2
2025-07-17 19:55:59,725 [Worker-37: Download sources and javadoc] INFO  o.e.m.c.i.e.AbstractTransferListenerAdapter - Downloading https://repo.maven.apache.org/maven2/org/hibernate/common/hibernate-commons-annotations/4.0.4.Final/hibernate-commons-annotations-4.0.4.Final-sources.jar
2025-07-17 19:55:59,799 [Worker-37: Download sources and javadoc] INFO  o.e.m.c.i.e.AbstractTransferListenerAdapter - Downloaded https://repo.maven.apache.org/maven2/org/hibernate/common/hibernate-commons-annotations/4.0.4.Final/hibernate-commons-annotations-4.0.4.Final-sources.jar
2025-07-17 19:55:59,802 [Worker-37: Download sources and javadoc] INFO  o.e.m.j.internal.DownloadSourcesJob - Downloaded sources for org.hibernate.common:hibernate-commons-annotations:4.0.4.Final
2025-07-17 19:56:00,129 [Worker-37: Download sources and javadoc] INFO  o.e.m.c.i.e.AbstractTransferListenerAdapter - Downloading https://repo.maven.apache.org/maven2/org/hibernate/javax/persistence/hibernate-jpa-2.1-api/1.0.0.Final/hibernate-jpa-2.1-api-1.0.0.Final-sources.jar
2025-07-17 19:56:00,521 [Worker-37: Download sources and javadoc] INFO  o.e.m.c.i.e.AbstractTransferListenerAdapter - Downloaded https://repo.maven.apache.org/maven2/org/hibernate/javax/persistence/hibernate-jpa-2.1-api/1.0.0.Final/hibernate-jpa-2.1-api-1.0.0.Final-sources.jar
2025-07-17 19:56:00,525 [Worker-37: Download sources and javadoc] INFO  o.e.m.j.internal.DownloadSourcesJob - Downloaded sources for org.hibernate.javax.persistence:hibernate-jpa-2.1-api:1.0.0.Final
2025-07-17 19:56:00,803 [Worker-37: Download sources and javadoc] INFO  o.e.m.c.i.e.AbstractTransferListenerAdapter - Downloading https://repo.maven.apache.org/maven2/org/javassist/javassist/3.18.1-GA/javassist-3.18.1-GA-sources.jar
2025-07-17 19:56:01,121 [Worker-37: Download sources and javadoc] INFO  o.e.m.c.i.e.AbstractTransferListenerAdapter - Downloaded https://repo.maven.apache.org/maven2/org/javassist/javassist/3.18.1-GA/javassist-3.18.1-GA-sources.jar
2025-07-17 19:56:01,127 [Worker-37: Download sources and javadoc] INFO  o.e.m.j.internal.DownloadSourcesJob - Downloaded sources for org.javassist:javassist:3.18.1-GA
2025-07-17 19:56:01,327 [Worker-37: Download sources and javadoc] INFO  o.e.m.c.i.e.AbstractTransferListenerAdapter - Downloaded https://repo.maven.apache.org/maven2/antlr/antlr/2.7.7/antlr-2.7.7-sources.jar
2025-07-17 19:56:01,336 [Worker-37: Download sources and javadoc] ERROR o.e.m.j.internal.DownloadSourcesJob - Could not download sources for antlr:antlr:2.7.7
org.eclipse.core.runtime.CoreException: Could not resolve artifact antlr:antlr:jar:sources:2.7.7
	at org.eclipse.m2e.core.internal.embedder.MavenImpl.lambda$7(MavenImpl.java:540)
	at org.eclipse.m2e.core.internal.embedder.MavenExecutionContext.executeBare(MavenExecutionContext.java:458)
	at org.eclipse.m2e.core.internal.embedder.MavenExecutionContext.execute(MavenExecutionContext.java:292)
	at org.eclipse.m2e.core.internal.embedder.MavenExecutionContext.execute(MavenExecutionContext.java:278)
	at org.eclipse.m2e.core.internal.embedder.MavenImpl.resolve(MavenImpl.java:509)
	at org.eclipse.m2e.core.internal.embedder.MavenImpl.resolve(MavenImpl.java:494)
	at org.eclipse.m2e.jdt.internal.DownloadSourcesJob.download(DownloadSourcesJob.java:308)
	at org.eclipse.m2e.jdt.internal.DownloadSourcesJob.downloadAttachments(DownloadSourcesJob.java:282)
	at org.eclipse.m2e.jdt.internal.DownloadSourcesJob.downloadMaven(DownloadSourcesJob.java:252)
	at org.eclipse.m2e.jdt.internal.DownloadSourcesJob.downloadFilesAndPopulateToUpdate(DownloadSourcesJob.java:220)
	at org.eclipse.m2e.jdt.internal.DownloadSourcesJob.lambda$0(DownloadSourcesJob.java:149)
	at org.eclipse.m2e.core.internal.embedder.MavenExecutionContext.executeBare(MavenExecutionContext.java:458)
	at org.eclipse.m2e.core.internal.embedder.MavenExecutionContext.execute(MavenExecutionContext.java:339)
	at org.eclipse.m2e.core.internal.embedder.MavenExecutionContext.execute(MavenExecutionContext.java:278)
	at org.eclipse.m2e.core.embedder.IMaven.execute(IMaven.java:300)
	at org.eclipse.m2e.jdt.internal.DownloadSourcesJob.run(DownloadSourcesJob.java:149)
	at org.eclipse.core.internal.jobs.Worker.run(Worker.java:63)
2025-07-17 19:56:01,478 [Worker-37: Download sources and javadoc] INFO  o.e.m.c.i.e.AbstractTransferListenerAdapter - Downloading https://repo.maven.apache.org/maven2/org/jboss/jandex/1.1.0.Final/jandex-1.1.0.Final-sources.jar
2025-07-17 19:56:01,539 [Worker-37: Download sources and javadoc] INFO  o.e.m.c.i.e.AbstractTransferListenerAdapter - Downloaded https://repo.maven.apache.org/maven2/org/jboss/jandex/1.1.0.Final/jandex-1.1.0.Final-sources.jar
2025-07-17 19:56:01,542 [Worker-37: Download sources and javadoc] INFO  o.e.m.j.internal.DownloadSourcesJob - Downloaded sources for org.jboss:jandex:1.1.0.Final
2025-07-17 19:56:01,632 [Worker-37: Download sources and javadoc] INFO  o.e.m.c.i.e.AbstractTransferListenerAdapter - Downloading https://repo.maven.apache.org/maven2/mysql/mysql-connector-java/8.0.30/mysql-connector-java-8.0.30-sources.jar
2025-07-17 19:56:02,098 [Worker-37: Download sources and javadoc] INFO  o.e.m.c.i.e.AbstractTransferListenerAdapter - Downloaded https://repo.maven.apache.org/maven2/mysql/mysql-connector-java/8.0.30/mysql-connector-java-8.0.30-sources.jar
2025-07-17 19:56:02,103 [Worker-37: Download sources and javadoc] INFO  o.e.m.j.internal.DownloadSourcesJob - Downloaded sources for mysql:mysql-connector-java:8.0.30
2025-07-17 19:56:02,365 [Worker-37: Download sources and javadoc] INFO  o.e.m.c.i.e.AbstractTransferListenerAdapter - Downloading https://repo.maven.apache.org/maven2/com/google/protobuf/protobuf-java/3.19.4/protobuf-java-3.19.4-sources.jar
2025-07-17 19:56:03,136 [Worker-37: Download sources and javadoc] INFO  o.e.m.c.i.e.AbstractTransferListenerAdapter - Downloaded https://repo.maven.apache.org/maven2/com/google/protobuf/protobuf-java/3.19.4/protobuf-java-3.19.4-sources.jar
2025-07-17 19:56:03,142 [Worker-37: Download sources and javadoc] INFO  o.e.m.j.internal.DownloadSourcesJob - Downloaded sources for com.google.protobuf:protobuf-java:3.19.4
2025-07-17 19:56:03,468 [Worker-37: Download sources and javadoc] INFO  o.e.m.c.i.e.AbstractTransferListenerAdapter - Downloading https://repo.maven.apache.org/maven2/log4j/log4j/1.2.17/log4j-1.2.17-sources.jar
2025-07-17 19:56:03,829 [Worker-37: Download sources and javadoc] INFO  o.e.m.c.i.e.AbstractTransferListenerAdapter - Downloaded https://repo.maven.apache.org/maven2/log4j/log4j/1.2.17/log4j-1.2.17-sources.jar
2025-07-17 19:56:03,834 [Worker-37: Download sources and javadoc] INFO  o.e.m.j.internal.DownloadSourcesJob - Downloaded sources for log4j:log4j:1.2.17
2025-07-17 19:56:03,924 [Worker-37: Download sources and javadoc] INFO  o.e.m.c.i.e.AbstractTransferListenerAdapter - Downloading https://repo.maven.apache.org/maven2/com/google/guava/guava/17.0/guava-17.0-sources.jar
2025-07-17 19:56:04,416 [Worker-37: Download sources and javadoc] INFO  o.e.m.c.i.e.AbstractTransferListenerAdapter - Downloaded https://repo.maven.apache.org/maven2/com/google/guava/guava/17.0/guava-17.0-sources.jar
2025-07-17 19:56:04,420 [Worker-37: Download sources and javadoc] INFO  o.e.m.j.internal.DownloadSourcesJob - Downloaded sources for com.google.guava:guava:17.0
2025-07-17 19:56:04,554 [Worker-37: Download sources and javadoc] INFO  o.e.m.c.i.e.AbstractTransferListenerAdapter - Downloading https://repo.maven.apache.org/maven2/org/glassfish/jersey/containers/jersey-container-servlet-core/4.0.0-M2/jersey-container-servlet-core-4.0.0-M2-sources.jar
2025-07-17 19:56:04,605 [Worker-37: Download sources and javadoc] INFO  o.e.m.c.i.e.AbstractTransferListenerAdapter - Downloaded https://repo.maven.apache.org/maven2/org/glassfish/jersey/containers/jersey-container-servlet-core/4.0.0-M2/jersey-container-servlet-core-4.0.0-M2-sources.jar
2025-07-17 19:56:04,609 [Worker-37: Download sources and javadoc] INFO  o.e.m.j.internal.DownloadSourcesJob - Downloaded sources for org.glassfish.jersey.containers:jersey-container-servlet-core:4.0.0-M2
2025-07-17 19:56:04,677 [Worker-37: Download sources and javadoc] INFO  o.e.m.c.i.e.AbstractTransferListenerAdapter - Downloading https://repo.maven.apache.org/maven2/jakarta/inject/jakarta.inject-api/2.0.1/jakarta.inject-api-2.0.1-sources.jar
2025-07-17 19:56:05,126 [Worker-37: Download sources and javadoc] INFO  o.e.m.c.i.e.AbstractTransferListenerAdapter - Downloaded https://repo.maven.apache.org/maven2/jakarta/inject/jakarta.inject-api/2.0.1/jakarta.inject-api-2.0.1-sources.jar
2025-07-17 19:56:05,133 [Worker-37: Download sources and javadoc] INFO  o.e.m.j.internal.DownloadSourcesJob - Downloaded sources for jakarta.inject:jakarta.inject-api:2.0.1
2025-07-17 19:56:05,194 [Worker-37: Download sources and javadoc] INFO  o.e.m.c.i.e.AbstractTransferListenerAdapter - Downloading https://repo.maven.apache.org/maven2/org/glassfish/jersey/core/jersey-common/4.0.0-M2/jersey-common-4.0.0-M2-sources.jar
2025-07-17 19:56:05,398 [Worker-37: Download sources and javadoc] INFO  o.e.m.c.i.e.AbstractTransferListenerAdapter - Downloaded https://repo.maven.apache.org/maven2/org/glassfish/jersey/core/jersey-common/4.0.0-M2/jersey-common-4.0.0-M2-sources.jar
2025-07-17 19:56:05,403 [Worker-37: Download sources and javadoc] INFO  o.e.m.j.internal.DownloadSourcesJob - Downloaded sources for org.glassfish.jersey.core:jersey-common:4.0.0-M2
2025-07-17 19:56:05,471 [Worker-37: Download sources and javadoc] INFO  o.e.m.c.i.e.AbstractTransferListenerAdapter - Downloading https://repo.maven.apache.org/maven2/jakarta/annotation/jakarta.annotation-api/3.0.0/jakarta.annotation-api-3.0.0-sources.jar
2025-07-17 19:56:06,366 [Worker-37: Download sources and javadoc] INFO  o.e.m.c.i.e.AbstractTransferListenerAdapter - Downloaded https://repo.maven.apache.org/maven2/jakarta/annotation/jakarta.annotation-api/3.0.0/jakarta.annotation-api-3.0.0-sources.jar
2025-07-17 19:56:06,371 [Worker-37: Download sources and javadoc] INFO  o.e.m.j.internal.DownloadSourcesJob - Downloaded sources for jakarta.annotation:jakarta.annotation-api:3.0.0
2025-07-17 19:56:06,455 [Worker-37: Download sources and javadoc] INFO  o.e.m.c.i.e.AbstractTransferListenerAdapter - Downloading https://repo.maven.apache.org/maven2/org/glassfish/hk2/osgi-resource-locator/1.0.3/osgi-resource-locator-1.0.3-sources.jar
2025-07-17 19:56:06,741 [Worker-37: Download sources and javadoc] INFO  o.e.m.c.i.e.AbstractTransferListenerAdapter - Downloaded https://repo.maven.apache.org/maven2/org/glassfish/hk2/osgi-resource-locator/1.0.3/osgi-resource-locator-1.0.3-sources.jar
2025-07-17 19:56:06,747 [Worker-37: Download sources and javadoc] INFO  o.e.m.j.internal.DownloadSourcesJob - Downloaded sources for org.glassfish.hk2:osgi-resource-locator:1.0.3
2025-07-17 19:56:06,829 [Worker-37: Download sources and javadoc] INFO  o.e.m.c.i.e.AbstractTransferListenerAdapter - Downloading https://repo.maven.apache.org/maven2/org/glassfish/jersey/core/jersey-server/4.0.0-M2/jersey-server-4.0.0-M2-sources.jar
2025-07-17 19:56:07,033 [Worker-37: Download sources and javadoc] INFO  o.e.m.c.i.e.AbstractTransferListenerAdapter - Downloaded https://repo.maven.apache.org/maven2/org/glassfish/jersey/core/jersey-server/4.0.0-M2/jersey-server-4.0.0-M2-sources.jar
2025-07-17 19:56:07,036 [Worker-37: Download sources and javadoc] INFO  o.e.m.j.internal.DownloadSourcesJob - Downloaded sources for org.glassfish.jersey.core:jersey-server:4.0.0-M2
2025-07-17 19:56:07,093 [Worker-37: Download sources and javadoc] INFO  o.e.m.c.i.e.AbstractTransferListenerAdapter - Downloading https://repo.maven.apache.org/maven2/org/glassfish/jersey/core/jersey-client/4.0.0-M2/jersey-client-4.0.0-M2-sources.jar
2025-07-17 19:56:07,208 [Worker-37: Download sources and javadoc] INFO  o.e.m.c.i.e.AbstractTransferListenerAdapter - Downloaded https://repo.maven.apache.org/maven2/org/glassfish/jersey/core/jersey-client/4.0.0-M2/jersey-client-4.0.0-M2-sources.jar
2025-07-17 19:56:07,214 [Worker-37: Download sources and javadoc] INFO  o.e.m.j.internal.DownloadSourcesJob - Downloaded sources for org.glassfish.jersey.core:jersey-client:4.0.0-M2
2025-07-17 19:56:07,266 [Worker-37: Download sources and javadoc] INFO  o.e.m.c.i.e.AbstractTransferListenerAdapter - Downloading https://repo.maven.apache.org/maven2/jakarta/validation/jakarta.validation-api/3.1.0/jakarta.validation-api-3.1.0-sources.jar
2025-07-17 19:56:07,326 [Worker-37: Download sources and javadoc] INFO  o.e.m.c.i.e.AbstractTransferListenerAdapter - Downloaded https://repo.maven.apache.org/maven2/jakarta/validation/jakarta.validation-api/3.1.0/jakarta.validation-api-3.1.0-sources.jar
2025-07-17 19:56:07,330 [Worker-37: Download sources and javadoc] INFO  o.e.m.j.internal.DownloadSourcesJob - Downloaded sources for jakarta.validation:jakarta.validation-api:3.1.0
2025-07-17 19:56:07,395 [Worker-37: Download sources and javadoc] INFO  o.e.m.c.i.e.AbstractTransferListenerAdapter - Downloading https://repo.maven.apache.org/maven2/jakarta/ws/rs/jakarta.ws.rs-api/4.0.0/jakarta.ws.rs-api-4.0.0-sources.jar
2025-07-17 19:56:07,515 [Worker-37: Download sources and javadoc] INFO  o.e.m.c.i.e.AbstractTransferListenerAdapter - Downloaded https://repo.maven.apache.org/maven2/jakarta/ws/rs/jakarta.ws.rs-api/4.0.0/jakarta.ws.rs-api-4.0.0-sources.jar
2025-07-17 19:56:07,522 [Worker-37: Download sources and javadoc] INFO  o.e.m.j.internal.DownloadSourcesJob - Downloaded sources for jakarta.ws.rs:jakarta.ws.rs-api:4.0.0
2025-07-17 19:56:07,584 [Worker-37: Download sources and javadoc] INFO  o.e.m.c.i.e.AbstractTransferListenerAdapter - Downloading https://repo.maven.apache.org/maven2/org/glassfish/jersey/inject/jersey-hk2/4.0.0-M2/jersey-hk2-4.0.0-M2-sources.jar
2025-07-17 19:56:07,635 [Worker-37: Download sources and javadoc] INFO  o.e.m.c.i.e.AbstractTransferListenerAdapter - Downloaded https://repo.maven.apache.org/maven2/org/glassfish/jersey/inject/jersey-hk2/4.0.0-M2/jersey-hk2-4.0.0-M2-sources.jar
2025-07-17 19:56:07,638 [Worker-37: Download sources and javadoc] INFO  o.e.m.j.internal.DownloadSourcesJob - Downloaded sources for org.glassfish.jersey.inject:jersey-hk2:4.0.0-M2
2025-07-17 19:56:07,694 [Worker-37: Download sources and javadoc] INFO  o.e.m.c.i.e.AbstractTransferListenerAdapter - Downloading https://repo.maven.apache.org/maven2/org/glassfish/hk2/hk2-locator/4.0.0-M3/hk2-locator-4.0.0-M3-sources.jar
2025-07-17 19:56:07,762 [Worker-37: Download sources and javadoc] INFO  o.e.m.c.i.e.AbstractTransferListenerAdapter - Downloaded https://repo.maven.apache.org/maven2/org/glassfish/hk2/hk2-locator/4.0.0-M3/hk2-locator-4.0.0-M3-sources.jar
2025-07-17 19:56:07,767 [Worker-37: Download sources and javadoc] INFO  o.e.m.j.internal.DownloadSourcesJob - Downloaded sources for org.glassfish.hk2:hk2-locator:4.0.0-M3
2025-07-17 19:56:07,811 [Worker-37: Download sources and javadoc] INFO  o.e.m.c.i.e.AbstractTransferListenerAdapter - Downloading https://repo.maven.apache.org/maven2/org/glassfish/hk2/external/aopalliance-repackaged/4.0.0-M3/aopalliance-repackaged-4.0.0-M3-sources.jar
2025-07-17 19:56:09,080 [Worker-37: Download sources and javadoc] INFO  o.e.m.c.i.e.AbstractTransferListenerAdapter - Downloaded https://repo.maven.apache.org/maven2/org/glassfish/hk2/external/aopalliance-repackaged/4.0.0-M3/aopalliance-repackaged-4.0.0-M3-sources.jar
2025-07-17 19:56:09,086 [Worker-37: Download sources and javadoc] INFO  o.e.m.j.internal.DownloadSourcesJob - Downloaded sources for org.glassfish.hk2.external:aopalliance-repackaged:4.0.0-M3
2025-07-17 19:56:09,180 [Worker-37: Download sources and javadoc] INFO  o.e.m.c.i.e.AbstractTransferListenerAdapter - Downloading https://repo.maven.apache.org/maven2/org/glassfish/hk2/hk2-api/4.0.0-M3/hk2-api-4.0.0-M3-sources.jar
2025-07-17 19:56:09,286 [Worker-37: Download sources and javadoc] INFO  o.e.m.c.i.e.AbstractTransferListenerAdapter - Downloaded https://repo.maven.apache.org/maven2/org/glassfish/hk2/hk2-api/4.0.0-M3/hk2-api-4.0.0-M3-sources.jar
2025-07-17 19:56:09,290 [Worker-37: Download sources and javadoc] INFO  o.e.m.j.internal.DownloadSourcesJob - Downloaded sources for org.glassfish.hk2:hk2-api:4.0.0-M3
2025-07-17 19:56:09,350 [Worker-37: Download sources and javadoc] INFO  o.e.m.c.i.e.AbstractTransferListenerAdapter - Downloading https://repo.maven.apache.org/maven2/org/glassfish/hk2/hk2-utils/4.0.0-M3/hk2-utils-4.0.0-M3-sources.jar
2025-07-17 19:56:09,424 [Worker-37: Download sources and javadoc] INFO  o.e.m.c.i.e.AbstractTransferListenerAdapter - Downloaded https://repo.maven.apache.org/maven2/org/glassfish/hk2/hk2-utils/4.0.0-M3/hk2-utils-4.0.0-M3-sources.jar
2025-07-17 19:56:09,429 [Worker-37: Download sources and javadoc] INFO  o.e.m.j.internal.DownloadSourcesJob - Downloaded sources for org.glassfish.hk2:hk2-utils:4.0.0-M3
2025-07-17 20:06:49,900 [Worker-9: Loading available Gradle versions] INFO  o.e.b.c.i.u.g.PublishedGradleVersions - Gradle version information cache is up-to-date. Trying to read.
2025-07-17 20:09:17,029 [Worker-7: Loading available Gradle versions] INFO  o.e.b.c.i.u.g.PublishedGradleVersions - Gradle version information cache is up-to-date. Trying to read.
2025-07-17 20:10:07,100 [Worker-7: Updating Maven Dependencies] WARN  o.a.m.r.i.DefaultArtifactDescriptorReader - 1 problem was encountered while building the effective model for org.javassist:javassist:jar:3.18.1-GA during dependency collection step for project (use -X to see details)
2025-07-17 20:10:08,326 [Worker-7: Updating Maven Dependencies] INFO  o.e.m.c.i.l.LifecycleMappingFactory - Using org.maven.ide.eclipse.wtp.WarLifecycleMapping lifecycle mapping for MavenProject: infinite:HealthSureClient:0.0.1-SNAPSHOT @ C:\Niramalya\HealthSureClient\pom.xml.
2025-07-17 20:10:09,873 [Worker-19: Building] WARN  o.a.m.r.i.DefaultArtifactDescriptorReader - 1 problem was encountered while building the effective model for org.javassist:javassist:jar:3.18.1-GA during dependency collection step for project (use -X to see details)
2025-07-17 20:10:10,095 [Worker-19: Building] INFO  o.e.m.c.i.l.LifecycleMappingFactory - Using org.maven.ide.eclipse.wtp.WarLifecycleMapping lifecycle mapping for MavenProject: infinite:HealthSureClient:0.0.1-SNAPSHOT @ C:\Niramalya\HealthSureClient\pom.xml.
2025-07-17 20:10:11,534 [Worker-19: Building] INFO  o.a.m.s.f.DefaultMavenResourcesFiltering - skip non existing resourceDirectory C:\Niramalya\HealthSureClient\src\main\resources
2025-07-17 20:10:11,538 [Worker-19: Building] INFO  o.a.m.s.f.DefaultMavenResourcesFiltering - skip non existing resourceDirectory C:\Niramalya\HealthSureClient\src\test\resources
2025-07-17 20:10:12,725 [Worker-31: Download sources and javadoc] INFO  o.e.m.c.i.e.AbstractTransferListenerAdapter - Downloaded https://repo.maven.apache.org/maven2/antlr/antlr/2.7.7/antlr-2.7.7-javadoc.jar
2025-07-17 20:10:12,731 [Worker-31: Download sources and javadoc] ERROR o.e.m.j.internal.DownloadSourcesJob - Could not download javadoc for antlr:antlr:2.7.7
org.eclipse.core.runtime.CoreException: Could not resolve artifact antlr:antlr:jar:javadoc:2.7.7
	at org.eclipse.m2e.core.internal.embedder.MavenImpl.lambda$7(MavenImpl.java:540)
	at org.eclipse.m2e.core.internal.embedder.MavenExecutionContext.executeBare(MavenExecutionContext.java:458)
	at org.eclipse.m2e.core.internal.embedder.MavenExecutionContext.execute(MavenExecutionContext.java:292)
	at org.eclipse.m2e.core.internal.embedder.MavenExecutionContext.execute(MavenExecutionContext.java:278)
	at org.eclipse.m2e.core.internal.embedder.MavenImpl.resolve(MavenImpl.java:509)
	at org.eclipse.m2e.core.internal.embedder.MavenImpl.resolve(MavenImpl.java:494)
	at org.eclipse.m2e.jdt.internal.DownloadSourcesJob.download(DownloadSourcesJob.java:308)
	at org.eclipse.m2e.jdt.internal.DownloadSourcesJob.downloadAttachments(DownloadSourcesJob.java:294)
	at org.eclipse.m2e.jdt.internal.DownloadSourcesJob.downloadMaven(DownloadSourcesJob.java:252)
	at org.eclipse.m2e.jdt.internal.DownloadSourcesJob.downloadFilesAndPopulateToUpdate(DownloadSourcesJob.java:220)
	at org.eclipse.m2e.jdt.internal.DownloadSourcesJob.lambda$0(DownloadSourcesJob.java:149)
	at org.eclipse.m2e.core.internal.embedder.MavenExecutionContext.executeBare(MavenExecutionContext.java:458)
	at org.eclipse.m2e.core.internal.embedder.MavenExecutionContext.execute(MavenExecutionContext.java:339)
	at org.eclipse.m2e.core.internal.embedder.MavenExecutionContext.execute(MavenExecutionContext.java:278)
	at org.eclipse.m2e.core.embedder.IMaven.execute(IMaven.java:300)
	at org.eclipse.m2e.jdt.internal.DownloadSourcesJob.run(DownloadSourcesJob.java:149)
	at org.eclipse.core.internal.jobs.Worker.run(Worker.java:63)
2025-07-17 20:10:13,884 [Worker-30: Updating Maven Dependencies] INFO  o.e.m.c.i.l.LifecycleMappingFactory - Using org.maven.ide.eclipse.wtp.WarLifecycleMapping lifecycle mapping for MavenProject: infinite:HealthSureClient:0.0.1-SNAPSHOT @ C:\Niramalya\HealthSureClient\pom.xml.
2025-07-17 20:10:15,609 [Worker-30: Updating Maven Dependencies] WARN  o.a.m.r.i.DefaultArtifactDescriptorReader - 1 problem was encountered while building the effective model for org.javassist:javassist:jar:3.18.1-GA during dependency collection step for project (use -X to see details)
2025-07-17 20:10:21,617 [Worker-19: Updating Maven Project] INFO  o.e.m.c.i.p.ProjectConfigurationManager - Update started
2025-07-17 20:10:21,865 [Worker-19: Updating Maven Project] INFO  o.e.m.c.i.l.LifecycleMappingFactory - Using org.maven.ide.eclipse.wtp.WarLifecycleMapping lifecycle mapping for MavenProject: infinite:HealthSureClient:0.0.1-SNAPSHOT @ C:\Niramalya\HealthSureClient\pom.xml.
2025-07-17 20:10:22,896 [Worker-19: Updating Maven Project] WARN  o.a.m.r.i.DefaultArtifactDescriptorReader - 1 problem was encountered while building the effective model for org.javassist:javassist:jar:3.18.1-GA during dependency collection step for project (use -X to see details)
2025-07-17 20:10:23,499 [Worker-19: Updating Maven Project] INFO  o.e.m.j.i.AbstractJavaProjectConfigurator - Adding source folder /HealthSureClient/src/main/java
2025-07-17 20:10:23,501 [Worker-19: Updating Maven Project] INFO  o.e.m.j.i.AbstractJavaProjectConfigurator - Adding resource folder /HealthSureClient/src/main/resources
2025-07-17 20:10:23,502 [Worker-19: Updating Maven Project] INFO  o.e.m.j.i.AbstractJavaProjectConfigurator - Adding source folder /HealthSureClient/src/test/java
2025-07-17 20:10:23,502 [Worker-19: Updating Maven Project] INFO  o.e.m.j.i.AbstractJavaProjectConfigurator - Adding resource folder /HealthSureClient/src/test/resources
2025-07-17 20:10:23,745 [Worker-19: Updating Maven Project] INFO  o.e.m.w.i.f.ResourceFilteringBuildParticipant - Cleaning filtered folder for HealthSureClient
2025-07-17 20:10:23,764 [Worker-19: Updating Maven Project] INFO  o.e.m.c.i.p.ProjectConfigurationManager - Update completed for 1 poms: local refresh takes 0.00 sec, refresh facades takes 1.00 sec, update config takes 0.00 sec 
2025-07-17 20:10:26,116 [Worker-30: Building] INFO  o.a.m.s.f.DefaultMavenResourcesFiltering - skip non existing resourceDirectory C:\Niramalya\HealthSureClient\src\main\resources
2025-07-17 20:10:26,123 [Worker-30: Building] INFO  o.a.m.s.f.DefaultMavenResourcesFiltering - skip non existing resourceDirectory C:\Niramalya\HealthSureClient\src\test\resources
2025-07-17 20:10:26,123 [Worker-30: Building] INFO  o.e.m.w.i.f.ResourceFilteringBuildParticipant - Changed resources require a complete clean of filtered resources of HealthSureClient
2025-07-17 20:10:26,124 [Worker-30: Building] INFO  o.e.m.w.i.f.ResourceFilteringBuildParticipant - Executing resource filtering for HealthSureClient
2025-07-17 20:10:37,988 [Worker-11: Launching Executing clean in C__Niramalya_HealthSureClient] INFO  o.eclipse.m2e.core.internal.Bundles - getClasspathEntries(Bundle=org.eclipse.m2e.maven.runtime_3.9.900.20240824-1409 [640])
2025-07-17 20:10:37,990 [Worker-11: Launching Executing clean in C__Niramalya_HealthSureClient] INFO  o.eclipse.m2e.core.internal.Bundles - 	Entry: C:\Users\VICTUS\.p2\pool\plugins\org.eclipse.m2e.maven.runtime_3.9.900.20240824-1409
2025-07-17 20:10:37,991 [Worker-11: Launching Executing clean in C__Niramalya_HealthSureClient] INFO  o.eclipse.m2e.core.internal.Bundles - 	Entry: C:\Users\VICTUS\.p2\pool\plugins\org.eclipse.m2e.maven.runtime_3.9.900.20240824-1409\jars\aopalliance-1.0.jar
2025-07-17 20:10:37,991 [Worker-11: Launching Executing clean in C__Niramalya_HealthSureClient] INFO  o.eclipse.m2e.core.internal.Bundles - 	Entry: C:\Users\VICTUS\.p2\pool\plugins\org.eclipse.m2e.maven.runtime_3.9.900.20240824-1409\jars\guice-5.1.0.jar
2025-07-17 20:10:37,991 [Worker-11: Launching Executing clean in C__Niramalya_HealthSureClient] INFO  o.eclipse.m2e.core.internal.Bundles - 	Entry: C:\Users\VICTUS\.p2\pool\plugins\org.eclipse.m2e.maven.runtime_3.9.900.20240824-1409\jars\httpclient-4.5.14.jar
2025-07-17 20:10:37,991 [Worker-11: Launching Executing clean in C__Niramalya_HealthSureClient] INFO  o.eclipse.m2e.core.internal.Bundles - 	Entry: C:\Users\VICTUS\.p2\pool\plugins\org.eclipse.m2e.maven.runtime_3.9.900.20240824-1409\jars\httpcore-4.4.16.jar
2025-07-17 20:10:37,991 [Worker-11: Launching Executing clean in C__Niramalya_HealthSureClient] INFO  o.eclipse.m2e.core.internal.Bundles - 	Entry: C:\Users\VICTUS\.p2\pool\plugins\org.eclipse.m2e.maven.runtime_3.9.900.20240824-1409\jars\jansi-2.4.1.jar
2025-07-17 20:10:37,991 [Worker-11: Launching Executing clean in C__Niramalya_HealthSureClient] INFO  o.eclipse.m2e.core.internal.Bundles - 	Entry: C:\Users\VICTUS\.p2\pool\plugins\org.eclipse.m2e.maven.runtime_3.9.900.20240824-1409\jars\jcl-over-slf4j-1.7.36.jar
2025-07-17 20:10:37,992 [Worker-11: Launching Executing clean in C__Niramalya_HealthSureClient] INFO  o.eclipse.m2e.core.internal.Bundles - 	Entry: C:\Users\VICTUS\.p2\pool\plugins\org.eclipse.m2e.maven.runtime_3.9.900.20240824-1409\jars\maven-artifact-3.9.9.jar
2025-07-17 20:10:37,992 [Worker-11: Launching Executing clean in C__Niramalya_HealthSureClient] INFO  o.eclipse.m2e.core.internal.Bundles - 	Entry: C:\Users\VICTUS\.p2\pool\plugins\org.eclipse.m2e.maven.runtime_3.9.900.20240824-1409\jars\maven-builder-support-3.9.9.jar
2025-07-17 20:10:37,992 [Worker-11: Launching Executing clean in C__Niramalya_HealthSureClient] INFO  o.eclipse.m2e.core.internal.Bundles - 	Entry: C:\Users\VICTUS\.p2\pool\plugins\org.eclipse.m2e.maven.runtime_3.9.900.20240824-1409\jars\maven-compat-3.9.9.jar
2025-07-17 20:10:37,993 [Worker-11: Launching Executing clean in C__Niramalya_HealthSureClient] INFO  o.eclipse.m2e.core.internal.Bundles - 	Entry: C:\Users\VICTUS\.p2\pool\plugins\org.eclipse.m2e.maven.runtime_3.9.900.20240824-1409\jars\maven-core-3.9.9.jar
2025-07-17 20:10:37,993 [Worker-11: Launching Executing clean in C__Niramalya_HealthSureClient] INFO  o.eclipse.m2e.core.internal.Bundles - 	Entry: C:\Users\VICTUS\.p2\pool\plugins\org.eclipse.m2e.maven.runtime_3.9.900.20240824-1409\jars\maven-embedder-3.9.9.jar
2025-07-17 20:10:37,993 [Worker-11: Launching Executing clean in C__Niramalya_HealthSureClient] INFO  o.eclipse.m2e.core.internal.Bundles - 	Entry: C:\Users\VICTUS\.p2\pool\plugins\org.eclipse.m2e.maven.runtime_3.9.900.20240824-1409\jars\maven-model-3.9.9.jar
2025-07-17 20:10:37,994 [Worker-11: Launching Executing clean in C__Niramalya_HealthSureClient] INFO  o.eclipse.m2e.core.internal.Bundles - 	Entry: C:\Users\VICTUS\.p2\pool\plugins\org.eclipse.m2e.maven.runtime_3.9.900.20240824-1409\jars\maven-model-builder-3.9.9.jar
2025-07-17 20:10:37,994 [Worker-11: Launching Executing clean in C__Niramalya_HealthSureClient] INFO  o.eclipse.m2e.core.internal.Bundles - 	Entry: C:\Users\VICTUS\.p2\pool\plugins\org.eclipse.m2e.maven.runtime_3.9.900.20240824-1409\jars\maven-plugin-api-3.9.9.jar
2025-07-17 20:10:37,994 [Worker-11: Launching Executing clean in C__Niramalya_HealthSureClient] INFO  o.eclipse.m2e.core.internal.Bundles - 	Entry: C:\Users\VICTUS\.p2\pool\plugins\org.eclipse.m2e.maven.runtime_3.9.900.20240824-1409\jars\maven-repository-metadata-3.9.9.jar
2025-07-17 20:10:37,995 [Worker-11: Launching Executing clean in C__Niramalya_HealthSureClient] INFO  o.eclipse.m2e.core.internal.Bundles - 	Entry: C:\Users\VICTUS\.p2\pool\plugins\org.eclipse.m2e.maven.runtime_3.9.900.20240824-1409\jars\maven-resolver-api-1.9.22.jar
2025-07-17 20:10:37,995 [Worker-11: Launching Executing clean in C__Niramalya_HealthSureClient] INFO  o.eclipse.m2e.core.internal.Bundles - 	Entry: C:\Users\VICTUS\.p2\pool\plugins\org.eclipse.m2e.maven.runtime_3.9.900.20240824-1409\jars\maven-resolver-connector-basic-1.9.22.jar
2025-07-17 20:10:37,995 [Worker-11: Launching Executing clean in C__Niramalya_HealthSureClient] INFO  o.eclipse.m2e.core.internal.Bundles - 	Entry: C:\Users\VICTUS\.p2\pool\plugins\org.eclipse.m2e.maven.runtime_3.9.900.20240824-1409\jars\maven-resolver-impl-1.9.22.jar
2025-07-17 20:10:37,995 [Worker-11: Launching Executing clean in C__Niramalya_HealthSureClient] INFO  o.eclipse.m2e.core.internal.Bundles - 	Entry: C:\Users\VICTUS\.p2\pool\plugins\org.eclipse.m2e.maven.runtime_3.9.900.20240824-1409\jars\maven-resolver-named-locks-1.9.22.jar
2025-07-17 20:10:37,995 [Worker-11: Launching Executing clean in C__Niramalya_HealthSureClient] INFO  o.eclipse.m2e.core.internal.Bundles - 	Entry: C:\Users\VICTUS\.p2\pool\plugins\org.eclipse.m2e.maven.runtime_3.9.900.20240824-1409\jars\maven-resolver-provider-3.9.9.jar
2025-07-17 20:10:37,995 [Worker-11: Launching Executing clean in C__Niramalya_HealthSureClient] INFO  o.eclipse.m2e.core.internal.Bundles - 	Entry: C:\Users\VICTUS\.p2\pool\plugins\org.eclipse.m2e.maven.runtime_3.9.900.20240824-1409\jars\maven-resolver-spi-1.9.22.jar
2025-07-17 20:10:37,996 [Worker-11: Launching Executing clean in C__Niramalya_HealthSureClient] INFO  o.eclipse.m2e.core.internal.Bundles - 	Entry: C:\Users\VICTUS\.p2\pool\plugins\org.eclipse.m2e.maven.runtime_3.9.900.20240824-1409\jars\maven-resolver-transport-file-1.9.22.jar
2025-07-17 20:10:37,996 [Worker-11: Launching Executing clean in C__Niramalya_HealthSureClient] INFO  o.eclipse.m2e.core.internal.Bundles - 	Entry: C:\Users\VICTUS\.p2\pool\plugins\org.eclipse.m2e.maven.runtime_3.9.900.20240824-1409\jars\maven-resolver-transport-http-1.9.22.jar
2025-07-17 20:10:37,996 [Worker-11: Launching Executing clean in C__Niramalya_HealthSureClient] INFO  o.eclipse.m2e.core.internal.Bundles - 	Entry: C:\Users\VICTUS\.p2\pool\plugins\org.eclipse.m2e.maven.runtime_3.9.900.20240824-1409\jars\maven-resolver-transport-wagon-1.9.22.jar
2025-07-17 20:10:37,996 [Worker-11: Launching Executing clean in C__Niramalya_HealthSureClient] INFO  o.eclipse.m2e.core.internal.Bundles - 	Entry: C:\Users\VICTUS\.p2\pool\plugins\org.eclipse.m2e.maven.runtime_3.9.900.20240824-1409\jars\maven-resolver-util-1.9.22.jar
2025-07-17 20:10:37,996 [Worker-11: Launching Executing clean in C__Niramalya_HealthSureClient] INFO  o.eclipse.m2e.core.internal.Bundles - 	Entry: C:\Users\VICTUS\.p2\pool\plugins\org.eclipse.m2e.maven.runtime_3.9.900.20240824-1409\jars\maven-settings-3.9.9.jar
2025-07-17 20:10:37,996 [Worker-11: Launching Executing clean in C__Niramalya_HealthSureClient] INFO  o.eclipse.m2e.core.internal.Bundles - 	Entry: C:\Users\VICTUS\.p2\pool\plugins\org.eclipse.m2e.maven.runtime_3.9.900.20240824-1409\jars\maven-settings-builder-3.9.9.jar
2025-07-17 20:10:37,996 [Worker-11: Launching Executing clean in C__Niramalya_HealthSureClient] INFO  o.eclipse.m2e.core.internal.Bundles - 	Entry: C:\Users\VICTUS\.p2\pool\plugins\org.eclipse.m2e.maven.runtime_3.9.900.20240824-1409\jars\maven-shared-utils-3.4.2.jar
2025-07-17 20:10:37,997 [Worker-11: Launching Executing clean in C__Niramalya_HealthSureClient] INFO  o.eclipse.m2e.core.internal.Bundles - 	Entry: C:\Users\VICTUS\.p2\pool\plugins\org.eclipse.m2e.maven.runtime_3.9.900.20240824-1409\jars\org.eclipse.sisu.inject-0.9.0.M3.jar
2025-07-17 20:10:37,997 [Worker-11: Launching Executing clean in C__Niramalya_HealthSureClient] INFO  o.eclipse.m2e.core.internal.Bundles - 	Entry: C:\Users\VICTUS\.p2\pool\plugins\org.eclipse.m2e.maven.runtime_3.9.900.20240824-1409\jars\org.eclipse.sisu.plexus-0.9.0.M3.jar
2025-07-17 20:10:37,997 [Worker-11: Launching Executing clean in C__Niramalya_HealthSureClient] INFO  o.eclipse.m2e.core.internal.Bundles - 	Entry: C:\Users\VICTUS\.p2\pool\plugins\org.eclipse.m2e.maven.runtime_3.9.900.20240824-1409\jars\plexus-build-api-0.0.7.jar
2025-07-17 20:10:37,997 [Worker-11: Launching Executing clean in C__Niramalya_HealthSureClient] INFO  o.eclipse.m2e.core.internal.Bundles - 	Entry: C:\Users\VICTUS\.p2\pool\plugins\org.eclipse.m2e.maven.runtime_3.9.900.20240824-1409\jars\plexus-build-api-1.2.0.jar
2025-07-17 20:10:37,997 [Worker-11: Launching Executing clean in C__Niramalya_HealthSureClient] INFO  o.eclipse.m2e.core.internal.Bundles - 	Entry: C:\Users\VICTUS\.p2\pool\plugins\org.eclipse.m2e.maven.runtime_3.9.900.20240824-1409\jars\plexus-cipher-2.0.jar
2025-07-17 20:10:37,997 [Worker-11: Launching Executing clean in C__Niramalya_HealthSureClient] INFO  o.eclipse.m2e.core.internal.Bundles - 	Entry: C:\Users\VICTUS\.p2\pool\plugins\org.eclipse.m2e.maven.runtime_3.9.900.20240824-1409\jars\plexus-classworlds-2.8.0.jar
2025-07-17 20:10:37,998 [Worker-11: Launching Executing clean in C__Niramalya_HealthSureClient] INFO  o.eclipse.m2e.core.internal.Bundles - 	Entry: C:\Users\VICTUS\.p2\pool\plugins\org.eclipse.m2e.maven.runtime_3.9.900.20240824-1409\jars\plexus-component-annotations-2.1.0.jar
2025-07-17 20:10:37,998 [Worker-11: Launching Executing clean in C__Niramalya_HealthSureClient] INFO  o.eclipse.m2e.core.internal.Bundles - 	Entry: C:\Users\VICTUS\.p2\pool\plugins\org.eclipse.m2e.maven.runtime_3.9.900.20240824-1409\jars\plexus-interpolation-1.27.jar
2025-07-17 20:10:37,998 [Worker-11: Launching Executing clean in C__Niramalya_HealthSureClient] INFO  o.eclipse.m2e.core.internal.Bundles - 	Entry: C:\Users\VICTUS\.p2\pool\plugins\org.eclipse.m2e.maven.runtime_3.9.900.20240824-1409\jars\plexus-sec-dispatcher-2.0.jar
2025-07-17 20:10:37,998 [Worker-11: Launching Executing clean in C__Niramalya_HealthSureClient] INFO  o.eclipse.m2e.core.internal.Bundles - 	Entry: C:\Users\VICTUS\.p2\pool\plugins\org.eclipse.m2e.maven.runtime_3.9.900.20240824-1409\jars\plexus-utils-3.5.1.jar
2025-07-17 20:10:37,999 [Worker-11: Launching Executing clean in C__Niramalya_HealthSureClient] INFO  o.eclipse.m2e.core.internal.Bundles - 	Entry: C:\Users\VICTUS\.p2\pool\plugins\org.eclipse.m2e.maven.runtime_3.9.900.20240824-1409\jars\plexus-xml-3.0.1.jar
2025-07-17 20:10:37,999 [Worker-11: Launching Executing clean in C__Niramalya_HealthSureClient] INFO  o.eclipse.m2e.core.internal.Bundles - 	Entry: C:\Users\VICTUS\.p2\pool\plugins\org.eclipse.m2e.maven.runtime_3.9.900.20240824-1409\jars\wagon-file-3.5.3.jar
2025-07-17 20:10:37,999 [Worker-11: Launching Executing clean in C__Niramalya_HealthSureClient] INFO  o.eclipse.m2e.core.internal.Bundles - 	Entry: C:\Users\VICTUS\.p2\pool\plugins\org.eclipse.m2e.maven.runtime_3.9.900.20240824-1409\jars\wagon-http-3.5.3.jar
2025-07-17 20:10:37,999 [Worker-11: Launching Executing clean in C__Niramalya_HealthSureClient] INFO  o.eclipse.m2e.core.internal.Bundles - 	Entry: C:\Users\VICTUS\.p2\pool\plugins\org.eclipse.m2e.maven.runtime_3.9.900.20240824-1409\jars\wagon-http-shared-3.5.3.jar
2025-07-17 20:10:37,999 [Worker-11: Launching Executing clean in C__Niramalya_HealthSureClient] INFO  o.eclipse.m2e.core.internal.Bundles - 	Entry: C:\Users\VICTUS\.p2\pool\plugins\org.eclipse.m2e.maven.runtime_3.9.900.20240824-1409\jars\wagon-provider-api-3.5.3.jar
2025-07-17 20:10:38,001 [Worker-11: Launching Executing clean in C__Niramalya_HealthSureClient] INFO  o.eclipse.m2e.core.internal.Bundles - getClasspathEntries(Bundle=com.google.guava_33.4.8.jre [1032])
2025-07-17 20:10:38,002 [Worker-11: Launching Executing clean in C__Niramalya_HealthSureClient] INFO  o.eclipse.m2e.core.internal.Bundles - 	Entry: C:\Users\VICTUS\.p2\pool\plugins\com.google.guava_33.4.8.jre.jar
2025-07-17 20:10:38,002 [Worker-11: Launching Executing clean in C__Niramalya_HealthSureClient] INFO  o.eclipse.m2e.core.internal.Bundles - getClasspathEntries(Bundle=slf4j.api_2.0.17 [1005])
2025-07-17 20:10:38,002 [Worker-11: Launching Executing clean in C__Niramalya_HealthSureClient] INFO  o.eclipse.m2e.core.internal.Bundles - 	Entry: C:\Users\VICTUS\.p2\pool\plugins\slf4j.api_2.0.17.jar
2025-07-17 20:10:38,002 [Worker-11: Launching Executing clean in C__Niramalya_HealthSureClient] INFO  o.eclipse.m2e.core.internal.Bundles - getClasspathEntries(Bundle=javax.inject_1.0.0.v20220405-0441 [1042])
2025-07-17 20:10:38,002 [Worker-11: Launching Executing clean in C__Niramalya_HealthSureClient] INFO  o.eclipse.m2e.core.internal.Bundles - 	Entry: C:\Users\VICTUS\.p2\pool\plugins\javax.inject_1.0.0.v20220405-0441.jar
2025-07-17 20:10:38,004 [Worker-11: Launching Executing clean in C__Niramalya_HealthSureClient] INFO  o.eclipse.m2e.core.internal.Bundles - getClasspathEntries(Bundle=javax.annotation_1.3.5.v20230504-0748 [1041])
2025-07-17 20:10:38,004 [Worker-11: Launching Executing clean in C__Niramalya_HealthSureClient] INFO  o.eclipse.m2e.core.internal.Bundles - 	Entry: C:\Users\VICTUS\.p2\pool\plugins\javax.annotation_1.3.5.v20230504-0748.jar
2025-07-17 20:10:38,004 [Worker-11: Launching Executing clean in C__Niramalya_HealthSureClient] INFO  o.eclipse.m2e.core.internal.Bundles - getClasspathEntries(Bundle=org.apache.commons.cli_1.9.0 [78])
2025-07-17 20:10:38,004 [Worker-11: Launching Executing clean in C__Niramalya_HealthSureClient] INFO  o.eclipse.m2e.core.internal.Bundles - 	Entry: C:\Users\VICTUS\.p2\pool\plugins\org.apache.commons.cli_1.9.0.jar
2025-07-17 20:10:38,004 [Worker-11: Launching Executing clean in C__Niramalya_HealthSureClient] INFO  o.eclipse.m2e.core.internal.Bundles - getClasspathEntries(Bundle=org.apache.commons.commons-codec_1.16.0 [81])
2025-07-17 20:10:38,005 [Worker-11: Launching Executing clean in C__Niramalya_HealthSureClient] INFO  o.eclipse.m2e.core.internal.Bundles - 	Entry: C:\Users\VICTUS\.p2\pool\plugins\org.apache.commons.commons-codec_1.16.0.jar
2025-07-17 20:10:38,005 [Worker-11: Launching Executing clean in C__Niramalya_HealthSureClient] INFO  o.eclipse.m2e.core.internal.Bundles - getClasspathEntries(Bundle=com.google.guava.failureaccess_1.0.3 [1033])
2025-07-17 20:10:38,005 [Worker-11: Launching Executing clean in C__Niramalya_HealthSureClient] INFO  o.eclipse.m2e.core.internal.Bundles - 	Entry: C:\Users\VICTUS\.p2\pool\plugins\com.google.guava.failureaccess_1.0.3.jar
2025-07-17 20:10:38,009 [Worker-11: Launching Executing clean in C__Niramalya_HealthSureClient] INFO  o.e.m.i.launch.MavenLaunchDelegate - Run build in "C:\Niramalya\HealthSureClient":
2025-07-17 20:10:38,015 [Worker-11: Launching Executing clean in C__Niramalya_HealthSureClient] INFO  o.e.m.i.launch.MavenLaunchDelegate -  mvn  -B -Dstyle.color=always clean
2025-07-17 20:10:41,512 [Worker-24: Building] INFO  o.a.m.s.f.DefaultMavenResourcesFiltering - skip non existing resourceDirectory C:\Niramalya\HealthSureClient\src\main\resources
2025-07-17 20:10:41,515 [Worker-24: Building] INFO  o.a.m.s.f.DefaultMavenResourcesFiltering - skip non existing resourceDirectory C:\Niramalya\HealthSureClient\src\test\resources
2025-07-17 20:10:41,516 [Worker-24: Building] INFO  o.e.m.w.i.f.ResourceFilteringBuildParticipant - Changed resources require a complete clean of filtered resources of HealthSureClient
2025-07-17 20:10:41,516 [Worker-24: Building] INFO  o.e.m.w.i.f.ResourceFilteringBuildParticipant - Executing resource filtering for HealthSureClient
2025-07-17 20:10:56,368 [Worker-24: Launching Executing install in C__Niramalya_HealthSureClient] INFO  o.eclipse.m2e.core.internal.Bundles - getClasspathEntries(Bundle=org.eclipse.m2e.maven.runtime_3.9.900.20240824-1409 [640])
2025-07-17 20:10:56,368 [Worker-24: Launching Executing install in C__Niramalya_HealthSureClient] INFO  o.eclipse.m2e.core.internal.Bundles - 	Entry: C:\Users\VICTUS\.p2\pool\plugins\org.eclipse.m2e.maven.runtime_3.9.900.20240824-1409
2025-07-17 20:10:56,369 [Worker-24: Launching Executing install in C__Niramalya_HealthSureClient] INFO  o.eclipse.m2e.core.internal.Bundles - 	Entry: C:\Users\VICTUS\.p2\pool\plugins\org.eclipse.m2e.maven.runtime_3.9.900.20240824-1409\jars\aopalliance-1.0.jar
2025-07-17 20:10:56,369 [Worker-24: Launching Executing install in C__Niramalya_HealthSureClient] INFO  o.eclipse.m2e.core.internal.Bundles - 	Entry: C:\Users\VICTUS\.p2\pool\plugins\org.eclipse.m2e.maven.runtime_3.9.900.20240824-1409\jars\guice-5.1.0.jar
2025-07-17 20:10:56,369 [Worker-24: Launching Executing install in C__Niramalya_HealthSureClient] INFO  o.eclipse.m2e.core.internal.Bundles - 	Entry: C:\Users\VICTUS\.p2\pool\plugins\org.eclipse.m2e.maven.runtime_3.9.900.20240824-1409\jars\httpclient-4.5.14.jar
2025-07-17 20:10:56,369 [Worker-24: Launching Executing install in C__Niramalya_HealthSureClient] INFO  o.eclipse.m2e.core.internal.Bundles - 	Entry: C:\Users\VICTUS\.p2\pool\plugins\org.eclipse.m2e.maven.runtime_3.9.900.20240824-1409\jars\httpcore-4.4.16.jar
2025-07-17 20:10:56,369 [Worker-24: Launching Executing install in C__Niramalya_HealthSureClient] INFO  o.eclipse.m2e.core.internal.Bundles - 	Entry: C:\Users\VICTUS\.p2\pool\plugins\org.eclipse.m2e.maven.runtime_3.9.900.20240824-1409\jars\jansi-2.4.1.jar
2025-07-17 20:10:56,370 [Worker-24: Launching Executing install in C__Niramalya_HealthSureClient] INFO  o.eclipse.m2e.core.internal.Bundles - 	Entry: C:\Users\VICTUS\.p2\pool\plugins\org.eclipse.m2e.maven.runtime_3.9.900.20240824-1409\jars\jcl-over-slf4j-1.7.36.jar
2025-07-17 20:10:56,371 [Worker-24: Launching Executing install in C__Niramalya_HealthSureClient] INFO  o.eclipse.m2e.core.internal.Bundles - 	Entry: C:\Users\VICTUS\.p2\pool\plugins\org.eclipse.m2e.maven.runtime_3.9.900.20240824-1409\jars\maven-artifact-3.9.9.jar
2025-07-17 20:10:56,371 [Worker-24: Launching Executing install in C__Niramalya_HealthSureClient] INFO  o.eclipse.m2e.core.internal.Bundles - 	Entry: C:\Users\VICTUS\.p2\pool\plugins\org.eclipse.m2e.maven.runtime_3.9.900.20240824-1409\jars\maven-builder-support-3.9.9.jar
2025-07-17 20:10:56,371 [Worker-24: Launching Executing install in C__Niramalya_HealthSureClient] INFO  o.eclipse.m2e.core.internal.Bundles - 	Entry: C:\Users\VICTUS\.p2\pool\plugins\org.eclipse.m2e.maven.runtime_3.9.900.20240824-1409\jars\maven-compat-3.9.9.jar
2025-07-17 20:10:56,371 [Worker-24: Launching Executing install in C__Niramalya_HealthSureClient] INFO  o.eclipse.m2e.core.internal.Bundles - 	Entry: C:\Users\VICTUS\.p2\pool\plugins\org.eclipse.m2e.maven.runtime_3.9.900.20240824-1409\jars\maven-core-3.9.9.jar
2025-07-17 20:10:56,371 [Worker-24: Launching Executing install in C__Niramalya_HealthSureClient] INFO  o.eclipse.m2e.core.internal.Bundles - 	Entry: C:\Users\VICTUS\.p2\pool\plugins\org.eclipse.m2e.maven.runtime_3.9.900.20240824-1409\jars\maven-embedder-3.9.9.jar
2025-07-17 20:10:56,371 [Worker-24: Launching Executing install in C__Niramalya_HealthSureClient] INFO  o.eclipse.m2e.core.internal.Bundles - 	Entry: C:\Users\VICTUS\.p2\pool\plugins\org.eclipse.m2e.maven.runtime_3.9.900.20240824-1409\jars\maven-model-3.9.9.jar
2025-07-17 20:10:56,372 [Worker-24: Launching Executing install in C__Niramalya_HealthSureClient] INFO  o.eclipse.m2e.core.internal.Bundles - 	Entry: C:\Users\VICTUS\.p2\pool\plugins\org.eclipse.m2e.maven.runtime_3.9.900.20240824-1409\jars\maven-model-builder-3.9.9.jar
2025-07-17 20:10:56,372 [Worker-24: Launching Executing install in C__Niramalya_HealthSureClient] INFO  o.eclipse.m2e.core.internal.Bundles - 	Entry: C:\Users\VICTUS\.p2\pool\plugins\org.eclipse.m2e.maven.runtime_3.9.900.20240824-1409\jars\maven-plugin-api-3.9.9.jar
2025-07-17 20:10:56,373 [Worker-24: Launching Executing install in C__Niramalya_HealthSureClient] INFO  o.eclipse.m2e.core.internal.Bundles - 	Entry: C:\Users\VICTUS\.p2\pool\plugins\org.eclipse.m2e.maven.runtime_3.9.900.20240824-1409\jars\maven-repository-metadata-3.9.9.jar
2025-07-17 20:10:56,373 [Worker-24: Launching Executing install in C__Niramalya_HealthSureClient] INFO  o.eclipse.m2e.core.internal.Bundles - 	Entry: C:\Users\VICTUS\.p2\pool\plugins\org.eclipse.m2e.maven.runtime_3.9.900.20240824-1409\jars\maven-resolver-api-1.9.22.jar
2025-07-17 20:10:56,373 [Worker-24: Launching Executing install in C__Niramalya_HealthSureClient] INFO  o.eclipse.m2e.core.internal.Bundles - 	Entry: C:\Users\VICTUS\.p2\pool\plugins\org.eclipse.m2e.maven.runtime_3.9.900.20240824-1409\jars\maven-resolver-connector-basic-1.9.22.jar
2025-07-17 20:10:56,373 [Worker-24: Launching Executing install in C__Niramalya_HealthSureClient] INFO  o.eclipse.m2e.core.internal.Bundles - 	Entry: C:\Users\VICTUS\.p2\pool\plugins\org.eclipse.m2e.maven.runtime_3.9.900.20240824-1409\jars\maven-resolver-impl-1.9.22.jar
2025-07-17 20:10:56,374 [Worker-24: Launching Executing install in C__Niramalya_HealthSureClient] INFO  o.eclipse.m2e.core.internal.Bundles - 	Entry: C:\Users\VICTUS\.p2\pool\plugins\org.eclipse.m2e.maven.runtime_3.9.900.20240824-1409\jars\maven-resolver-named-locks-1.9.22.jar
2025-07-17 20:10:56,374 [Worker-24: Launching Executing install in C__Niramalya_HealthSureClient] INFO  o.eclipse.m2e.core.internal.Bundles - 	Entry: C:\Users\VICTUS\.p2\pool\plugins\org.eclipse.m2e.maven.runtime_3.9.900.20240824-1409\jars\maven-resolver-provider-3.9.9.jar
2025-07-17 20:10:56,375 [Worker-24: Launching Executing install in C__Niramalya_HealthSureClient] INFO  o.eclipse.m2e.core.internal.Bundles - 	Entry: C:\Users\VICTUS\.p2\pool\plugins\org.eclipse.m2e.maven.runtime_3.9.900.20240824-1409\jars\maven-resolver-spi-1.9.22.jar
2025-07-17 20:10:56,375 [Worker-24: Launching Executing install in C__Niramalya_HealthSureClient] INFO  o.eclipse.m2e.core.internal.Bundles - 	Entry: C:\Users\VICTUS\.p2\pool\plugins\org.eclipse.m2e.maven.runtime_3.9.900.20240824-1409\jars\maven-resolver-transport-file-1.9.22.jar
2025-07-17 20:10:56,375 [Worker-24: Launching Executing install in C__Niramalya_HealthSureClient] INFO  o.eclipse.m2e.core.internal.Bundles - 	Entry: C:\Users\VICTUS\.p2\pool\plugins\org.eclipse.m2e.maven.runtime_3.9.900.20240824-1409\jars\maven-resolver-transport-http-1.9.22.jar
2025-07-17 20:10:56,375 [Worker-24: Launching Executing install in C__Niramalya_HealthSureClient] INFO  o.eclipse.m2e.core.internal.Bundles - 	Entry: C:\Users\VICTUS\.p2\pool\plugins\org.eclipse.m2e.maven.runtime_3.9.900.20240824-1409\jars\maven-resolver-transport-wagon-1.9.22.jar
2025-07-17 20:10:56,375 [Worker-24: Launching Executing install in C__Niramalya_HealthSureClient] INFO  o.eclipse.m2e.core.internal.Bundles - 	Entry: C:\Users\VICTUS\.p2\pool\plugins\org.eclipse.m2e.maven.runtime_3.9.900.20240824-1409\jars\maven-resolver-util-1.9.22.jar
2025-07-17 20:10:56,375 [Worker-24: Launching Executing install in C__Niramalya_HealthSureClient] INFO  o.eclipse.m2e.core.internal.Bundles - 	Entry: C:\Users\VICTUS\.p2\pool\plugins\org.eclipse.m2e.maven.runtime_3.9.900.20240824-1409\jars\maven-settings-3.9.9.jar
2025-07-17 20:10:56,375 [Worker-24: Launching Executing install in C__Niramalya_HealthSureClient] INFO  o.eclipse.m2e.core.internal.Bundles - 	Entry: C:\Users\VICTUS\.p2\pool\plugins\org.eclipse.m2e.maven.runtime_3.9.900.20240824-1409\jars\maven-settings-builder-3.9.9.jar
2025-07-17 20:10:56,375 [Worker-24: Launching Executing install in C__Niramalya_HealthSureClient] INFO  o.eclipse.m2e.core.internal.Bundles - 	Entry: C:\Users\VICTUS\.p2\pool\plugins\org.eclipse.m2e.maven.runtime_3.9.900.20240824-1409\jars\maven-shared-utils-3.4.2.jar
2025-07-17 20:10:56,376 [Worker-24: Launching Executing install in C__Niramalya_HealthSureClient] INFO  o.eclipse.m2e.core.internal.Bundles - 	Entry: C:\Users\VICTUS\.p2\pool\plugins\org.eclipse.m2e.maven.runtime_3.9.900.20240824-1409\jars\org.eclipse.sisu.inject-0.9.0.M3.jar
2025-07-17 20:10:56,377 [Worker-24: Launching Executing install in C__Niramalya_HealthSureClient] INFO  o.eclipse.m2e.core.internal.Bundles - 	Entry: C:\Users\VICTUS\.p2\pool\plugins\org.eclipse.m2e.maven.runtime_3.9.900.20240824-1409\jars\org.eclipse.sisu.plexus-0.9.0.M3.jar
2025-07-17 20:10:56,377 [Worker-24: Launching Executing install in C__Niramalya_HealthSureClient] INFO  o.eclipse.m2e.core.internal.Bundles - 	Entry: C:\Users\VICTUS\.p2\pool\plugins\org.eclipse.m2e.maven.runtime_3.9.900.20240824-1409\jars\plexus-build-api-0.0.7.jar
2025-07-17 20:10:56,377 [Worker-24: Launching Executing install in C__Niramalya_HealthSureClient] INFO  o.eclipse.m2e.core.internal.Bundles - 	Entry: C:\Users\VICTUS\.p2\pool\plugins\org.eclipse.m2e.maven.runtime_3.9.900.20240824-1409\jars\plexus-build-api-1.2.0.jar
2025-07-17 20:10:56,377 [Worker-24: Launching Executing install in C__Niramalya_HealthSureClient] INFO  o.eclipse.m2e.core.internal.Bundles - 	Entry: C:\Users\VICTUS\.p2\pool\plugins\org.eclipse.m2e.maven.runtime_3.9.900.20240824-1409\jars\plexus-cipher-2.0.jar
2025-07-17 20:10:56,378 [Worker-24: Launching Executing install in C__Niramalya_HealthSureClient] INFO  o.eclipse.m2e.core.internal.Bundles - 	Entry: C:\Users\VICTUS\.p2\pool\plugins\org.eclipse.m2e.maven.runtime_3.9.900.20240824-1409\jars\plexus-classworlds-2.8.0.jar
2025-07-17 20:10:56,378 [Worker-24: Launching Executing install in C__Niramalya_HealthSureClient] INFO  o.eclipse.m2e.core.internal.Bundles - 	Entry: C:\Users\VICTUS\.p2\pool\plugins\org.eclipse.m2e.maven.runtime_3.9.900.20240824-1409\jars\plexus-component-annotations-2.1.0.jar
2025-07-17 20:10:56,378 [Worker-24: Launching Executing install in C__Niramalya_HealthSureClient] INFO  o.eclipse.m2e.core.internal.Bundles - 	Entry: C:\Users\VICTUS\.p2\pool\plugins\org.eclipse.m2e.maven.runtime_3.9.900.20240824-1409\jars\plexus-interpolation-1.27.jar
2025-07-17 20:10:56,378 [Worker-24: Launching Executing install in C__Niramalya_HealthSureClient] INFO  o.eclipse.m2e.core.internal.Bundles - 	Entry: C:\Users\VICTUS\.p2\pool\plugins\org.eclipse.m2e.maven.runtime_3.9.900.20240824-1409\jars\plexus-sec-dispatcher-2.0.jar
2025-07-17 20:10:56,378 [Worker-24: Launching Executing install in C__Niramalya_HealthSureClient] INFO  o.eclipse.m2e.core.internal.Bundles - 	Entry: C:\Users\VICTUS\.p2\pool\plugins\org.eclipse.m2e.maven.runtime_3.9.900.20240824-1409\jars\plexus-utils-3.5.1.jar
2025-07-17 20:10:56,378 [Worker-24: Launching Executing install in C__Niramalya_HealthSureClient] INFO  o.eclipse.m2e.core.internal.Bundles - 	Entry: C:\Users\VICTUS\.p2\pool\plugins\org.eclipse.m2e.maven.runtime_3.9.900.20240824-1409\jars\plexus-xml-3.0.1.jar
2025-07-17 20:10:56,379 [Worker-24: Launching Executing install in C__Niramalya_HealthSureClient] INFO  o.eclipse.m2e.core.internal.Bundles - 	Entry: C:\Users\VICTUS\.p2\pool\plugins\org.eclipse.m2e.maven.runtime_3.9.900.20240824-1409\jars\wagon-file-3.5.3.jar
2025-07-17 20:10:56,379 [Worker-24: Launching Executing install in C__Niramalya_HealthSureClient] INFO  o.eclipse.m2e.core.internal.Bundles - 	Entry: C:\Users\VICTUS\.p2\pool\plugins\org.eclipse.m2e.maven.runtime_3.9.900.20240824-1409\jars\wagon-http-3.5.3.jar
2025-07-17 20:10:56,379 [Worker-24: Launching Executing install in C__Niramalya_HealthSureClient] INFO  o.eclipse.m2e.core.internal.Bundles - 	Entry: C:\Users\VICTUS\.p2\pool\plugins\org.eclipse.m2e.maven.runtime_3.9.900.20240824-1409\jars\wagon-http-shared-3.5.3.jar
2025-07-17 20:10:56,379 [Worker-24: Launching Executing install in C__Niramalya_HealthSureClient] INFO  o.eclipse.m2e.core.internal.Bundles - 	Entry: C:\Users\VICTUS\.p2\pool\plugins\org.eclipse.m2e.maven.runtime_3.9.900.20240824-1409\jars\wagon-provider-api-3.5.3.jar
2025-07-17 20:10:56,379 [Worker-24: Launching Executing install in C__Niramalya_HealthSureClient] INFO  o.eclipse.m2e.core.internal.Bundles - getClasspathEntries(Bundle=com.google.guava_33.4.8.jre [1032])
2025-07-17 20:10:56,379 [Worker-24: Launching Executing install in C__Niramalya_HealthSureClient] INFO  o.eclipse.m2e.core.internal.Bundles - 	Entry: C:\Users\VICTUS\.p2\pool\plugins\com.google.guava_33.4.8.jre.jar
2025-07-17 20:10:56,379 [Worker-24: Launching Executing install in C__Niramalya_HealthSureClient] INFO  o.eclipse.m2e.core.internal.Bundles - getClasspathEntries(Bundle=slf4j.api_2.0.17 [1005])
2025-07-17 20:10:56,380 [Worker-24: Launching Executing install in C__Niramalya_HealthSureClient] INFO  o.eclipse.m2e.core.internal.Bundles - 	Entry: C:\Users\VICTUS\.p2\pool\plugins\slf4j.api_2.0.17.jar
2025-07-17 20:10:56,380 [Worker-24: Launching Executing install in C__Niramalya_HealthSureClient] INFO  o.eclipse.m2e.core.internal.Bundles - getClasspathEntries(Bundle=javax.inject_1.0.0.v20220405-0441 [1042])
2025-07-17 20:10:56,380 [Worker-24: Launching Executing install in C__Niramalya_HealthSureClient] INFO  o.eclipse.m2e.core.internal.Bundles - 	Entry: C:\Users\VICTUS\.p2\pool\plugins\javax.inject_1.0.0.v20220405-0441.jar
2025-07-17 20:10:56,380 [Worker-24: Launching Executing install in C__Niramalya_HealthSureClient] INFO  o.eclipse.m2e.core.internal.Bundles - getClasspathEntries(Bundle=javax.annotation_1.3.5.v20230504-0748 [1041])
2025-07-17 20:10:56,380 [Worker-24: Launching Executing install in C__Niramalya_HealthSureClient] INFO  o.eclipse.m2e.core.internal.Bundles - 	Entry: C:\Users\VICTUS\.p2\pool\plugins\javax.annotation_1.3.5.v20230504-0748.jar
2025-07-17 20:10:56,380 [Worker-24: Launching Executing install in C__Niramalya_HealthSureClient] INFO  o.eclipse.m2e.core.internal.Bundles - getClasspathEntries(Bundle=org.apache.commons.cli_1.9.0 [78])
2025-07-17 20:10:56,380 [Worker-24: Launching Executing install in C__Niramalya_HealthSureClient] INFO  o.eclipse.m2e.core.internal.Bundles - 	Entry: C:\Users\VICTUS\.p2\pool\plugins\org.apache.commons.cli_1.9.0.jar
2025-07-17 20:10:56,381 [Worker-24: Launching Executing install in C__Niramalya_HealthSureClient] INFO  o.eclipse.m2e.core.internal.Bundles - getClasspathEntries(Bundle=org.apache.commons.commons-codec_1.16.0 [81])
2025-07-17 20:10:56,381 [Worker-24: Launching Executing install in C__Niramalya_HealthSureClient] INFO  o.eclipse.m2e.core.internal.Bundles - 	Entry: C:\Users\VICTUS\.p2\pool\plugins\org.apache.commons.commons-codec_1.16.0.jar
2025-07-17 20:10:56,381 [Worker-24: Launching Executing install in C__Niramalya_HealthSureClient] INFO  o.eclipse.m2e.core.internal.Bundles - getClasspathEntries(Bundle=com.google.guava.failureaccess_1.0.3 [1033])
2025-07-17 20:10:56,382 [Worker-24: Launching Executing install in C__Niramalya_HealthSureClient] INFO  o.eclipse.m2e.core.internal.Bundles - 	Entry: C:\Users\VICTUS\.p2\pool\plugins\com.google.guava.failureaccess_1.0.3.jar
2025-07-17 20:10:56,383 [Worker-24: Launching Executing install in C__Niramalya_HealthSureClient] INFO  o.e.m.i.launch.MavenLaunchDelegate - Run build in "C:\Niramalya\HealthSureClient":
2025-07-17 20:10:56,383 [Worker-24: Launching Executing install in C__Niramalya_HealthSureClient] INFO  o.e.m.i.launch.MavenLaunchDelegate -  mvn  -B -Dstyle.color=always install
2025-07-17 20:11:52,478 [Worker-18: Building] INFO  o.a.m.s.f.DefaultMavenResourcesFiltering - skip non existing resourceDirectory C:\Niramalya\HealthSureClient\src\main\resources
2025-07-17 20:11:52,481 [Worker-18: Building] INFO  o.a.m.s.f.DefaultMavenResourcesFiltering - skip non existing resourceDirectory C:\Niramalya\HealthSureClient\src\test\resources
2025-07-17 20:24:48,533 [Worker-5: Loading available Gradle versions] INFO  o.e.b.c.i.u.g.PublishedGradleVersions - Gradle version information cache is not available. Remote download required.
2025-07-17 20:25:05,443 [Worker-10: Building] WARN  o.a.m.r.i.DefaultArtifactDescriptorReader - 1 problem was encountered while building the effective model for org.javassist:javassist:jar:3.18.1-GA during dependency collection step for project (use -X to see details)
2025-07-17 20:29:44,910 [Worker-2: Loading available Gradle versions] INFO  o.e.b.c.i.u.g.PublishedGradleVersions - Gradle version information cache is up-to-date. Trying to read.
2025-07-17 20:29:58,995 [Worker-3: Building] WARN  o.a.m.r.i.DefaultArtifactDescriptorReader - 1 problem was encountered while building the effective model for org.javassist:javassist:jar:3.18.1-GA during dependency collection step for project (use -X to see details)
2025-07-17 21:45:15,590 [Worker-51: Building] INFO  o.a.m.s.f.DefaultMavenResourcesFiltering - skip non existing resourceDirectory C:\Niramalya\HealthSureClient\src\main\resources
2025-07-17 21:45:15,597 [Worker-51: Building] INFO  o.a.m.s.f.DefaultMavenResourcesFiltering - skip non existing resourceDirectory C:\Niramalya\HealthSureClient\src\test\resources
2025-07-17 21:51:11,510 [Worker-56: Building] INFO  o.a.m.s.f.DefaultMavenResourcesFiltering - Copying 0 resource from src\main\resources to target\classes
2025-07-17 21:51:11,514 [Worker-56: Building] INFO  o.a.m.s.f.DefaultMavenResourcesFiltering - Copying 0 resource from src\test\resources to target\test-classes
2025-07-17 21:51:25,357 [Worker-45: Updating Maven Project] INFO  o.e.m.c.i.p.ProjectConfigurationManager - Update started
2025-07-17 21:51:28,452 [Worker-45: Updating Maven Project] INFO  o.e.m.c.i.l.LifecycleMappingFactory - Using org.maven.ide.eclipse.wtp.WarLifecycleMapping lifecycle mapping for MavenProject: infinite:HealthSureClient:0.0.1-SNAPSHOT @ C:\Niramalya\HealthSureClient\pom.xml.
2025-07-17 21:51:34,898 [Worker-45: Updating Maven Project] WARN  o.a.m.r.i.DefaultArtifactDescriptorReader - 1 problem was encountered while building the effective model for org.javassist:javassist:jar:3.18.1-GA during dependency collection step for project (use -X to see details)
2025-07-17 21:51:36,530 [Worker-45: Updating Maven Project] INFO  o.e.m.j.i.AbstractJavaProjectConfigurator - Adding source folder /HealthSureClient/src/main/java
2025-07-17 21:51:36,532 [Worker-45: Updating Maven Project] INFO  o.e.m.j.i.AbstractJavaProjectConfigurator - Adding resource folder /HealthSureClient/src/main/resources
2025-07-17 21:51:36,552 [Worker-45: Updating Maven Project] INFO  o.e.m.j.i.AbstractJavaProjectConfigurator - Adding source folder /HealthSureClient/src/test/java
2025-07-17 21:51:36,553 [Worker-45: Updating Maven Project] INFO  o.e.m.j.i.AbstractJavaProjectConfigurator - Adding resource folder /HealthSureClient/src/test/resources
2025-07-17 21:51:37,105 [Worker-45: Updating Maven Project] INFO  o.e.m.w.i.f.ResourceFilteringBuildParticipant - Cleaning filtered folder for HealthSureClient
2025-07-17 21:51:37,141 [Worker-45: Updating Maven Project] INFO  o.e.m.c.i.p.ProjectConfigurationManager - Update completed for 1 poms: local refresh takes 0.00 sec, refresh facades takes 11.00 sec, update config takes 0.00 sec 
2025-07-17 21:51:41,667 [Worker-56: Building] INFO  o.a.m.s.f.DefaultMavenResourcesFiltering - Copying 0 resource from src\main\resources to target\classes
2025-07-17 21:51:41,671 [Worker-56: Building] INFO  o.a.m.s.f.DefaultMavenResourcesFiltering - Copying 0 resource from src\test\resources to target\test-classes
2025-07-17 21:51:41,671 [Worker-56: Building] INFO  o.e.m.w.i.f.ResourceFilteringBuildParticipant - Changed resources require a complete clean of filtered resources of HealthSureClient
2025-07-17 21:51:41,671 [Worker-56: Building] INFO  o.e.m.w.i.f.ResourceFilteringBuildParticipant - Executing resource filtering for HealthSureClient
2025-07-17 21:53:23,590 [Worker-56: Building] INFO  o.a.m.s.f.DefaultMavenResourcesFiltering - Copying 0 resource from src\main\resources to target\classes
2025-07-17 21:53:23,594 [Worker-56: Building] INFO  o.a.m.s.f.DefaultMavenResourcesFiltering - Copying 0 resource from src\test\resources to target\test-classes
2025-07-17 21:55:40,441 [Worker-3: Loading available Gradle versions] INFO  o.e.b.c.i.u.g.PublishedGradleVersions - Gradle version information cache is up-to-date. Trying to read.
2025-07-17 21:55:49,631 [Worker-4: Building] WARN  o.a.m.r.i.DefaultArtifactDescriptorReader - 1 problem was encountered while building the effective model for org.javassist:javassist:jar:3.18.1-GA during dependency collection step for project (use -X to see details)
